#
# There is insufficient memory for the Java Runtime Environment to continue.
# Native memory allocation (malloc) failed to allocate 2094736 bytes. Error detail: Chunk::new
# Possible reasons:
#   The system is out of physical RAM or swap space
#   This process is running with CompressedOops enabled, and the Java Heap may be blocking the growth of the native heap
# Possible solutions:
#   Reduce memory load on the system
#   Increase physical memory or swap space
#   Check if swap backing store is full
#   Decrease Java heap size (-Xmx/-Xms)
#   Decrease number of Java threads
#   Decrease Java thread stack sizes (-Xss)
#   Set larger code cache with -XX:ReservedCodeCacheSize=
#   JVM is running with Zero Based Compressed Oops mode in which the Java heap is
#     placed in the first 32GB address space. The Java Heap base address is the
#     maximum limit for the native heap growth. Please use -XX:HeapBaseMinAddress
#     to set the Java Heap base and to place the Java Heap above 32GB virtual address.
# This output file may be truncated or incomplete.
#
#  Out of Memory Error (arena.cpp:168), pid=81408, tid=148080
#
# JRE version: OpenJDK Runtime Environment (21.0.10) (build 21.0.10+-14961533-b1163.108)
# Java VM: OpenJDK 64-Bit Server VM (21.0.10+-14961533-b1163.108, mixed mode, tiered, compressed oops, compressed class ptrs, g1 gc, windows-amd64)
# No core dump will be written. Minidumps are not enabled by default on client versions of Windows
#

---------------  S U M M A R Y ------------

Command Line: --add-opens=java.base/java.lang=ALL-UNNAMED --add-opens=java.base/java.lang.invoke=ALL-UNNAMED --add-opens=java.base/java.util=ALL-UNNAMED --add-opens=java.prefs/java.util.prefs=ALL-UNNAMED --add-exports=jdk.compiler/com.sun.tools.javac.api=ALL-UNNAMED --add-exports=jdk.compiler/com.sun.tools.javac.util=ALL-UNNAMED --add-opens=java.base/java.util=ALL-UNNAMED --add-opens=java.prefs/java.util.prefs=ALL-UNNAMED --add-opens=java.base/java.nio.charset=ALL-UNNAMED --add-opens=java.base/java.net=ALL-UNNAMED --add-opens=java.base/java.util.concurrent=ALL-UNNAMED --add-opens=java.base/java.util.concurrent.atomic=ALL-UNNAMED --add-opens=java.xml/javax.xml.namespace=ALL-UNNAMED --add-opens=java.base/java.time=ALL-UNNAMED -Xmx4g -Dfile.encoding=UTF-8 -Duser.country=US -Duser.language=en -Duser.variant -javaagent:C:\Users\AKUMA\.gradle\wrapper\dists\gradle-9.3.1-all\9ot9r568e8zfvvd4mn8rbu1j0\gradle-9.3.1\lib\agents\gradle-instrumentation-agent-9.3.1.jar org.gradle.launcher.daemon.bootstrap.GradleDaemon 9.3.1

Host: Intel(R) Core(TM) i5-3317U CPU @ 1.70GHz, 4 cores, 3G,  Windows 10 , 64 bit Build 19041 (10.0.19041.5915)
Time: Mon Aug  3 22:18:08 2026 W. Central Africa Standard Time elapsed time: 248.539331 seconds (0d 0h 4m 8s)

---------------  T H R E A D  ---------------

Current thread (0x000001c4542c1190):  JavaThread "C2 CompilerThread0" daemon [_thread_in_native, id=148080, stack(0x0000009045b00000,0x0000009045c00000) (1024K)]


Current CompileTask:
C2:248543 23118       4       com.android.tools.r8.internal.ca2::a (3042 bytes)

Stack: [0x0000009045b00000,0x0000009045c00000]
Native frames: (J=compiled Java code, j=interpreted, Vv=VM code, C=native code)
V  [jvm.dll+0x6d78a9]
V  [jvm.dll+0x8665b3]
V  [jvm.dll+0x868bde]
V  [jvm.dll+0x8692c3]
V  [jvm.dll+0x280ee6]
V  [jvm.dll+0xc07cd]
V  [jvm.dll+0xc0d03]
V  [jvm.dll+0x2f6170]
V  [jvm.dll+0x6003e9]
V  [jvm.dll+0x252ce2]
V  [jvm.dll+0x25309f]
V  [jvm.dll+0x24b845]
V  [jvm.dll+0x24909e]
V  [jvm.dll+0x1c76e4]
V  [jvm.dll+0x25891e]
V  [jvm.dll+0x256e66]
V  [jvm.dll+0x3f513e]
V  [jvm.dll+0x80fd28]
V  [jvm.dll+0x6d60fd]
C  [ucrtbase.dll+0x21bb2]
C  [KERNEL32.DLL+0x17374]
C  [ntdll.dll+0x4cc91]


---------------  P R O C E S S  ---------------

Threads class SMR info:
_java_thread_list=0x000001c45c584550, length=98, elements={
0x000001c4384ee100, 0x000001c45427ad60, 0x000001c45429a270, 0x000001c45429d0e0,
0x000001c4542b15b0, 0x000001c4542b2010, 0x000001c4542b2a70, 0x000001c4542b54e0,
0x000001c4542c1190, 0x000001c4542e2780, 0x000001c454620d80, 0x000001c45ac07840,
0x000001c45a69b720, 0x000001c454993760, 0x000001c454521b30, 0x000001c45af51f80,
0x000001c45aceb9e0, 0x000001c45ad16950, 0x000001c45ad162c0, 0x000001c45ad16fe0,
0x000001c45ad17670, 0x000001c45ad14f10, 0x000001c45ad15c30, 0x000001c45ad155a0,
0x000001c454d35480, 0x000001c454d31970, 0x000001c454d34760, 0x000001c454d305c0,
0x000001c454d361a0, 0x000001c454d36830, 0x000001c454d36ec0, 0x000001c454d32000,
0x000001c454d32690, 0x000001c454d37550, 0x000001c454d333b0, 0x000001c454d32d20,
0x000001c454d30c50, 0x000001c454d34df0, 0x000001c454d312e0, 0x000001c454d33a40,
0x000001c45b6285b0, 0x000001c45b623d80, 0x000001c45b62a680, 0x000001c45b6236f0,
0x000001c45b628c40, 0x000001c45b627890, 0x000001c45b626b70, 0x000001c45b62ad10,
0x000001c45b624aa0, 0x000001c45b629960, 0x000001c45b625130, 0x000001c45b6257c0,
0x000001c45b629ff0, 0x000001c45b624410, 0x000001c45b625e50, 0x000001c45b6264e0,
0x000001c45b627200, 0x000001c45cb709d0, 0x000001c45cb71d80, 0x000001c45cb72410,
0x000001c45cb71060, 0x000001c45cb72aa0, 0x000001c45e4cb380, 0x000001c45e4c9940,
0x000001c45e4c92b0, 0x000001c45e4ca660, 0x000001c45e4c9fd0, 0x000001c45e4ccdc0,
0x000001c45e4ce170, 0x000001c45e4cacf0, 0x000001c45e4cba10, 0x000001c45e4cc0a0,
0x000001c45e4cd450, 0x000001c454e4e550, 0x000001c454e475c0, 0x000001c454e4bdf0,
0x000001c454e4c480, 0x000001c454e49d20, 0x000001c454e482e0, 0x000001c454e46f30,
0x000001c454e4b760, 0x000001c454e4cb10, 0x000001c454e4d1a0, 0x000001c454e4d830,
0x000001c454e47c50, 0x000001c454e4a3b0, 0x000001c454e48970, 0x000001c454e4dec0,
0x000001c463d8dca0, 0x000001c463d8fd70, 0x000001c463d8d610, 0x000001c45e4c8c20,
0x000001c454e4b0d0, 0x000001c465b6f0e0, 0x000001c465b6fe00, 0x000001c465b74630,
0x000001c465b71840, 0x000001c45dc23b20
}

Java Threads: ( => current thread )
  0x000001c4384ee100 JavaThread "main"                              [_thread_blocked, id=147488, stack(0x0000009044c00000,0x0000009044d00000) (1024K)]
  0x000001c45427ad60 JavaThread "Common-Cleaner"             daemon [_thread_blocked, id=148076, stack(0x0000009045400000,0x0000009045500000) (1024K)]
  0x000001c45429a270 JavaThread "Reference Handler"          daemon [_thread_blocked, id=138296, stack(0x0000009045500000,0x0000009045600000) (1024K)]
  0x000001c45429d0e0 JavaThread "Finalizer"                  daemon [_thread_blocked, id=15104, stack(0x0000009045600000,0x0000009045700000) (1024K)]
  0x000001c4542b15b0 JavaThread "Signal Dispatcher"          daemon [_thread_blocked, id=146968, stack(0x0000009045700000,0x0000009045800000) (1024K)]
  0x000001c4542b2010 JavaThread "Attach Listener"            daemon [_thread_blocked, id=146964, stack(0x0000009045800000,0x0000009045900000) (1024K)]
  0x000001c4542b2a70 JavaThread "Service Thread"             daemon [_thread_blocked, id=15636, stack(0x0000009045900000,0x0000009045a00000) (1024K)]
  0x000001c4542b54e0 JavaThread "Monitor Deflation Thread"   daemon [_thread_blocked, id=14660, stack(0x0000009045a00000,0x0000009045b00000) (1024K)]
=>0x000001c4542c1190 JavaThread "C2 CompilerThread0"         daemon [_thread_in_native, id=148080, stack(0x0000009045b00000,0x0000009045c00000) (1024K)]
  0x000001c4542e2780 JavaThread "C1 CompilerThread0"         daemon [_thread_blocked, id=145688, stack(0x0000009045c00000,0x0000009045d00000) (1024K)]
  0x000001c454620d80 JavaThread "Notification Thread"        daemon [_thread_blocked, id=148444, stack(0x0000009045d00000,0x0000009045e00000) (1024K)]
  0x000001c45ac07840 JavaThread "Daemon health stats"               [_thread_blocked, id=146320, stack(0x0000009046100000,0x0000009046200000) (1024K)]
  0x000001c45a69b720 JavaThread "Incoming local TCP Connector on port 54037"        [_thread_in_native, id=11636, stack(0x0000009046200000,0x0000009046300000) (1024K)]
  0x000001c454993760 JavaThread "Daemon periodic checks"            [_thread_blocked, id=143916, stack(0x0000009046300000,0x0000009046400000) (1024K)]
  0x000001c454521b30 JavaThread "Daemon"                            [_thread_blocked, id=146476, stack(0x0000009046400000,0x0000009046500000) (1024K)]
  0x000001c45af51f80 JavaThread "Handler for socket connection from /127.0.0.1:54037 to /127.0.0.1:54038"        [_thread_in_native, id=3660, stack(0x0000009046500000,0x0000009046600000) (1024K)]
  0x000001c45aceb9e0 JavaThread "Cancel handler"                    [_thread_blocked, id=4568, stack(0x0000009046600000,0x0000009046700000) (1024K)]
  0x000001c45ad16950 JavaThread "Daemon worker"                     [_thread_blocked, id=10952, stack(0x0000009046700000,0x0000009046800000) (1024K)]
  0x000001c45ad162c0 JavaThread "Asynchronous log dispatcher for DefaultDaemonConnection: socket connection from /127.0.0.1:54037 to /127.0.0.1:54038"        [_thread_blocked, id=13356, stack(0x0000009046800000,0x0000009046900000) (1024K)]
  0x000001c45ad16fe0 JavaThread "Stdin handler"                     [_thread_blocked, id=15616, stack(0x0000009046900000,0x0000009046a00000) (1024K)]
  0x000001c45ad17670 JavaThread "Daemon client event forwarder"        [_thread_blocked, id=11632, stack(0x0000009046a00000,0x0000009046b00000) (1024K)]
  0x000001c45ad14f10 JavaThread "Cache worker for journal cache (C:\Users\AKUMA\.gradle\caches\journal-1)"        [_thread_blocked, id=15632, stack(0x0000009046b00000,0x0000009046c00000) (1024K)]
  0x000001c45ad15c30 JavaThread "File lock request listener"        [_thread_in_native, id=146716, stack(0x0000009046c00000,0x0000009046d00000) (1024K)]
  0x000001c45ad155a0 JavaThread "Cache worker for file hash cache (C:\Users\AKUMA\.gradle\caches\9.3.1\fileHashes)"        [_thread_blocked, id=146704, stack(0x0000009046d00000,0x0000009046e00000) (1024K)]
  0x000001c454d35480 JavaThread "Cache worker for file hash cache (F:\local-music-player\.gradle\9.3.1\fileHashes)"        [_thread_blocked, id=147808, stack(0x0000009046e00000,0x0000009046f00000) (1024K)]
  0x000001c454d31970 JavaThread "Cache worker for checksums cache (F:\local-music-player\.gradle\9.3.1\checksums)"        [_thread_blocked, id=17268, stack(0x0000009046f00000,0x0000009047000000) (1024K)]
  0x000001c454d34760 JavaThread "Cache worker for Build Output Cleanup Cache (F:\local-music-player\.gradle\buildOutputCleanup)"        [_thread_blocked, id=142124, stack(0x0000009047000000,0x0000009047100000) (1024K)]
  0x000001c454d305c0 JavaThread "Cache worker for file content cache (C:\Users\AKUMA\.gradle\caches\9.3.1\fileContent)"        [_thread_blocked, id=77756, stack(0x0000009047100000,0x0000009047200000) (1024K)]
  0x000001c454d361a0 JavaThread "File watcher server"        daemon [_thread_in_native, id=106972, stack(0x0000009047200000,0x0000009047300000) (1024K)]
  0x000001c454d36830 JavaThread "File watcher consumer"      daemon [_thread_blocked, id=147432, stack(0x0000009047300000,0x0000009047400000) (1024K)]
  0x000001c454d36ec0 JavaThread "Cache worker for cache directory md-supplier (C:\Users\AKUMA\.gradle\caches\9.3.1\md-supplier)"        [_thread_blocked, id=148032, stack(0x0000009047400000,0x0000009047500000) (1024K)]
  0x000001c454d32000 JavaThread "Cache worker for cache directory md-rule (C:\Users\AKUMA\.gradle\caches\9.3.1\md-rule)"        [_thread_blocked, id=147260, stack(0x0000009047500000,0x0000009047600000) (1024K)]
  0x000001c454d32690 JavaThread "jar transforms"                    [_thread_blocked, id=145624, stack(0x0000009047600000,0x0000009047700000) (1024K)]
  0x000001c454d37550 JavaThread "jar transforms Thread 2"           [_thread_blocked, id=147356, stack(0x0000009047700000,0x0000009047800000) (1024K)]
  0x000001c454d333b0 JavaThread "jar transforms Thread 3"           [_thread_blocked, id=146036, stack(0x0000009047800000,0x0000009047900000) (1024K)]
  0x000001c454d32d20 JavaThread "Unconstrained build operations"        [_thread_blocked, id=146816, stack(0x0000009047900000,0x0000009047a00000) (1024K)]
  0x000001c454d30c50 JavaThread "Unconstrained build operations Thread 2"        [_thread_blocked, id=146952, stack(0x0000009047a00000,0x0000009047b00000) (1024K)]
  0x000001c454d34df0 JavaThread "Unconstrained build operations Thread 3"        [_thread_blocked, id=107412, stack(0x0000009047b00000,0x0000009047c00000) (1024K)]
  0x000001c454d312e0 JavaThread "Unconstrained build operations Thread 4"        [_thread_blocked, id=146724, stack(0x0000009047c00000,0x0000009047d00000) (1024K)]
  0x000001c454d33a40 JavaThread "Unconstrained build operations Thread 5"        [_thread_blocked, id=126104, stack(0x0000009047d00000,0x0000009047e00000) (1024K)]
  0x000001c45b6285b0 JavaThread "Unconstrained build operations Thread 6"        [_thread_blocked, id=147524, stack(0x0000009047e00000,0x0000009047f00000) (1024K)]
  0x000001c45b623d80 JavaThread "jar transforms Thread 4"           [_thread_blocked, id=146448, stack(0x0000009047f00000,0x0000009048000000) (1024K)]
  0x000001c45b62a680 JavaThread "Unconstrained build operations Thread 7"        [_thread_blocked, id=144728, stack(0x0000009048000000,0x0000009048100000) (1024K)]
  0x000001c45b6236f0 JavaThread "Unconstrained build operations Thread 8"        [_thread_blocked, id=147948, stack(0x0000009048100000,0x0000009048200000) (1024K)]
  0x000001c45b628c40 JavaThread "Unconstrained build operations Thread 9"        [_thread_blocked, id=147316, stack(0x0000009048200000,0x0000009048300000) (1024K)]
  0x000001c45b627890 JavaThread "Unconstrained build operations Thread 10"        [_thread_blocked, id=146148, stack(0x0000009048400000,0x0000009048500000) (1024K)]
  0x000001c45b626b70 JavaThread "Unconstrained build operations Thread 11"        [_thread_blocked, id=146688, stack(0x0000009048500000,0x0000009048600000) (1024K)]
  0x000001c45b62ad10 JavaThread "Unconstrained build operations Thread 12"        [_thread_in_Java, id=146264, stack(0x0000009048600000,0x0000009048700000) (1024K)]
  0x000001c45b624aa0 JavaThread "Configuration cache report writer"        [_thread_blocked, id=13600, stack(0x0000009048700000,0x0000009048800000) (1024K)]
  0x000001c45b629960 JavaThread "Unconstrained build operations Thread 13"        [_thread_blocked, id=147624, stack(0x0000009044a00000,0x0000009044b00000) (1024K)]
  0x000001c45b625130 JavaThread "Unconstrained build operations Thread 14"        [_thread_blocked, id=147552, stack(0x0000009048800000,0x0000009048900000) (1024K)]
  0x000001c45b6257c0 JavaThread "Unconstrained build operations Thread 15"        [_thread_blocked, id=104284, stack(0x0000009048900000,0x0000009048a00000) (1024K)]
  0x000001c45b629ff0 JavaThread "Unconstrained build operations Thread 16"        [_thread_blocked, id=145852, stack(0x0000009048a00000,0x0000009048b00000) (1024K)]
  0x000001c45b624410 JavaThread "Unconstrained build operations Thread 17"        [_thread_blocked, id=15592, stack(0x0000009048b00000,0x0000009048c00000) (1024K)]
  0x000001c45b625e50 JavaThread "Unconstrained build operations Thread 18"        [_thread_blocked, id=147076, stack(0x0000009048c00000,0x0000009048d00000) (1024K)]
  0x000001c45b6264e0 JavaThread "Unconstrained build operations Thread 19"        [_thread_blocked, id=88212, stack(0x0000009048d00000,0x0000009048e00000) (1024K)]
  0x000001c45b627200 JavaThread "Unconstrained build operations Thread 20"        [_thread_blocked, id=15640, stack(0x0000009048e00000,0x0000009048f00000) (1024K)]
  0x000001c45cb709d0 JavaThread "Unconstrained build operations Thread 21"        [_thread_blocked, id=147916, stack(0x0000009048f00000,0x0000009049000000) (1024K)]
  0x000001c45cb71d80 JavaThread "build event listener"              [_thread_blocked, id=134120, stack(0x0000009049000000,0x0000009049100000) (1024K)]
  0x000001c45cb72410 JavaThread "Memory manager"                    [_thread_blocked, id=146684, stack(0x0000009049100000,0x0000009049200000) (1024K)]
  0x000001c45cb71060 JavaThread "build event listener"              [_thread_blocked, id=93020, stack(0x0000009044800000,0x0000009044900000) (1024K)]
  0x000001c45cb72aa0 JavaThread "Build operations"                  [_thread_blocked, id=146508, stack(0x0000009044900000,0x0000009044a00000) (1024K)]
  0x000001c45e4cb380 JavaThread "Unconstrained build operations Thread 22"        [_thread_blocked, id=2020, stack(0x0000009049200000,0x0000009049300000) (1024K)]
  0x000001c45e4c9940 JavaThread "Unconstrained build operations Thread 23"        [_thread_blocked, id=17024, stack(0x0000009049300000,0x0000009049400000) (1024K)]
  0x000001c45e4c92b0 JavaThread "Unconstrained build operations Thread 24"        [_thread_blocked, id=143772, stack(0x0000009049400000,0x0000009049500000) (1024K)]
  0x000001c45e4ca660 JavaThread "Unconstrained build operations Thread 25"        [_thread_blocked, id=42332, stack(0x0000009049500000,0x0000009049600000) (1024K)]
  0x000001c45e4c9fd0 JavaThread "Unconstrained build operations Thread 26"        [_thread_blocked, id=91628, stack(0x0000009049600000,0x0000009049700000) (1024K)]
  0x000001c45e4ccdc0 JavaThread "Unconstrained build operations Thread 27"        [_thread_blocked, id=146740, stack(0x0000009049700000,0x0000009049800000) (1024K)]
  0x000001c45e4ce170 JavaThread "Unconstrained build operations Thread 28"        [_thread_blocked, id=147112, stack(0x0000009049800000,0x0000009049900000) (1024K)]
  0x000001c45e4cacf0 JavaThread "Unconstrained build operations Thread 29"        [_thread_blocked, id=13892, stack(0x0000009049900000,0x0000009049a00000) (1024K)]
  0x000001c45e4cba10 JavaThread "Unconstrained build operations Thread 30"        [_thread_blocked, id=108984, stack(0x0000009049a00000,0x0000009049b00000) (1024K)]
  0x000001c45e4cc0a0 JavaThread "Unconstrained build operations Thread 31"        [_thread_blocked, id=145052, stack(0x0000009049b00000,0x0000009049c00000) (1024K)]
  0x000001c45e4cd450 JavaThread "Unconstrained build operations Thread 32"        [_thread_blocked, id=2560, stack(0x0000009049c00000,0x0000009049d00000) (1024K)]
  0x000001c454e4e550 JavaThread "Build operations Thread 2"         [_thread_blocked, id=17460, stack(0x000000904a100000,0x000000904a200000) (1024K)]
  0x000001c454e475c0 JavaThread "included builds"                   [_thread_blocked, id=148096, stack(0x000000904a000000,0x000000904a100000) (1024K)]
  0x000001c454e4bdf0 JavaThread "Execution worker"                  [_thread_blocked, id=147816, stack(0x000000904a200000,0x000000904a300000) (1024K)]
  0x000001c454e4c480 JavaThread "Execution worker Thread 2"         [_thread_in_Java, id=144788, stack(0x000000904a300000,0x000000904a400000) (1024K)]
  0x000001c454e49d20 JavaThread "Execution worker Thread 3"         [_thread_in_Java, id=141448, stack(0x000000904a400000,0x000000904a500000) (1024K)]
  0x000001c454e482e0 JavaThread "Cache worker for execution history cache (F:\local-music-player\.gradle\9.3.1\executionHistory)"        [_thread_blocked, id=144920, stack(0x000000904a500000,0x000000904a600000) (1024K)]
  0x000001c454e46f30 JavaThread "Unconstrained build operations Thread 33"        [_thread_blocked, id=89864, stack(0x000000904a600000,0x000000904a700000) (1024K)]
  0x000001c454e4b760 JavaThread "Unconstrained build operations Thread 34"        [_thread_blocked, id=147984, stack(0x000000904a700000,0x000000904a800000) (1024K)]
  0x000001c454e4cb10 JavaThread "Unconstrained build operations Thread 35"        [_thread_blocked, id=10876, stack(0x000000904a800000,0x000000904a900000) (1024K)]
  0x000001c454e4d1a0 JavaThread "Unconstrained build operations Thread 36"        [_thread_blocked, id=10032, stack(0x000000904a900000,0x000000904aa00000) (1024K)]
  0x000001c454e4d830 JavaThread "Unconstrained build operations Thread 37"        [_thread_blocked, id=145612, stack(0x000000904aa00000,0x000000904ab00000) (1024K)]
  0x000001c454e47c50 JavaThread "Unconstrained build operations Thread 38"        [_thread_blocked, id=13464, stack(0x000000904ab00000,0x000000904ac00000) (1024K)]
  0x000001c454e4a3b0 JavaThread "Unconstrained build operations Thread 39"        [_thread_blocked, id=147096, stack(0x000000904ac00000,0x000000904ad00000) (1024K)]
  0x000001c454e48970 JavaThread "Unconstrained build operations Thread 40"        [_thread_blocked, id=143768, stack(0x000000904ad00000,0x000000904ae00000) (1024K)]
  0x000001c454e4dec0 JavaThread "WorkerExecutor Queue"              [_thread_in_Java, id=10348, stack(0x000000904ae00000,0x000000904af00000) (1024K)]
  0x000001c463d8dca0 JavaThread "WorkerExecutor Queue Thread 2"        [_thread_blocked, id=93744, stack(0x000000904b100000,0x000000904b200000) (1024K)]
  0x000001c463d8fd70 JavaThread "WorkerExecutor Queue Thread 3"        [_thread_blocked, id=147124, stack(0x000000904b200000,0x000000904b300000) (1024K)]
  0x000001c463d8d610 JavaThread "WorkerExecutor Queue Thread 4"        [_thread_blocked, id=147800, stack(0x000000904b300000,0x000000904b400000) (1024K)]
  0x000001c45e4c8c20 JavaThread "Java2D Disposer"            daemon [_thread_blocked, id=141824, stack(0x000000904b400000,0x000000904b500000) (1024K)]
  0x000001c454e4b0d0 JavaThread "AWT-Windows"                daemon [_thread_in_native, id=148416, stack(0x000000904b600000,0x000000904b700000) (1024K)]
  0x000001c465b6f0e0 JavaThread "DefaultDispatcher-worker-1" daemon [_thread_blocked, id=69204, stack(0x000000904b500000,0x000000904b600000) (1024K)]
  0x000001c465b6fe00 JavaThread "DefaultDispatcher-worker-2" daemon [_thread_blocked, id=146892, stack(0x000000904b700000,0x000000904b800000) (1024K)]
  0x000001c465b74630 JavaThread "DefaultDispatcher-worker-3" daemon [_thread_blocked, id=145604, stack(0x000000904b800000,0x000000904b900000) (1024K)]
  0x000001c465b71840 JavaThread "DefaultDispatcher-worker-4" daemon [_thread_blocked, id=147980, stack(0x000000904b900000,0x000000904ba00000) (1024K)]
  0x000001c45dc23b20 JavaThread "C2 CompilerThread1"         daemon [_thread_in_native, id=105096, stack(0x000000904ba00000,0x000000904bb00000) (1024K)]
Total: 98

Other Threads:
  0x000001c45411b820 VMThread "VM Thread"                           [id=147376, stack(0x0000009045300000,0x0000009045400000) (1024K)]
  0x000001c45408b390 WatcherThread "VM Periodic Task Thread"        [id=14272, stack(0x0000009045200000,0x0000009045300000) (1024K)]
  0x000001c43ab36e00 WorkerThread "GC Thread#0"                     [id=141784, stack(0x0000009044d00000,0x0000009044e00000) (1024K)]
  0x000001c45489e5b0 WorkerThread "GC Thread#1"                     [id=11532, stack(0x0000009045e00000,0x0000009045f00000) (1024K)]
  0x000001c4546827a0 WorkerThread "GC Thread#2"                     [id=13576, stack(0x0000009045f00000,0x0000009046000000) (1024K)]
  0x000001c4547e9110 WorkerThread "GC Thread#3"                     [id=10704, stack(0x0000009046000000,0x0000009046100000) (1024K)]
  0x000001c43ab49ae0 ConcurrentGCThread "G1 Main Marker"            [id=148464, stack(0x0000009044e00000,0x0000009044f00000) (1024K)]
  0x000001c43ab4a5f0 WorkerThread "G1 Conc#0"                       [id=147760, stack(0x0000009044f00000,0x0000009045000000) (1024K)]
  0x000001c453f5beb0 ConcurrentGCThread "G1 Refine#0"               [id=13016, stack(0x0000009045000000,0x0000009045100000) (1024K)]
  0x000001c453f5ca30 ConcurrentGCThread "G1 Service"                [id=92760, stack(0x0000009045100000,0x0000009045200000) (1024K)]
Total: 10

Threads with active compile tasks:
C2 CompilerThread0  250412 23118       4       com.android.tools.r8.internal.ca2::a (3042 bytes)
C2 CompilerThread1  250412 23107 %     4       com.android.tools.r8.internal.ca2::a @ 1135 (2026 bytes)
Total: 2

VM state: not at safepoint (normal execution)

VM Mutex/Monitor currently owned by a thread: None

Heap address: 0x0000000700000000, size: 4096 MB, Compressed Oops mode: Zero based, Oop shift amount: 3

CDS archive(s) not mapped
Compressed class space mapped at: 0x0000000800000000-0x0000000840000000, reserved size: 1073741824
Narrow klass base: 0x0000000800000000, Narrow klass shift: 0, Narrow klass range: 0x40000000

GC Precious Log:
 CardTable entry size: 512
 Card Set container configuration: InlinePtr #cards 4 size 8 Array Of Cards #cards 16 size 48 Howl #buckets 8 coarsen threshold 3686 Howl Bitmap #cards 512 size 80 coarsen threshold 460 Card regions per heap region 1 cards per card region 4096
 CPUs: 4 total, 4 available
 Memory: 3998M
 Large Page Support: Disabled
 NUMA Support: Disabled
 Compressed Oops: Enabled (Zero based)
 Heap Region Size: 2M
 Heap Min Capacity: 8M
 Heap Initial Capacity: 64M
 Heap Max Capacity: 4G
 Pre-touch: Disabled
 Parallel Workers: 4
 Concurrent Workers: 1
 Concurrent Refinement Workers: 4
 Periodic GC: Disabled

Heap:
 garbage-first heap   total 573440K, used 414720K [0x0000000700000000, 0x0000000800000000)
  region size 2048K, 94 young (192512K), 4 survivors (8192K)
 Metaspace       used 168903K, committed 171776K, reserved 1245184K
  class space    used 23564K, committed 24960K, reserved 1048576K

Heap Regions: E=young(eden), S=young(survivor), O=old, HS=humongous(starts), HC=humongous(continues), CS=collection set, F=free, TAMS=top-at-mark-start, PB=parsable bottom
|   0|0x0000000700000000, 0x0000000700200000, 0x0000000700200000|100%|HS|  |TAMS 0x0000000700000000| PB 0x0000000700000000| Complete 
|   1|0x0000000700200000, 0x0000000700400000, 0x0000000700400000|100%|HC|  |TAMS 0x0000000700200000| PB 0x0000000700200000| Complete 
|   2|0x0000000700400000, 0x0000000700600000, 0x0000000700600000|100%| O|  |TAMS 0x0000000700400000| PB 0x0000000700400000| Untracked 
|   3|0x0000000700600000, 0x0000000700800000, 0x0000000700800000|100%| O|  |TAMS 0x0000000700600000| PB 0x0000000700600000| Untracked 
|   4|0x0000000700800000, 0x0000000700a00000, 0x0000000700a00000|100%| O|  |TAMS 0x0000000700800000| PB 0x0000000700800000| Untracked 
|   5|0x0000000700a00000, 0x0000000700c00000, 0x0000000700c00000|100%| O|  |TAMS 0x0000000700a00000| PB 0x0000000700a00000| Untracked 
|   6|0x0000000700c00000, 0x0000000700e00000, 0x0000000700e00000|100%| O|  |TAMS 0x0000000700c00000| PB 0x0000000700c00000| Untracked 
|   7|0x0000000700e00000, 0x0000000701000000, 0x0000000701000000|100%| O|  |TAMS 0x0000000700e00000| PB 0x0000000700e00000| Untracked 
|   8|0x0000000701000000, 0x0000000701200000, 0x0000000701200000|100%| O|  |TAMS 0x0000000701000000| PB 0x0000000701000000| Untracked 
|   9|0x0000000701200000, 0x0000000701400000, 0x0000000701400000|100%| O|  |TAMS 0x0000000701200000| PB 0x0000000701200000| Untracked 
|  10|0x0000000701400000, 0x0000000701600000, 0x0000000701600000|100%| O|  |TAMS 0x0000000701400000| PB 0x0000000701400000| Untracked 
|  11|0x0000000701600000, 0x0000000701800000, 0x0000000701800000|100%| O|  |TAMS 0x0000000701600000| PB 0x0000000701600000| Untracked 
|  12|0x0000000701800000, 0x0000000701a00000, 0x0000000701a00000|100%| O|  |TAMS 0x0000000701800000| PB 0x0000000701800000| Untracked 
|  13|0x0000000701a00000, 0x0000000701c00000, 0x0000000701c00000|100%| O|  |TAMS 0x0000000701a00000| PB 0x0000000701a00000| Untracked 
|  14|0x0000000701c00000, 0x0000000701e00000, 0x0000000701e00000|100%| O|  |TAMS 0x0000000701c00000| PB 0x0000000701c00000| Untracked 
|  15|0x0000000701e00000, 0x0000000702000000, 0x0000000702000000|100%| O|  |TAMS 0x0000000701e00000| PB 0x0000000701e00000| Untracked 
|  16|0x0000000702000000, 0x0000000702200000, 0x0000000702200000|100%|HS|  |TAMS 0x0000000702000000| PB 0x0000000702000000| Complete 
|  17|0x0000000702200000, 0x0000000702400000, 0x0000000702400000|100%| O|  |TAMS 0x0000000702200000| PB 0x0000000702200000| Untracked 
|  18|0x0000000702400000, 0x0000000702600000, 0x0000000702600000|100%| O|  |TAMS 0x0000000702400000| PB 0x0000000702400000| Untracked 
|  19|0x0000000702600000, 0x0000000702800000, 0x0000000702800000|100%| O|  |TAMS 0x0000000702600000| PB 0x0000000702600000| Untracked 
|  20|0x0000000702800000, 0x0000000702a00000, 0x0000000702a00000|100%| O|  |TAMS 0x0000000702800000| PB 0x0000000702800000| Untracked 
|  21|0x0000000702a00000, 0x0000000702c00000, 0x0000000702c00000|100%| O|  |TAMS 0x0000000702a00000| PB 0x0000000702a00000| Untracked 
|  22|0x0000000702c00000, 0x0000000702e00000, 0x0000000702e00000|100%| O|  |TAMS 0x0000000702c00000| PB 0x0000000702c00000| Untracked 
|  23|0x0000000702e00000, 0x0000000703000000, 0x0000000703000000|100%| O|  |TAMS 0x0000000702e00000| PB 0x0000000702e00000| Untracked 
|  24|0x0000000703000000, 0x0000000703200000, 0x0000000703200000|100%| O|  |TAMS 0x0000000703000000| PB 0x0000000703000000| Untracked 
|  25|0x0000000703200000, 0x0000000703400000, 0x0000000703400000|100%| O|  |TAMS 0x0000000703200000| PB 0x0000000703200000| Untracked 
|  26|0x0000000703400000, 0x0000000703600000, 0x0000000703600000|100%| O|  |TAMS 0x0000000703400000| PB 0x0000000703400000| Untracked 
|  27|0x0000000703600000, 0x0000000703800000, 0x0000000703800000|100%|HS|  |TAMS 0x0000000703600000| PB 0x0000000703600000| Complete 
|  28|0x0000000703800000, 0x0000000703a00000, 0x0000000703a00000|100%| O|  |TAMS 0x0000000703800000| PB 0x0000000703800000| Untracked 
|  29|0x0000000703a00000, 0x0000000703c00000, 0x0000000703c00000|100%| O|  |TAMS 0x0000000703a00000| PB 0x0000000703a00000| Untracked 
|  30|0x0000000703c00000, 0x0000000703e00000, 0x0000000703e00000|100%| O|  |TAMS 0x0000000703c00000| PB 0x0000000703c00000| Untracked 
|  31|0x0000000703e00000, 0x0000000704000000, 0x0000000704000000|100%| O|  |TAMS 0x0000000703e00000| PB 0x0000000703e00000| Untracked 
|  32|0x0000000704000000, 0x0000000704200000, 0x0000000704200000|100%| O|  |TAMS 0x0000000704000000| PB 0x0000000704000000| Untracked 
|  33|0x0000000704200000, 0x0000000704400000, 0x0000000704400000|100%| O|  |TAMS 0x0000000704200000| PB 0x0000000704200000| Untracked 
|  34|0x0000000704400000, 0x0000000704600000, 0x0000000704600000|100%| O|  |TAMS 0x0000000704400000| PB 0x0000000704400000| Untracked 
|  35|0x0000000704600000, 0x0000000704800000, 0x0000000704800000|100%| O|  |TAMS 0x0000000704600000| PB 0x0000000704600000| Untracked 
|  36|0x0000000704800000, 0x0000000704a00000, 0x0000000704a00000|100%|HS|  |TAMS 0x0000000704800000| PB 0x0000000704800000| Complete 
|  37|0x0000000704a00000, 0x0000000704c00000, 0x0000000704c00000|100%| O|  |TAMS 0x0000000704a00000| PB 0x0000000704a00000| Untracked 
|  38|0x0000000704c00000, 0x0000000704e00000, 0x0000000704e00000|100%| O|  |TAMS 0x0000000704c00000| PB 0x0000000704c00000| Untracked 
|  39|0x0000000704e00000, 0x0000000705000000, 0x0000000705000000|100%| O|  |TAMS 0x0000000704e00000| PB 0x0000000704e00000| Untracked 
|  40|0x0000000705000000, 0x0000000705200000, 0x0000000705200000|100%| O|  |TAMS 0x0000000705000000| PB 0x0000000705000000| Untracked 
|  41|0x0000000705200000, 0x0000000705400000, 0x0000000705400000|100%| O|  |TAMS 0x0000000705200000| PB 0x0000000705200000| Untracked 
|  42|0x0000000705400000, 0x0000000705600000, 0x0000000705600000|100%| O|  |TAMS 0x0000000705400000| PB 0x0000000705400000| Untracked 
|  43|0x0000000705600000, 0x0000000705800000, 0x0000000705800000|100%| O|  |TAMS 0x0000000705600000| PB 0x0000000705600000| Untracked 
|  44|0x0000000705800000, 0x0000000705a00000, 0x0000000705a00000|100%| O|  |TAMS 0x0000000705800000| PB 0x0000000705800000| Untracked 
|  45|0x0000000705a00000, 0x0000000705c00000, 0x0000000705c00000|100%| O|  |TAMS 0x0000000705a00000| PB 0x0000000705a00000| Untracked 
|  46|0x0000000705c00000, 0x0000000705e00000, 0x0000000705e00000|100%| O|  |TAMS 0x0000000705c00000| PB 0x0000000705c00000| Untracked 
|  47|0x0000000705e00000, 0x0000000706000000, 0x0000000706000000|100%| O|  |TAMS 0x0000000705e00000| PB 0x0000000705e00000| Untracked 
|  48|0x0000000706000000, 0x0000000706200000, 0x0000000706200000|100%| O|  |TAMS 0x0000000706000000| PB 0x0000000706000000| Untracked 
|  49|0x0000000706200000, 0x0000000706400000, 0x0000000706400000|100%| O|  |TAMS 0x0000000706200000| PB 0x0000000706200000| Untracked 
|  50|0x0000000706400000, 0x0000000706600000, 0x0000000706600000|100%| O|  |TAMS 0x0000000706400000| PB 0x0000000706400000| Untracked 
|  51|0x0000000706600000, 0x0000000706800000, 0x0000000706800000|100%| O|  |TAMS 0x0000000706600000| PB 0x0000000706600000| Untracked 
|  52|0x0000000706800000, 0x0000000706a00000, 0x0000000706a00000|100%| O|  |TAMS 0x0000000706800000| PB 0x0000000706800000| Untracked 
|  53|0x0000000706a00000, 0x0000000706c00000, 0x0000000706c00000|100%| O|  |TAMS 0x0000000706a00000| PB 0x0000000706a00000| Untracked 
|  54|0x0000000706c00000, 0x0000000706e00000, 0x0000000706e00000|100%| O|  |TAMS 0x0000000706c00000| PB 0x0000000706c00000| Untracked 
|  55|0x0000000706e00000, 0x0000000707000000, 0x0000000707000000|100%| O|  |TAMS 0x0000000706e00000| PB 0x0000000706e00000| Untracked 
|  56|0x0000000707000000, 0x0000000707200000, 0x0000000707200000|100%| O|  |TAMS 0x0000000707000000| PB 0x0000000707000000| Untracked 
|  57|0x0000000707200000, 0x0000000707400000, 0x0000000707400000|100%| O|  |TAMS 0x0000000707200000| PB 0x0000000707200000| Untracked 
|  58|0x0000000707400000, 0x0000000707600000, 0x0000000707600000|100%| O|  |TAMS 0x0000000707400000| PB 0x0000000707400000| Untracked 
|  59|0x0000000707600000, 0x0000000707800000, 0x0000000707800000|100%| O|Cm|TAMS 0x0000000707600000| PB 0x0000000707600000| Complete 
|  60|0x0000000707800000, 0x0000000707a00000, 0x0000000707a00000|100%| O|  |TAMS 0x0000000707800000| PB 0x0000000707800000| Untracked 
|  61|0x0000000707a00000, 0x0000000707c00000, 0x0000000707c00000|100%| O|  |TAMS 0x0000000707a00000| PB 0x0000000707a00000| Untracked 
|  62|0x0000000707c00000, 0x0000000707e00000, 0x0000000707e00000|100%| O|  |TAMS 0x0000000707c00000| PB 0x0000000707c00000| Untracked 
|  63|0x0000000707e00000, 0x0000000708000000, 0x0000000708000000|100%| O|  |TAMS 0x0000000707e00000| PB 0x0000000707e00000| Untracked 
|  64|0x0000000708000000, 0x0000000708200000, 0x0000000708200000|100%| O|  |TAMS 0x0000000708000000| PB 0x0000000708000000| Untracked 
|  65|0x0000000708200000, 0x0000000708400000, 0x0000000708400000|100%| O|  |TAMS 0x0000000708200000| PB 0x0000000708200000| Untracked 
|  66|0x0000000708400000, 0x0000000708600000, 0x0000000708600000|100%| O|  |TAMS 0x0000000708400000| PB 0x0000000708400000| Untracked 
|  67|0x0000000708600000, 0x0000000708800000, 0x0000000708800000|100%| O|  |TAMS 0x0000000708600000| PB 0x0000000708600000| Untracked 
|  68|0x0000000708800000, 0x0000000708a00000, 0x0000000708a00000|100%| O|  |TAMS 0x0000000708800000| PB 0x0000000708800000| Untracked 
|  69|0x0000000708a00000, 0x0000000708c00000, 0x0000000708c00000|100%| O|  |TAMS 0x0000000708a00000| PB 0x0000000708a00000| Untracked 
|  70|0x0000000708c00000, 0x0000000708e00000, 0x0000000708e00000|100%| O|  |TAMS 0x0000000708c00000| PB 0x0000000708c00000| Untracked 
|  71|0x0000000708e00000, 0x0000000709000000, 0x0000000709000000|100%|HS|  |TAMS 0x0000000708e00000| PB 0x0000000708e00000| Complete 
|  72|0x0000000709000000, 0x0000000709200000, 0x0000000709200000|100%|HC|  |TAMS 0x0000000709000000| PB 0x0000000709000000| Complete 
|  73|0x0000000709200000, 0x0000000709400000, 0x0000000709400000|100%|HC|  |TAMS 0x0000000709200000| PB 0x0000000709200000| Complete 
|  74|0x0000000709400000, 0x0000000709600000, 0x0000000709600000|100%| O|  |TAMS 0x0000000709400000| PB 0x0000000709400000| Untracked 
|  75|0x0000000709600000, 0x0000000709800000, 0x0000000709800000|100%| O|  |TAMS 0x0000000709600000| PB 0x0000000709600000| Untracked 
|  76|0x0000000709800000, 0x0000000709a00000, 0x0000000709a00000|100%| O|  |TAMS 0x0000000709800000| PB 0x0000000709800000| Untracked 
|  77|0x0000000709a00000, 0x0000000709c00000, 0x0000000709c00000|100%| O|  |TAMS 0x0000000709a00000| PB 0x0000000709a00000| Untracked 
|  78|0x0000000709c00000, 0x0000000709e00000, 0x0000000709e00000|100%| O|  |TAMS 0x0000000709c00000| PB 0x0000000709c00000| Untracked 
|  79|0x0000000709e00000, 0x000000070a000000, 0x000000070a000000|100%| O|  |TAMS 0x0000000709e00000| PB 0x0000000709e00000| Untracked 
|  80|0x000000070a000000, 0x000000070a200000, 0x000000070a200000|100%| O|  |TAMS 0x000000070a000000| PB 0x000000070a000000| Untracked 
|  81|0x000000070a200000, 0x000000070a400000, 0x000000070a400000|100%| O|  |TAMS 0x000000070a200000| PB 0x000000070a200000| Untracked 
|  82|0x000000070a400000, 0x000000070a600000, 0x000000070a600000|100%| O|  |TAMS 0x000000070a400000| PB 0x000000070a400000| Untracked 
|  83|0x000000070a600000, 0x000000070a800000, 0x000000070a800000|100%| O|  |TAMS 0x000000070a600000| PB 0x000000070a600000| Untracked 
|  84|0x000000070a800000, 0x000000070aa00000, 0x000000070aa00000|100%| O|  |TAMS 0x000000070a800000| PB 0x000000070a800000| Untracked 
|  85|0x000000070aa00000, 0x000000070ac00000, 0x000000070ac00000|100%| O|  |TAMS 0x000000070aa00000| PB 0x000000070aa00000| Untracked 
|  86|0x000000070ac00000, 0x000000070ae00000, 0x000000070ae00000|100%| O|  |TAMS 0x000000070ac00000| PB 0x000000070ac00000| Untracked 
|  87|0x000000070ae00000, 0x000000070b000000, 0x000000070b000000|100%| O|  |TAMS 0x000000070ae00000| PB 0x000000070ae00000| Untracked 
|  88|0x000000070b000000, 0x000000070b200000, 0x000000070b200000|100%| O|  |TAMS 0x000000070b000000| PB 0x000000070b000000| Untracked 
|  89|0x000000070b200000, 0x000000070b400000, 0x000000070b400000|100%| O|  |TAMS 0x000000070b200000| PB 0x000000070b200000| Untracked 
|  90|0x000000070b400000, 0x000000070b600000, 0x000000070b600000|100%| O|  |TAMS 0x000000070b400000| PB 0x000000070b400000| Untracked 
|  91|0x000000070b600000, 0x000000070b800000, 0x000000070b800000|100%| O|  |TAMS 0x000000070b600000| PB 0x000000070b600000| Untracked 
|  92|0x000000070b800000, 0x000000070ba00000, 0x000000070ba00000|100%| O|  |TAMS 0x000000070b800000| PB 0x000000070b800000| Untracked 
|  93|0x000000070ba00000, 0x000000070bc00000, 0x000000070bc00000|100%| O|  |TAMS 0x000000070ba00000| PB 0x000000070ba00000| Untracked 
|  94|0x000000070bc00000, 0x000000070be00000, 0x000000070be00000|100%| O|  |TAMS 0x000000070bc00000| PB 0x000000070bc00000| Untracked 
|  95|0x000000070be00000, 0x000000070c000000, 0x000000070c000000|100%| O|Cm|TAMS 0x000000070be00000| PB 0x000000070be00000| Complete 
|  96|0x000000070c000000, 0x000000070c000000, 0x000000070c200000|  0%| F|  |TAMS 0x000000070c000000| PB 0x000000070c000000| Untracked 
|  97|0x000000070c200000, 0x000000070c400000, 0x000000070c400000|100%| O|  |TAMS 0x000000070c200000| PB 0x000000070c200000| Untracked 
|  98|0x000000070c400000, 0x000000070c600000, 0x000000070c600000|100%| O|  |TAMS 0x000000070c400000| PB 0x000000070c400000| Untracked 
|  99|0x000000070c600000, 0x000000070c800000, 0x000000070c800000|100%| O|  |TAMS 0x000000070c600000| PB 0x000000070c600000| Untracked 
| 100|0x000000070c800000, 0x000000070c800000, 0x000000070ca00000|  0%| F|  |TAMS 0x000000070c800000| PB 0x000000070c800000| Untracked 
| 101|0x000000070ca00000, 0x000000070ca00000, 0x000000070cc00000|  0%| F|  |TAMS 0x000000070ca00000| PB 0x000000070ca00000| Untracked 
| 102|0x000000070cc00000, 0x000000070cc00000, 0x000000070ce00000|  0%| F|  |TAMS 0x000000070cc00000| PB 0x000000070cc00000| Untracked 
| 103|0x000000070ce00000, 0x000000070d000000, 0x000000070d000000|100%| O|  |TAMS 0x000000070ce00000| PB 0x000000070ce00000| Untracked 
| 104|0x000000070d000000, 0x000000070d200000, 0x000000070d200000|100%| O|  |TAMS 0x000000070d000000| PB 0x000000070d000000| Untracked 
| 105|0x000000070d200000, 0x000000070d400000, 0x000000070d400000|100%| O|  |TAMS 0x000000070d200000| PB 0x000000070d200000| Untracked 
| 106|0x000000070d400000, 0x000000070d600000, 0x000000070d600000|100%| O|  |TAMS 0x000000070d400000| PB 0x000000070d400000| Untracked 
| 107|0x000000070d600000, 0x000000070d800000, 0x000000070d800000|100%| O|  |TAMS 0x000000070d600000| PB 0x000000070d600000| Untracked 
| 108|0x000000070d800000, 0x000000070da00000, 0x000000070da00000|100%| O|  |TAMS 0x000000070d800000| PB 0x000000070d800000| Untracked 
| 109|0x000000070da00000, 0x000000070dc00000, 0x000000070dc00000|100%| O|  |TAMS 0x000000070da00000| PB 0x000000070da00000| Untracked 
| 110|0x000000070dc00000, 0x000000070dc00000, 0x000000070de00000|  0%| F|  |TAMS 0x000000070dc00000| PB 0x000000070dc00000| Untracked 
| 111|0x000000070de00000, 0x000000070de00000, 0x000000070e000000|  0%| F|  |TAMS 0x000000070de00000| PB 0x000000070de00000| Untracked 
| 112|0x000000070e000000, 0x000000070e000000, 0x000000070e200000|  0%| F|  |TAMS 0x000000070e000000| PB 0x000000070e000000| Untracked 
| 113|0x000000070e200000, 0x000000070e200000, 0x000000070e400000|  0%| F|  |TAMS 0x000000070e200000| PB 0x000000070e200000| Untracked 
| 114|0x000000070e400000, 0x000000070e400000, 0x000000070e600000|  0%| F|  |TAMS 0x000000070e400000| PB 0x000000070e400000| Untracked 
| 115|0x000000070e600000, 0x000000070e600000, 0x000000070e800000|  0%| F|  |TAMS 0x000000070e600000| PB 0x000000070e600000| Untracked 
| 116|0x000000070e800000, 0x000000070e800000, 0x000000070ea00000|  0%| F|  |TAMS 0x000000070e800000| PB 0x000000070e800000| Untracked 
| 117|0x000000070ea00000, 0x000000070ec00000, 0x000000070ec00000|100%| O|  |TAMS 0x000000070ea00000| PB 0x000000070ea00000| Untracked 
| 118|0x000000070ec00000, 0x000000070ed00000, 0x000000070ee00000| 50%| O|  |TAMS 0x000000070ec00000| PB 0x000000070ec00000| Untracked 
| 119|0x000000070ee00000, 0x000000070ee00000, 0x000000070f000000|  0%| F|  |TAMS 0x000000070ee00000| PB 0x000000070ee00000| Untracked 
| 120|0x000000070f000000, 0x000000070f000000, 0x000000070f200000|  0%| F|  |TAMS 0x000000070f000000| PB 0x000000070f000000| Untracked 
| 121|0x000000070f200000, 0x000000070f200000, 0x000000070f400000|  0%| F|  |TAMS 0x000000070f200000| PB 0x000000070f200000| Untracked 
| 122|0x000000070f400000, 0x000000070f400000, 0x000000070f600000|  0%| F|  |TAMS 0x000000070f400000| PB 0x000000070f400000| Untracked 
| 123|0x000000070f600000, 0x000000070f600000, 0x000000070f800000|  0%| F|  |TAMS 0x000000070f600000| PB 0x000000070f600000| Untracked 
| 124|0x000000070f800000, 0x000000070f800000, 0x000000070fa00000|  0%| F|  |TAMS 0x000000070f800000| PB 0x000000070f800000| Untracked 
| 125|0x000000070fa00000, 0x000000070fa00000, 0x000000070fc00000|  0%| F|  |TAMS 0x000000070fa00000| PB 0x000000070fa00000| Untracked 
| 126|0x000000070fc00000, 0x000000070fc00000, 0x000000070fe00000|  0%| F|  |TAMS 0x000000070fc00000| PB 0x000000070fc00000| Untracked 
| 127|0x000000070fe00000, 0x000000070fe00000, 0x0000000710000000|  0%| F|  |TAMS 0x000000070fe00000| PB 0x000000070fe00000| Untracked 
| 128|0x0000000710000000, 0x0000000710000000, 0x0000000710200000|  0%| F|  |TAMS 0x0000000710000000| PB 0x0000000710000000| Untracked 
| 129|0x0000000710200000, 0x0000000710200000, 0x0000000710400000|  0%| F|  |TAMS 0x0000000710200000| PB 0x0000000710200000| Untracked 
| 130|0x0000000710400000, 0x0000000710400000, 0x0000000710600000|  0%| F|  |TAMS 0x0000000710400000| PB 0x0000000710400000| Untracked 
| 131|0x0000000710600000, 0x0000000710600000, 0x0000000710800000|  0%| F|  |TAMS 0x0000000710600000| PB 0x0000000710600000| Untracked 
| 132|0x0000000710800000, 0x0000000710800000, 0x0000000710a00000|  0%| F|  |TAMS 0x0000000710800000| PB 0x0000000710800000| Untracked 
| 133|0x0000000710a00000, 0x0000000710a00000, 0x0000000710c00000|  0%| F|  |TAMS 0x0000000710a00000| PB 0x0000000710a00000| Untracked 
| 134|0x0000000710c00000, 0x0000000710c00000, 0x0000000710e00000|  0%| F|  |TAMS 0x0000000710c00000| PB 0x0000000710c00000| Untracked 
| 135|0x0000000710e00000, 0x0000000710e00000, 0x0000000711000000|  0%| F|  |TAMS 0x0000000710e00000| PB 0x0000000710e00000| Untracked 
| 136|0x0000000711000000, 0x0000000711000000, 0x0000000711200000|  0%| F|  |TAMS 0x0000000711000000| PB 0x0000000711000000| Untracked 
| 137|0x0000000711200000, 0x0000000711200000, 0x0000000711400000|  0%| F|  |TAMS 0x0000000711200000| PB 0x0000000711200000| Untracked 
| 138|0x0000000711400000, 0x0000000711400000, 0x0000000711600000|  0%| F|  |TAMS 0x0000000711400000| PB 0x0000000711400000| Untracked 
| 139|0x0000000711600000, 0x0000000711600000, 0x0000000711800000|  0%| F|  |TAMS 0x0000000711600000| PB 0x0000000711600000| Untracked 
| 140|0x0000000711800000, 0x0000000711800000, 0x0000000711a00000|  0%| F|  |TAMS 0x0000000711800000| PB 0x0000000711800000| Untracked 
| 141|0x0000000711a00000, 0x0000000711a00000, 0x0000000711c00000|  0%| F|  |TAMS 0x0000000711a00000| PB 0x0000000711a00000| Untracked 
| 142|0x0000000711c00000, 0x0000000711c00000, 0x0000000711e00000|  0%| F|  |TAMS 0x0000000711c00000| PB 0x0000000711c00000| Untracked 
| 143|0x0000000711e00000, 0x0000000711e00000, 0x0000000712000000|  0%| F|  |TAMS 0x0000000711e00000| PB 0x0000000711e00000| Untracked 
| 144|0x0000000712000000, 0x0000000712000000, 0x0000000712200000|  0%| F|  |TAMS 0x0000000712000000| PB 0x0000000712000000| Untracked 
| 145|0x0000000712200000, 0x0000000712200000, 0x0000000712400000|  0%| F|  |TAMS 0x0000000712200000| PB 0x0000000712200000| Untracked 
| 146|0x0000000712400000, 0x0000000712400000, 0x0000000712600000|  0%| F|  |TAMS 0x0000000712400000| PB 0x0000000712400000| Untracked 
| 147|0x0000000712600000, 0x0000000712600000, 0x0000000712800000|  0%| F|  |TAMS 0x0000000712600000| PB 0x0000000712600000| Untracked 
| 148|0x0000000712800000, 0x0000000712800000, 0x0000000712a00000|  0%| F|  |TAMS 0x0000000712800000| PB 0x0000000712800000| Untracked 
| 149|0x0000000712a00000, 0x0000000712a00000, 0x0000000712c00000|  0%| F|  |TAMS 0x0000000712a00000| PB 0x0000000712a00000| Untracked 
| 150|0x0000000712c00000, 0x0000000712c00000, 0x0000000712e00000|  0%| F|  |TAMS 0x0000000712c00000| PB 0x0000000712c00000| Untracked 
| 151|0x0000000712e00000, 0x0000000712e00000, 0x0000000713000000|  0%| F|  |TAMS 0x0000000712e00000| PB 0x0000000712e00000| Untracked 
| 152|0x0000000713000000, 0x0000000713000000, 0x0000000713200000|  0%| F|  |TAMS 0x0000000713000000| PB 0x0000000713000000| Untracked 
| 153|0x0000000713200000, 0x0000000713200000, 0x0000000713400000|  0%| F|  |TAMS 0x0000000713200000| PB 0x0000000713200000| Untracked 
| 154|0x0000000713400000, 0x0000000713400000, 0x0000000713600000|  0%| F|  |TAMS 0x0000000713400000| PB 0x0000000713400000| Untracked 
| 155|0x0000000713600000, 0x0000000713600000, 0x0000000713800000|  0%| F|  |TAMS 0x0000000713600000| PB 0x0000000713600000| Untracked 
| 156|0x0000000713800000, 0x0000000713800000, 0x0000000713a00000|  0%| F|  |TAMS 0x0000000713800000| PB 0x0000000713800000| Untracked 
| 157|0x0000000713a00000, 0x0000000713a00000, 0x0000000713c00000|  0%| F|  |TAMS 0x0000000713a00000| PB 0x0000000713a00000| Untracked 
| 158|0x0000000713c00000, 0x0000000713c00000, 0x0000000713e00000|  0%| F|  |TAMS 0x0000000713c00000| PB 0x0000000713c00000| Untracked 
| 159|0x0000000713e00000, 0x0000000713e00000, 0x0000000714000000|  0%| F|  |TAMS 0x0000000713e00000| PB 0x0000000713e00000| Untracked 
| 160|0x0000000714000000, 0x0000000714000000, 0x0000000714200000|  0%| F|  |TAMS 0x0000000714000000| PB 0x0000000714000000| Untracked 
| 161|0x0000000714200000, 0x0000000714200000, 0x0000000714400000|  0%| F|  |TAMS 0x0000000714200000| PB 0x0000000714200000| Untracked 
| 162|0x0000000714400000, 0x0000000714400000, 0x0000000714600000|  0%| F|  |TAMS 0x0000000714400000| PB 0x0000000714400000| Untracked 
| 163|0x0000000714600000, 0x0000000714600000, 0x0000000714800000|  0%| F|  |TAMS 0x0000000714600000| PB 0x0000000714600000| Untracked 
| 164|0x0000000714800000, 0x0000000714800000, 0x0000000714a00000|  0%| F|  |TAMS 0x0000000714800000| PB 0x0000000714800000| Untracked 
| 165|0x0000000714a00000, 0x0000000714a00000, 0x0000000714c00000|  0%| F|  |TAMS 0x0000000714a00000| PB 0x0000000714a00000| Untracked 
| 166|0x0000000714c00000, 0x0000000714c00000, 0x0000000714e00000|  0%| F|  |TAMS 0x0000000714c00000| PB 0x0000000714c00000| Untracked 
| 167|0x0000000714e00000, 0x0000000714e00000, 0x0000000715000000|  0%| F|  |TAMS 0x0000000714e00000| PB 0x0000000714e00000| Untracked 
| 168|0x0000000715000000, 0x0000000715000000, 0x0000000715200000|  0%| F|  |TAMS 0x0000000715000000| PB 0x0000000715000000| Untracked 
| 169|0x0000000715200000, 0x0000000715200000, 0x0000000715400000|  0%| F|  |TAMS 0x0000000715200000| PB 0x0000000715200000| Untracked 
| 170|0x0000000715400000, 0x0000000715400000, 0x0000000715600000|  0%| F|  |TAMS 0x0000000715400000| PB 0x0000000715400000| Untracked 
| 171|0x0000000715600000, 0x0000000715600000, 0x0000000715800000|  0%| F|  |TAMS 0x0000000715600000| PB 0x0000000715600000| Untracked 
| 172|0x0000000715800000, 0x0000000715800000, 0x0000000715a00000|  0%| F|  |TAMS 0x0000000715800000| PB 0x0000000715800000| Untracked 
| 173|0x0000000715a00000, 0x0000000715a00000, 0x0000000715c00000|  0%| F|  |TAMS 0x0000000715a00000| PB 0x0000000715a00000| Untracked 
| 174|0x0000000715c00000, 0x0000000715c00000, 0x0000000715e00000|  0%| F|  |TAMS 0x0000000715c00000| PB 0x0000000715c00000| Untracked 
| 175|0x0000000715e00000, 0x0000000715e00000, 0x0000000716000000|  0%| F|  |TAMS 0x0000000715e00000| PB 0x0000000715e00000| Untracked 
| 176|0x0000000716000000, 0x0000000716000000, 0x0000000716200000|  0%| F|  |TAMS 0x0000000716000000| PB 0x0000000716000000| Untracked 
| 177|0x0000000716200000, 0x0000000716200000, 0x0000000716400000|  0%| F|  |TAMS 0x0000000716200000| PB 0x0000000716200000| Untracked 
| 178|0x0000000716400000, 0x0000000716400000, 0x0000000716600000|  0%| F|  |TAMS 0x0000000716400000| PB 0x0000000716400000| Untracked 
| 179|0x0000000716600000, 0x0000000716600000, 0x0000000716800000|  0%| F|  |TAMS 0x0000000716600000| PB 0x0000000716600000| Untracked 
| 180|0x0000000716800000, 0x0000000716800000, 0x0000000716a00000|  0%| F|  |TAMS 0x0000000716800000| PB 0x0000000716800000| Untracked 
| 181|0x0000000716a00000, 0x0000000716a00000, 0x0000000716c00000|  0%| F|  |TAMS 0x0000000716a00000| PB 0x0000000716a00000| Untracked 
| 182|0x0000000716c00000, 0x0000000716c00000, 0x0000000716e00000|  0%| F|  |TAMS 0x0000000716c00000| PB 0x0000000716c00000| Untracked 
| 183|0x0000000716e00000, 0x0000000716f1a950, 0x0000000717000000| 55%| E|  |TAMS 0x0000000716e00000| PB 0x0000000716e00000| Complete 
| 184|0x0000000717000000, 0x0000000717200000, 0x0000000717200000|100%| E|CS|TAMS 0x0000000717000000| PB 0x0000000717000000| Complete 
| 185|0x0000000717200000, 0x0000000717400000, 0x0000000717400000|100%| E|CS|TAMS 0x0000000717200000| PB 0x0000000717200000| Complete 
| 186|0x0000000717400000, 0x0000000717600000, 0x0000000717600000|100%| E|CS|TAMS 0x0000000717400000| PB 0x0000000717400000| Complete 
| 187|0x0000000717600000, 0x0000000717800000, 0x0000000717800000|100%| E|CS|TAMS 0x0000000717600000| PB 0x0000000717600000| Complete 
| 188|0x0000000717800000, 0x0000000717a00000, 0x0000000717a00000|100%| E|CS|TAMS 0x0000000717800000| PB 0x0000000717800000| Complete 
| 189|0x0000000717a00000, 0x0000000717c00000, 0x0000000717c00000|100%| E|CS|TAMS 0x0000000717a00000| PB 0x0000000717a00000| Complete 
| 190|0x0000000717c00000, 0x0000000717e00000, 0x0000000717e00000|100%| E|CS|TAMS 0x0000000717c00000| PB 0x0000000717c00000| Complete 
| 191|0x0000000717e00000, 0x0000000718000000, 0x0000000718000000|100%| E|CS|TAMS 0x0000000717e00000| PB 0x0000000717e00000| Complete 
| 192|0x0000000718000000, 0x0000000718200000, 0x0000000718200000|100%| E|CS|TAMS 0x0000000718000000| PB 0x0000000718000000| Complete 
| 193|0x0000000718200000, 0x0000000718400000, 0x0000000718400000|100%| E|CS|TAMS 0x0000000718200000| PB 0x0000000718200000| Complete 
| 194|0x0000000718400000, 0x0000000718600000, 0x0000000718600000|100%| E|CS|TAMS 0x0000000718400000| PB 0x0000000718400000| Complete 
| 195|0x0000000718600000, 0x0000000718800000, 0x0000000718800000|100%| E|CS|TAMS 0x0000000718600000| PB 0x0000000718600000| Complete 
| 196|0x0000000718800000, 0x0000000718a00000, 0x0000000718a00000|100%| E|CS|TAMS 0x0000000718800000| PB 0x0000000718800000| Complete 
| 197|0x0000000718a00000, 0x0000000718c00000, 0x0000000718c00000|100%| E|CS|TAMS 0x0000000718a00000| PB 0x0000000718a00000| Complete 
| 198|0x0000000718c00000, 0x0000000718e00000, 0x0000000718e00000|100%| E|CS|TAMS 0x0000000718c00000| PB 0x0000000718c00000| Complete 
| 199|0x0000000718e00000, 0x0000000719000000, 0x0000000719000000|100%| E|CS|TAMS 0x0000000718e00000| PB 0x0000000718e00000| Complete 
| 200|0x0000000719000000, 0x0000000719200000, 0x0000000719200000|100%| E|CS|TAMS 0x0000000719000000| PB 0x0000000719000000| Complete 
| 201|0x0000000719200000, 0x0000000719400000, 0x0000000719400000|100%| E|CS|TAMS 0x0000000719200000| PB 0x0000000719200000| Complete 
| 202|0x0000000719400000, 0x0000000719600000, 0x0000000719600000|100%| E|CS|TAMS 0x0000000719400000| PB 0x0000000719400000| Complete 
| 203|0x0000000719600000, 0x0000000719800000, 0x0000000719800000|100%| E|CS|TAMS 0x0000000719600000| PB 0x0000000719600000| Complete 
| 204|0x0000000719800000, 0x0000000719a00000, 0x0000000719a00000|100%| E|CS|TAMS 0x0000000719800000| PB 0x0000000719800000| Complete 
| 205|0x0000000719a00000, 0x0000000719c00000, 0x0000000719c00000|100%| E|CS|TAMS 0x0000000719a00000| PB 0x0000000719a00000| Complete 
| 206|0x0000000719c00000, 0x0000000719e00000, 0x0000000719e00000|100%| E|CS|TAMS 0x0000000719c00000| PB 0x0000000719c00000| Complete 
| 207|0x0000000719e00000, 0x000000071a000000, 0x000000071a000000|100%| E|CS|TAMS 0x0000000719e00000| PB 0x0000000719e00000| Complete 
| 208|0x000000071a000000, 0x000000071a200000, 0x000000071a200000|100%| E|CS|TAMS 0x000000071a000000| PB 0x000000071a000000| Complete 
| 209|0x000000071a200000, 0x000000071a400000, 0x000000071a400000|100%| E|CS|TAMS 0x000000071a200000| PB 0x000000071a200000| Complete 
| 210|0x000000071a400000, 0x000000071a600000, 0x000000071a600000|100%| E|CS|TAMS 0x000000071a400000| PB 0x000000071a400000| Complete 
| 211|0x000000071a600000, 0x000000071a800000, 0x000000071a800000|100%| E|CS|TAMS 0x000000071a600000| PB 0x000000071a600000| Complete 
| 212|0x000000071a800000, 0x000000071aa00000, 0x000000071aa00000|100%| E|CS|TAMS 0x000000071a800000| PB 0x000000071a800000| Complete 
| 213|0x000000071aa00000, 0x000000071ac00000, 0x000000071ac00000|100%| E|CS|TAMS 0x000000071aa00000| PB 0x000000071aa00000| Complete 
| 214|0x000000071ac00000, 0x000000071ae00000, 0x000000071ae00000|100%| E|CS|TAMS 0x000000071ac00000| PB 0x000000071ac00000| Complete 
| 215|0x000000071ae00000, 0x000000071b000000, 0x000000071b000000|100%| E|CS|TAMS 0x000000071ae00000| PB 0x000000071ae00000| Complete 
| 216|0x000000071b000000, 0x000000071b200000, 0x000000071b200000|100%| E|CS|TAMS 0x000000071b000000| PB 0x000000071b000000| Complete 
| 217|0x000000071b200000, 0x000000071b400000, 0x000000071b400000|100%| E|CS|TAMS 0x000000071b200000| PB 0x000000071b200000| Complete 
| 218|0x000000071b400000, 0x000000071b600000, 0x000000071b600000|100%| E|CS|TAMS 0x000000071b400000| PB 0x000000071b400000| Complete 
| 219|0x000000071b600000, 0x000000071b800000, 0x000000071b800000|100%| E|CS|TAMS 0x000000071b600000| PB 0x000000071b600000| Complete 
| 220|0x000000071b800000, 0x000000071ba00000, 0x000000071ba00000|100%| E|CS|TAMS 0x000000071b800000| PB 0x000000071b800000| Complete 
| 221|0x000000071ba00000, 0x000000071bc00000, 0x000000071bc00000|100%| E|CS|TAMS 0x000000071ba00000| PB 0x000000071ba00000| Complete 
| 222|0x000000071bc00000, 0x000000071be00000, 0x000000071be00000|100%| E|CS|TAMS 0x000000071bc00000| PB 0x000000071bc00000| Complete 
| 223|0x000000071be00000, 0x000000071c000000, 0x000000071c000000|100%| E|CS|TAMS 0x000000071be00000| PB 0x000000071be00000| Complete 
| 224|0x000000071c000000, 0x000000071c200000, 0x000000071c200000|100%| E|CS|TAMS 0x000000071c000000| PB 0x000000071c000000| Complete 
| 225|0x000000071c200000, 0x000000071c400000, 0x000000071c400000|100%| E|CS|TAMS 0x000000071c200000| PB 0x000000071c200000| Complete 
| 226|0x000000071c400000, 0x000000071c600000, 0x000000071c600000|100%| E|CS|TAMS 0x000000071c400000| PB 0x000000071c400000| Complete 
| 227|0x000000071c600000, 0x000000071c800000, 0x000000071c800000|100%| E|CS|TAMS 0x000000071c600000| PB 0x000000071c600000| Complete 
| 228|0x000000071c800000, 0x000000071ca00000, 0x000000071ca00000|100%| E|CS|TAMS 0x000000071c800000| PB 0x000000071c800000| Complete 
| 229|0x000000071ca00000, 0x000000071cc00000, 0x000000071cc00000|100%| E|CS|TAMS 0x000000071ca00000| PB 0x000000071ca00000| Complete 
| 230|0x000000071cc00000, 0x000000071ce00000, 0x000000071ce00000|100%| E|CS|TAMS 0x000000071cc00000| PB 0x000000071cc00000| Complete 
| 231|0x000000071ce00000, 0x000000071d000000, 0x000000071d000000|100%| E|CS|TAMS 0x000000071ce00000| PB 0x000000071ce00000| Complete 
| 232|0x000000071d000000, 0x000000071d200000, 0x000000071d200000|100%| E|CS|TAMS 0x000000071d000000| PB 0x000000071d000000| Complete 
| 233|0x000000071d200000, 0x000000071d400000, 0x000000071d400000|100%| E|CS|TAMS 0x000000071d200000| PB 0x000000071d200000| Complete 
| 234|0x000000071d400000, 0x000000071d600000, 0x000000071d600000|100%| E|CS|TAMS 0x000000071d400000| PB 0x000000071d400000| Complete 
| 235|0x000000071d600000, 0x000000071d800000, 0x000000071d800000|100%| E|CS|TAMS 0x000000071d600000| PB 0x000000071d600000| Complete 
| 236|0x000000071d800000, 0x000000071da00000, 0x000000071da00000|100%| E|CS|TAMS 0x000000071d800000| PB 0x000000071d800000| Complete 
| 237|0x000000071da00000, 0x000000071dc00000, 0x000000071dc00000|100%| E|CS|TAMS 0x000000071da00000| PB 0x000000071da00000| Complete 
| 238|0x000000071dc00000, 0x000000071de00000, 0x000000071de00000|100%| E|CS|TAMS 0x000000071dc00000| PB 0x000000071dc00000| Complete 
| 239|0x000000071de00000, 0x000000071e000000, 0x000000071e000000|100%| E|CS|TAMS 0x000000071de00000| PB 0x000000071de00000| Complete 
| 240|0x000000071e000000, 0x000000071e200000, 0x000000071e200000|100%| E|CS|TAMS 0x000000071e000000| PB 0x000000071e000000| Complete 
| 241|0x000000071e200000, 0x000000071e400000, 0x000000071e400000|100%| E|CS|TAMS 0x000000071e200000| PB 0x000000071e200000| Complete 
| 242|0x000000071e400000, 0x000000071e600000, 0x000000071e600000|100%| E|CS|TAMS 0x000000071e400000| PB 0x000000071e400000| Complete 
| 243|0x000000071e600000, 0x000000071e800000, 0x000000071e800000|100%| E|CS|TAMS 0x000000071e600000| PB 0x000000071e600000| Complete 
| 244|0x000000071e800000, 0x000000071ea00000, 0x000000071ea00000|100%| E|CS|TAMS 0x000000071e800000| PB 0x000000071e800000| Complete 
| 245|0x000000071ea00000, 0x000000071ec00000, 0x000000071ec00000|100%| E|CS|TAMS 0x000000071ea00000| PB 0x000000071ea00000| Complete 
| 246|0x000000071ec00000, 0x000000071ee00000, 0x000000071ee00000|100%| E|CS|TAMS 0x000000071ec00000| PB 0x000000071ec00000| Complete 
| 247|0x000000071ee00000, 0x000000071f000000, 0x000000071f000000|100%| S|CS|TAMS 0x000000071ee00000| PB 0x000000071ee00000| Complete 
| 248|0x000000071f000000, 0x000000071f200000, 0x000000071f200000|100%| S|CS|TAMS 0x000000071f000000| PB 0x000000071f000000| Complete 
| 249|0x000000071f200000, 0x000000071f400000, 0x000000071f400000|100%| S|CS|TAMS 0x000000071f200000| PB 0x000000071f200000| Complete 
| 250|0x000000071f400000, 0x000000071f600000, 0x000000071f600000|100%| S|CS|TAMS 0x000000071f400000| PB 0x000000071f400000| Complete 
| 251|0x000000071f600000, 0x000000071f800000, 0x000000071f800000|100%| E|CS|TAMS 0x000000071f600000| PB 0x000000071f600000| Complete 
| 252|0x000000071f800000, 0x000000071fa00000, 0x000000071fa00000|100%| E|CS|TAMS 0x000000071f800000| PB 0x000000071f800000| Complete 
| 253|0x000000071fa00000, 0x000000071fc00000, 0x000000071fc00000|100%| E|CS|TAMS 0x000000071fa00000| PB 0x000000071fa00000| Complete 
| 254|0x000000071fc00000, 0x000000071fe00000, 0x000000071fe00000|100%| E|CS|TAMS 0x000000071fc00000| PB 0x000000071fc00000| Complete 
| 255|0x000000071fe00000, 0x0000000720000000, 0x0000000720000000|100%| E|CS|TAMS 0x000000071fe00000| PB 0x000000071fe00000| Complete 
| 256|0x0000000720000000, 0x0000000720200000, 0x0000000720200000|100%| E|CS|TAMS 0x0000000720000000| PB 0x0000000720000000| Complete 
| 257|0x0000000720200000, 0x0000000720400000, 0x0000000720400000|100%| E|CS|TAMS 0x0000000720200000| PB 0x0000000720200000| Complete 
| 258|0x0000000720400000, 0x0000000720600000, 0x0000000720600000|100%| E|CS|TAMS 0x0000000720400000| PB 0x0000000720400000| Complete 
| 259|0x0000000720600000, 0x0000000720800000, 0x0000000720800000|100%| E|CS|TAMS 0x0000000720600000| PB 0x0000000720600000| Complete 
| 260|0x0000000720800000, 0x0000000720a00000, 0x0000000720a00000|100%| E|CS|TAMS 0x0000000720800000| PB 0x0000000720800000| Complete 
| 261|0x0000000720a00000, 0x0000000720c00000, 0x0000000720c00000|100%| E|CS|TAMS 0x0000000720a00000| PB 0x0000000720a00000| Complete 
| 262|0x0000000720c00000, 0x0000000720e00000, 0x0000000720e00000|100%| E|CS|TAMS 0x0000000720c00000| PB 0x0000000720c00000| Complete 
| 263|0x0000000720e00000, 0x0000000721000000, 0x0000000721000000|100%| E|CS|TAMS 0x0000000720e00000| PB 0x0000000720e00000| Complete 
| 264|0x0000000721000000, 0x0000000721200000, 0x0000000721200000|100%| E|CS|TAMS 0x0000000721000000| PB 0x0000000721000000| Complete 
| 265|0x0000000721200000, 0x0000000721400000, 0x0000000721400000|100%| E|CS|TAMS 0x0000000721200000| PB 0x0000000721200000| Complete 
| 266|0x0000000721400000, 0x0000000721600000, 0x0000000721600000|100%| E|CS|TAMS 0x0000000721400000| PB 0x0000000721400000| Complete 
| 267|0x0000000721600000, 0x0000000721800000, 0x0000000721800000|100%| E|CS|TAMS 0x0000000721600000| PB 0x0000000721600000| Complete 
| 268|0x0000000721800000, 0x0000000721a00000, 0x0000000721a00000|100%| E|CS|TAMS 0x0000000721800000| PB 0x0000000721800000| Complete 
| 269|0x0000000721a00000, 0x0000000721c00000, 0x0000000721c00000|100%| E|CS|TAMS 0x0000000721a00000| PB 0x0000000721a00000| Complete 
| 270|0x0000000721c00000, 0x0000000721e00000, 0x0000000721e00000|100%| E|CS|TAMS 0x0000000721c00000| PB 0x0000000721c00000| Complete 
| 271|0x0000000721e00000, 0x0000000722000000, 0x0000000722000000|100%| E|CS|TAMS 0x0000000721e00000| PB 0x0000000721e00000| Complete 
| 272|0x0000000722000000, 0x0000000722200000, 0x0000000722200000|100%| E|CS|TAMS 0x0000000722000000| PB 0x0000000722000000| Complete 
| 273|0x0000000722200000, 0x0000000722400000, 0x0000000722400000|100%| E|CS|TAMS 0x0000000722200000| PB 0x0000000722200000| Complete 
|2042|0x00000007ff400000, 0x00000007ff600000, 0x00000007ff600000|100%| E|CS|TAMS 0x00000007ff400000| PB 0x00000007ff400000| Complete 
|2043|0x00000007ff600000, 0x00000007ff800000, 0x00000007ff800000|100%| O|  |TAMS 0x00000007ff600000| PB 0x00000007ff600000| Untracked 
|2044|0x00000007ff800000, 0x00000007ffa00000, 0x00000007ffa00000|100%| E|CS|TAMS 0x00000007ff800000| PB 0x00000007ff800000| Complete 
|2045|0x00000007ffa00000, 0x00000007ffc00000, 0x00000007ffc00000|100%| E|CS|TAMS 0x00000007ffa00000| PB 0x00000007ffa00000| Complete 
|2046|0x00000007ffc00000, 0x00000007ffe00000, 0x00000007ffe00000|100%| E|CS|TAMS 0x00000007ffc00000| PB 0x00000007ffc00000| Complete 
|2047|0x00000007ffe00000, 0x0000000800000000, 0x0000000800000000|100%| O|  |TAMS 0x00000007ffe00000| PB 0x00000007ffe00000| Untracked 

Card table byte_map: [0x000001c44d400000,0x000001c44dc00000] _byte_map_base: 0x000001c449c00000

Marking Bits: (CMBitMap*) 0x000001c43ab37510
 Bits: [0x000001c44dc00000, 0x000001c451c00000)

Polling page: 0x000001c4385e0000

Metaspace:

Usage:
  Non-class:    141.93 MB used.
      Class:     23.01 MB used.
       Both:    164.94 MB used.

Virtual space:
  Non-class space:      192.00 MB reserved,     143.38 MB ( 75%) committed,  3 nodes.
      Class space:        1.00 GB reserved,      24.38 MB (  2%) committed,  1 nodes.
             Both:        1.19 GB reserved,     167.75 MB ( 14%) committed. 

Chunk freelists:
   Non-Class:  15.98 MB
       Class:  7.61 MB
        Both:  23.59 MB

MaxMetaspaceSize: unlimited
CompressedClassSpaceSize: 1.00 GB
Initial GC threshold: 21.00 MB
Current GC threshold: 278.56 MB
CDS: off
 - commit_granule_bytes: 65536.
 - commit_granule_words: 8192.
 - virtual_space_node_default_size: 8388608.
 - enlarge_chunks_in_place: 1.
 - use_allocation_guard: 0.


Internal statistics:

num_allocs_failed_limit: 9.
num_arena_births: 5734.
num_arena_deaths: 0.
num_vsnodes_births: 4.
num_vsnodes_deaths: 0.
num_space_committed: 2681.
num_space_uncommitted: 0.
num_chunks_returned_to_freelist: 9.
num_chunks_taken_from_freelist: 13010.
num_chunk_merges: 6.
num_chunk_splits: 8544.
num_chunks_enlarged: 5367.
num_inconsistent_stats: 0.

CodeHeap 'non-profiled nmethods': size=120000Kb used=13183Kb max_used=13183Kb free=106817Kb
 bounds [0x000001c4456d0000, 0x000001c4463b0000, 0x000001c44cc00000]
CodeHeap 'profiled nmethods': size=120000Kb used=45089Kb max_used=45089Kb free=74910Kb
 bounds [0x000001c43dc00000, 0x000001c440810000, 0x000001c445130000]
CodeHeap 'non-nmethods': size=5760Kb used=2207Kb max_used=2266Kb free=3552Kb
 bounds [0x000001c445130000, 0x000001c4453a0000, 0x000001c4456d0000]
CodeCache: size=245760Kb, used=60479Kb, max_used=60538Kb, free=185279Kb
 total_blobs=20978, nmethods=19914, adapters=967, full_count=0
Compilation: enabled, stopped_count=0, restarted_count=0

Compilation events (20 events):
Event: 247.051 Thread 0x000001c4542e2780 23116       2       com.android.tools.r8.internal.o::a (27 bytes)
Event: 247.052 Thread 0x000001c4542e2780 nmethod 23116 0x000001c44077f510 code [0x000001c44077f6e0, 0x000001c44077f980]
Event: 247.065 Thread 0x000001c4542e2780 23119       3       com.android.tools.r8.internal.wp::<init> (15 bytes)
Event: 247.065 Thread 0x000001c4542e2780 nmethod 23119 0x000001c44077fb90 code [0x000001c44077fd40, 0x000001c44077ff70]
Event: 247.167 Thread 0x000001c4542e2780 23123       3       com.android.tools.r8.internal.x91::a (44 bytes)
Event: 247.168 Thread 0x000001c4542e2780 nmethod 23123 0x000001c440780090 code [0x000001c440780260, 0x000001c4407804d0]
Event: 247.168 Thread 0x000001c4542e2780 23124       3       com.android.tools.r8.internal.gg0::a (200 bytes)
Event: 247.170 Thread 0x000001c4542e2780 nmethod 23124 0x000001c440780610 code [0x000001c440780860, 0x000001c4407812e8]
Event: 247.171 Thread 0x000001c4542e2780 23125       2       com.android.tools.r8.internal.qj0::hashCode (31 bytes)
Event: 247.171 Thread 0x000001c4542e2780 nmethod 23125 0x000001c440781610 code [0x000001c4407817c0, 0x000001c440781970]
Event: 247.175 Thread 0x000001c4542e2780 23126       1       com.android.tools.r8.internal.bm::q (2 bytes)
Event: 247.175 Thread 0x000001c4542e2780 nmethod 23126 0x000001c4463a0490 code [0x000001c4463a0620, 0x000001c4463a06e8]
Event: 247.176 Thread 0x000001c4542c1190 nmethod 22271 0x000001c4463a0790 code [0x000001c4463a0920, 0x000001c4463a0aa8]
Event: 247.176 Thread 0x000001c4542c1190 23118       4       com.android.tools.r8.internal.ca2::a (3042 bytes)
Event: 247.207 Thread 0x000001c4542e2780 23127       3       com.android.tools.r8.internal.et2$$Lambda/0x00000008015e4d58::apply (56 bytes)
Event: 247.208 Thread 0x000001c4542e2780 nmethod 23127 0x000001c440781a90 code [0x000001c440781c40, 0x000001c440781f58]
Event: 247.382 Thread 0x000001c45dc23b20 nmethod 23082 0x000001c4463a0c10 code [0x000001c4463a1460, 0x000001c4463a7900]
Event: 247.383 Thread 0x000001c45dc23b20 23107 %     4       com.android.tools.r8.internal.ca2::a @ 1135 (2026 bytes)
Event: 248.450 Thread 0x000001c4542e2780 23129       3       com.android.tools.r8.internal.et2::a (243 bytes)
Event: 248.454 Thread 0x000001c4542e2780 nmethod 23129 0x000001c440782010 code [0x000001c4407823c0, 0x000001c440783eb8]

GC Heap History (20 events):
Event: 198.679 GC heap before
{Heap before GC invocations=83 (full 0):
 garbage-first heap   total 458752K, used 396845K [0x0000000700000000, 0x0000000800000000)
  region size 2048K, 134 young (274432K), 6 survivors (12288K)
 Metaspace       used 130748K, committed 133440K, reserved 1179648K
  class space    used 18421K, committed 19776K, reserved 1048576K
}
Event: 198.741 GC heap after
{Heap after GC invocations=84 (full 0):
 garbage-first heap   total 458752K, used 135461K [0x0000000700000000, 0x0000000800000000)
  region size 2048K, 6 young (12288K), 6 survivors (12288K)
 Metaspace       used 130748K, committed 133440K, reserved 1179648K
  class space    used 18421K, committed 19776K, reserved 1048576K
}
Event: 200.908 GC heap before
{Heap before GC invocations=84 (full 0):
 garbage-first heap   total 458752K, used 395557K [0x0000000700000000, 0x0000000800000000)
  region size 2048K, 134 young (274432K), 6 survivors (12288K)
 Metaspace       used 130831K, committed 133504K, reserved 1179648K
  class space    used 18421K, committed 19776K, reserved 1048576K
}
Event: 200.957 GC heap after
{Heap after GC invocations=85 (full 0):
 garbage-first heap   total 458752K, used 136646K [0x0000000700000000, 0x0000000800000000)
  region size 2048K, 7 young (14336K), 7 survivors (14336K)
 Metaspace       used 130831K, committed 133504K, reserved 1179648K
  class space    used 18421K, committed 19776K, reserved 1048576K
}
Event: 203.427 GC heap before
{Heap before GC invocations=85 (full 0):
 garbage-first heap   total 458752K, used 394694K [0x0000000700000000, 0x0000000800000000)
  region size 2048K, 134 young (274432K), 7 survivors (14336K)
 Metaspace       used 130878K, committed 133504K, reserved 1179648K
  class space    used 18421K, committed 19776K, reserved 1048576K
}
Event: 203.459 GC heap after
{Heap after GC invocations=86 (full 0):
 garbage-first heap   total 458752K, used 138694K [0x0000000700000000, 0x0000000800000000)
  region size 2048K, 8 young (16384K), 8 survivors (16384K)
 Metaspace       used 130878K, committed 133504K, reserved 1179648K
  class space    used 18421K, committed 19776K, reserved 1048576K
}
Event: 208.312 GC heap before
{Heap before GC invocations=86 (full 0):
 garbage-first heap   total 458752K, used 398790K [0x0000000700000000, 0x0000000800000000)
  region size 2048K, 134 young (274432K), 8 survivors (16384K)
 Metaspace       used 130951K, committed 133632K, reserved 1179648K
  class space    used 18430K, committed 19776K, reserved 1048576K
}
Event: 208.341 GC heap after
{Heap after GC invocations=87 (full 0):
 garbage-first heap   total 458752K, used 138967K [0x0000000700000000, 0x0000000800000000)
  region size 2048K, 7 young (14336K), 7 survivors (14336K)
 Metaspace       used 130951K, committed 133632K, reserved 1179648K
  class space    used 18430K, committed 19776K, reserved 1048576K
}
Event: 210.843 GC heap before
{Heap before GC invocations=87 (full 0):
 garbage-first heap   total 458752K, used 401111K [0x0000000700000000, 0x0000000800000000)
  region size 2048K, 134 young (274432K), 7 survivors (14336K)
 Metaspace       used 131242K, committed 133888K, reserved 1179648K
  class space    used 18468K, committed 19776K, reserved 1048576K
}
Event: 210.993 GC heap after
{Heap after GC invocations=88 (full 0):
 garbage-first heap   total 458752K, used 177160K [0x0000000700000000, 0x0000000800000000)
  region size 2048K, 17 young (34816K), 17 survivors (34816K)
 Metaspace       used 131242K, committed 133888K, reserved 1179648K
  class space    used 18468K, committed 19776K, reserved 1048576K
}
Event: 219.047 GC heap before
{Heap before GC invocations=88 (full 0):
 garbage-first heap   total 458752K, used 404488K [0x0000000700000000, 0x0000000800000000)
  region size 2048K, 129 young (264192K), 17 survivors (34816K)
 Metaspace       used 140661K, committed 143296K, reserved 1179648K
  class space    used 19757K, committed 21056K, reserved 1048576K
}
Event: 219.252 GC heap after
{Heap after GC invocations=89 (full 0):
 garbage-first heap   total 573440K, used 191121K [0x0000000700000000, 0x0000000800000000)
  region size 2048K, 6 young (12288K), 6 survivors (12288K)
 Metaspace       used 140661K, committed 143296K, reserved 1179648K
  class space    used 19757K, committed 21056K, reserved 1048576K
}
Event: 228.743 GC heap before
{Heap before GC invocations=89 (full 0):
 garbage-first heap   total 573440K, used 524945K [0x0000000700000000, 0x0000000800000000)
  region size 2048K, 167 young (342016K), 6 survivors (12288K)
 Metaspace       used 156904K, committed 159680K, reserved 1245184K
  class space    used 21648K, committed 23040K, reserved 1048576K
}
Event: 228.831 GC heap after
{Heap after GC invocations=90 (full 0):
 garbage-first heap   total 573440K, used 198681K [0x0000000700000000, 0x0000000800000000)
  region size 2048K, 7 young (14336K), 7 survivors (14336K)
 Metaspace       used 156904K, committed 159680K, reserved 1245184K
  class space    used 21648K, committed 23040K, reserved 1048576K
}
Event: 233.780 GC heap before
{Heap before GC invocations=90 (full 0):
 garbage-first heap   total 573440K, used 520217K [0x0000000700000000, 0x0000000800000000)
  region size 2048K, 165 young (337920K), 7 survivors (14336K)
 Metaspace       used 164702K, committed 167488K, reserved 1245184K
  class space    used 23009K, committed 24384K, reserved 1048576K
}
Event: 233.901 GC heap after
{Heap after GC invocations=91 (full 0):
 garbage-first heap   total 573440K, used 215697K [0x0000000700000000, 0x0000000800000000)
  region size 2048K, 15 young (30720K), 15 survivors (30720K)
 Metaspace       used 164702K, committed 167488K, reserved 1245184K
  class space    used 23009K, committed 24384K, reserved 1048576K
}
Event: 241.096 GC heap before
{Heap before GC invocations=92 (full 0):
 garbage-first heap   total 573440K, used 491520K [0x0000000700000000, 0x0000000800000000)
  region size 2048K, 162 young (331776K), 15 survivors (30720K)
 Metaspace       used 168744K, committed 171584K, reserved 1245184K
  class space    used 23539K, committed 24960K, reserved 1048576K
}
Event: 241.832 GC heap after
{Heap after GC invocations=93 (full 0):
 garbage-first heap   total 573440K, used 228787K [0x0000000700000000, 0x0000000800000000)
  region size 2048K, 21 young (43008K), 21 survivors (43008K)
 Metaspace       used 168744K, committed 171584K, reserved 1245184K
  class space    used 23539K, committed 24960K, reserved 1048576K
}
Event: 243.946 GC heap before
{Heap before GC invocations=93 (full 0):
 garbage-first heap   total 573440K, used 282035K [0x0000000700000000, 0x0000000800000000)
  region size 2048K, 48 young (98304K), 21 survivors (43008K)
 Metaspace       used 168744K, committed 171584K, reserved 1245184K
  class space    used 23539K, committed 24960K, reserved 1048576K
}
Event: 244.109 GC heap after
{Heap after GC invocations=94 (full 0):
 garbage-first heap   total 573440K, used 232448K [0x0000000700000000, 0x0000000800000000)
  region size 2048K, 4 young (8192K), 4 survivors (8192K)
 Metaspace       used 168744K, committed 171584K, reserved 1245184K
  class space    used 23539K, committed 24960K, reserved 1048576K
}

Dll operation events (3 events):
Event: 0.402 Loaded shared library F:\Applications\ANDROID STUDIO\jbr\bin\java.dll
Event: 0.475 Loaded shared library F:\Applications\ANDROID STUDIO\jbr\bin\zip.dll
Event: 4.043 Loaded shared library F:\Applications\ANDROID STUDIO\jbr\bin\verify.dll

Deoptimization events (20 events):
Event: 245.025 Thread 0x000001c45b62ad10 DEOPT PACKING pc=0x000001c4461f61c0 sp=0x00000090486f8fc0
Event: 245.025 Thread 0x000001c45b62ad10 DEOPT UNPACKING pc=0x000001c445184422 sp=0x00000090486f8f60 mode 2
Event: 245.026 Thread 0x000001c45b62ad10 Uncommon trap: trap_request=0xffffffde fr.pc=0x000001c4461f61c0 relative=0x00000000000057e0
Event: 245.026 Thread 0x000001c45b62ad10 Uncommon trap: reason=class_check action=maybe_recompile pc=0x000001c4461f61c0 method=com.android.tools.r8.internal.hr4.a(Lcom/android/tools/r8/internal/xl4;)Lcom/android/tools/r8/internal/hr4; @ 53 c2
Event: 245.026 Thread 0x000001c45b62ad10 DEOPT PACKING pc=0x000001c4461f61c0 sp=0x00000090486f8d50
Event: 245.026 Thread 0x000001c45b62ad10 DEOPT UNPACKING pc=0x000001c445184422 sp=0x00000090486f8cf0 mode 2
Event: 245.034 Thread 0x000001c45b62ad10 DEOPT PACKING pc=0x000001c4400b34dc sp=0x00000090486f8eb0
Event: 245.034 Thread 0x000001c45b62ad10 DEOPT UNPACKING pc=0x000001c445184bc2 sp=0x00000090486f8410 mode 0
Event: 245.708 Thread 0x000001c45b62ad10 DEOPT PACKING pc=0x000001c440766137 sp=0x00000090486f8f30
Event: 245.708 Thread 0x000001c45b62ad10 DEOPT UNPACKING pc=0x000001c445184bc2 sp=0x00000090486f8438 mode 0
Event: 245.824 Thread 0x000001c454e49d20 DEOPT PACKING pc=0x000001c445f690ec sp=0x000000904a4f7d70
Event: 245.824 Thread 0x000001c454e49d20 DEOPT UNPACKING pc=0x000001c445184bc2 sp=0x000000904a4f70b8 mode 0
Event: 247.567 Thread 0x000001c454e4c480 Uncommon trap: trap_request=0xffffffde fr.pc=0x000001c4462d94a0 relative=0x00000000000025e0
Event: 247.567 Thread 0x000001c454e4c480 Uncommon trap: reason=class_check action=maybe_recompile pc=0x000001c4462d94a0 method=com.android.tools.r8.graph.h.a(Lcom/android/tools/r8/graph/i6;Lcom/android/tools/r8/graph/k3;Lcom/android/tools/r8/graph/ic;)Lcom/android/tools/r8/graph/x7; @ 29 c2
Event: 247.567 Thread 0x000001c454e4c480 DEOPT PACKING pc=0x000001c4462d94a0 sp=0x000000904a3f6710
Event: 247.567 Thread 0x000001c454e4c480 DEOPT UNPACKING pc=0x000001c445184422 sp=0x000000904a3f6578 mode 2
Event: 247.567 Thread 0x000001c454e4c480 Uncommon trap: trap_request=0xffffffde fr.pc=0x000001c4462d94a0 relative=0x00000000000025e0
Event: 247.567 Thread 0x000001c454e4c480 Uncommon trap: reason=class_check action=maybe_recompile pc=0x000001c4462d94a0 method=com.android.tools.r8.graph.h.a(Lcom/android/tools/r8/graph/i6;Lcom/android/tools/r8/graph/k3;Lcom/android/tools/r8/graph/ic;)Lcom/android/tools/r8/graph/x7; @ 29 c2
Event: 247.567 Thread 0x000001c454e4c480 DEOPT PACKING pc=0x000001c4462d94a0 sp=0x000000904a3f63c0
Event: 247.567 Thread 0x000001c454e4c480 DEOPT UNPACKING pc=0x000001c445184422 sp=0x000000904a3f6228 mode 2

Classes loaded (20 events):
Event: 232.469 Loading class java/awt/event/ActionEvent done
Event: 232.543 Loading class javax/xml/stream/Location done
Event: 232.547 Loading class javax/xml/stream/XMLStreamConstants
Event: 232.547 Loading class javax/xml/stream/XMLStreamConstants done
Event: 232.567 Loading class javax/xml/stream/XMLStreamReader
Event: 232.567 Loading class javax/xml/stream/XMLStreamReader done
Event: 233.039 Loading class javax/swing/Icon
Event: 233.091 Loading class javax/swing/Icon done
Event: 233.514 Loading class sun/awt/AppContext$PostShutdownEventRunnable
Event: 233.515 Loading class sun/awt/AppContext$PostShutdownEventRunnable done
Event: 233.515 Loading class sun/awt/AWTAutoShutdown$1
Event: 233.515 Loading class sun/awt/AWTAutoShutdown$1 done
Event: 236.036 Loading class java/nio/file/attribute/UserPrincipalLookupService
Event: 236.054 Loading class java/nio/file/attribute/UserPrincipalLookupService done
Event: 244.914 Loading class java/util/regex/Pattern$Bound
Event: 245.002 Loading class java/util/regex/Pattern$Bound done
Event: 245.151 Loading class java/nio/file/spi/FileSystemProvider$1
Event: 245.183 Loading class java/nio/file/spi/FileSystemProvider$1 done
Event: 245.714 Loading class java/nio/file/FileSystemNotFoundException
Event: 246.938 Loading class java/nio/file/FileSystemNotFoundException done

Classes unloaded (0 events):
No events

Classes redefined (0 events):
No events

Internal exceptions (20 events):
Event: 245.040 Thread 0x000001c45b62ad10 Exception <a 'sun/nio/fs/WindowsException'{0x000000071d6bbbb0}> (0x000000071d6bbbb0) 
thrown [s\src\hotspot\share\prims\jni.cpp, line 537]
Event: 245.063 Thread 0x000001c45b62ad10 Exception <a 'sun/nio/fs/WindowsException'{0x000000071d6eed98}> (0x000000071d6eed98) 
thrown [s\src\hotspot\share\prims\jni.cpp, line 537]
Event: 245.067 Thread 0x000001c454e49d20 Exception <a 'sun/nio/fs/WindowsException'{0x000000071d4eb958}> (0x000000071d4eb958) 
thrown [s\src\hotspot\share\prims\jni.cpp, line 537]
Event: 245.067 Thread 0x000001c45b62ad10 Exception <a 'sun/nio/fs/WindowsException'{0x000000071d6fa038}> (0x000000071d6fa038) 
thrown [s\src\hotspot\share\prims\jni.cpp, line 537]
Event: 245.067 Thread 0x000001c454e49d20 Exception <a 'sun/nio/fs/WindowsException'{0x000000071d4f1508}> (0x000000071d4f1508) 
thrown [s\src\hotspot\share\prims\jni.cpp, line 537]
Event: 245.071 Thread 0x000001c454e49d20 Exception <a 'sun/nio/fs/WindowsException'{0x000000071d4fdcb0}> (0x000000071d4fdcb0) 
thrown [s\src\hotspot\share\prims\jni.cpp, line 537]
Event: 245.071 Thread 0x000001c454e49d20 Exception <a 'sun/nio/fs/WindowsException'{0x000000071d4ff300}> (0x000000071d4ff300) 
thrown [s\src\hotspot\share\prims\jni.cpp, line 537]
Event: 245.072 Thread 0x000001c454e49d20 Exception <a 'sun/nio/fs/WindowsException'{0x000000071d500b48}> (0x000000071d500b48) 
thrown [s\src\hotspot\share\prims\jni.cpp, line 537]
Event: 245.072 Thread 0x000001c454e49d20 Exception <a 'sun/nio/fs/WindowsException'{0x000000071d5025f8}> (0x000000071d5025f8) 
thrown [s\src\hotspot\share\prims\jni.cpp, line 537]
Event: 245.073 Thread 0x000001c45b62ad10 Exception <a 'sun/nio/fs/WindowsException'{0x000000071d7052b0}> (0x000000071d7052b0) 
thrown [s\src\hotspot\share\prims\jni.cpp, line 537]
Event: 245.082 Thread 0x000001c45b62ad10 Exception <a 'sun/nio/fs/WindowsException'{0x000000071d710518}> (0x000000071d710518) 
thrown [s\src\hotspot\share\prims\jni.cpp, line 537]
Event: 245.133 Thread 0x000001c45b62ad10 Exception <a 'sun/nio/fs/WindowsException'{0x000000071d20bbd8}> (0x000000071d20bbd8) 
thrown [s\src\hotspot\share\prims\jni.cpp, line 537]
Event: 245.826 Thread 0x000001c454e49d20 Exception <a 'sun/nio/fs/WindowsException'{0x000000071d27dcb8}> (0x000000071d27dcb8) 
thrown [s\src\hotspot\share\prims\jni.cpp, line 537]
Event: 246.745 Thread 0x000001c454e49d20 Exception <a 'sun/nio/fs/WindowsException'{0x000000071d282bb0}> (0x000000071d282bb0) 
thrown [s\src\hotspot\share\prims\jni.cpp, line 537]
Event: 247.067 Thread 0x000001c454e49d20 Exception <a 'sun/nio/fs/WindowsException'{0x000000071c1c5558}> (0x000000071c1c5558) 
thrown [s\src\hotspot\share\prims\jni.cpp, line 537]
Event: 247.069 Thread 0x000001c454e49d20 Exception <a 'sun/nio/fs/WindowsException'{0x000000071c1cb120}> (0x000000071c1cb120) 
thrown [s\src\hotspot\share\prims\jni.cpp, line 537]
Event: 247.072 Thread 0x000001c454e49d20 Exception <a 'sun/nio/fs/WindowsException'{0x000000071c1d76a8}> (0x000000071c1d76a8) 
thrown [s\src\hotspot\share\prims\jni.cpp, line 537]
Event: 247.073 Thread 0x000001c454e49d20 Exception <a 'sun/nio/fs/WindowsException'{0x000000071c1d8d08}> (0x000000071c1d8d08) 
thrown [s\src\hotspot\share\prims\jni.cpp, line 537]
Event: 247.073 Thread 0x000001c454e49d20 Exception <a 'sun/nio/fs/WindowsException'{0x000000071c1da560}> (0x000000071c1da560) 
thrown [s\src\hotspot\share\prims\jni.cpp, line 537]
Event: 247.074 Thread 0x000001c454e49d20 Exception <a 'sun/nio/fs/WindowsException'{0x000000071c1dc030}> (0x000000071c1dc030) 
thrown [s\src\hotspot\share\prims\jni.cpp, line 537]

ZGC Phase Switch (0 events):
No events

VM Operations (20 events):
Event: 241.086 Executing safepoint VM operation: G1CollectForAllocation (G1 Evacuation Pause)
Event: 241.839 Executing safepoint VM operation: G1CollectForAllocation (G1 Evacuation Pause) done
Event: 241.887 Executing non-safepoint VM operation: HandshakeAllThreads (HandshakeForDeflation)
Event: 241.911 Executing non-safepoint VM operation: HandshakeAllThreads (HandshakeForDeflation) done
Event: 241.932 Executing non-safepoint VM operation: RendezvousGCThreads
Event: 241.932 Executing non-safepoint VM operation: RendezvousGCThreads done
Event: 242.936 Executing safepoint VM operation: Cleanup
Event: 242.952 Executing safepoint VM operation: Cleanup done
Event: 243.943 Executing safepoint VM operation: G1CollectForAllocation (G1 Evacuation Pause)
Event: 244.109 Executing safepoint VM operation: G1CollectForAllocation (G1 Evacuation Pause) done
Event: 244.967 Executing non-safepoint VM operation: HandshakeAllThreads (Deoptimize)
Event: 245.009 Executing non-safepoint VM operation: HandshakeAllThreads (Deoptimize) done
Event: 245.513 Executing non-safepoint VM operation: HandshakeAllThreads (Deoptimize)
Event: 245.531 Executing non-safepoint VM operation: HandshakeAllThreads (Deoptimize) done
Event: 245.531 Executing safepoint VM operation: Cleanup
Event: 245.532 Executing safepoint VM operation: Cleanup done
Event: 246.537 Executing safepoint VM operation: Cleanup
Event: 246.741 Executing safepoint VM operation: Cleanup done
Event: 247.763 Executing safepoint VM operation: Cleanup
Event: 248.135 Executing safepoint VM operation: Cleanup done

Memory protections (0 events):
No events

Nmethod flushes (20 events):
Event: 236.735 Thread 0x000001c45411b820 flushing  nmethod 0x000001c43eb05a90
Event: 236.735 Thread 0x000001c45411b820 flushing  nmethod 0x000001c43ee25610
Event: 236.735 Thread 0x000001c45411b820 flushing  nmethod 0x000001c43ee26510
Event: 236.735 Thread 0x000001c45411b820 flushing  nmethod 0x000001c43ee28790
Event: 236.735 Thread 0x000001c45411b820 flushing  nmethod 0x000001c43ee30d10
Event: 236.736 Thread 0x000001c45411b820 flushing  nmethod 0x000001c43f127d10
Event: 236.736 Thread 0x000001c45411b820 flushing  nmethod 0x000001c43f26ab10
Event: 236.736 Thread 0x000001c45411b820 flushing  nmethod 0x000001c43f400390
Event: 236.736 Thread 0x000001c45411b820 flushing  nmethod 0x000001c43f400d10
Event: 236.736 Thread 0x000001c45411b820 flushing  nmethod 0x000001c43f401110
Event: 236.736 Thread 0x000001c45411b820 flushing  nmethod 0x000001c43f401590
Event: 236.736 Thread 0x000001c45411b820 flushing  nmethod 0x000001c43f402310
Event: 236.736 Thread 0x000001c45411b820 flushing  nmethod 0x000001c43f402810
Event: 236.736 Thread 0x000001c45411b820 flushing  nmethod 0x000001c43f403210
Event: 236.736 Thread 0x000001c45411b820 flushing  nmethod 0x000001c43f404f10
Event: 236.736 Thread 0x000001c45411b820 flushing  nmethod 0x000001c43f405b10
Event: 236.736 Thread 0x000001c45411b820 flushing  nmethod 0x000001c43f406690
Event: 236.736 Thread 0x000001c45411b820 flushing  nmethod 0x000001c43f463490
Event: 236.736 Thread 0x000001c45411b820 flushing  nmethod 0x000001c43f463890
Event: 236.736 Thread 0x000001c45411b820 flushing  nmethod 0x000001c43f465e10

Events (20 events):
Event: 175.372 Thread 0x000001c454e475c0 Thread added: 0x000001c454e48970
Event: 176.391 Thread 0x000001c454e4c480 Thread added: 0x000001c454e4dec0
Event: 208.885 Thread 0x000001c454e49d20 Thread added: 0x000001c463d8dca0
Event: 210.302 Thread 0x000001c454e4c480 Thread added: 0x000001c463d8fd70
Event: 211.522 Thread 0x000001c454e4bdf0 Thread added: 0x000001c463d8d610
Event: 225.553 Thread 0x000001c45e4c8c20 Thread exited: 0x000001c45e4c8c20
Event: 225.553 Thread 0x000001c45e4cf520 Thread exited: 0x000001c45e4cf520
Event: 225.553 Thread 0x000001c45e4cee90 Thread exited: 0x000001c45e4cee90
Event: 230.806 Loaded shared library F:\Applications\ANDROID STUDIO\jbr\bin\awt.dll
Event: 231.791 Thread 0x000001c454e4dec0 Thread added: 0x000001c45e4c8c20
Event: 231.873 Thread 0x000001c454e4dec0 Thread added: 0x000001c454e4aa40
Event: 231.879 Thread 0x000001c454e4dec0 Thread added: 0x000001c454e4b0d0
Event: 232.100 Thread 0x000001c454e4dec0 Thread added: 0x000001c45cb744e0
Event: 233.759 Thread 0x000001c45cb744e0 Thread exited: 0x000001c45cb744e0
Event: 233.759 Thread 0x000001c454e4aa40 Thread exited: 0x000001c454e4aa40
Event: 235.024 Thread 0x000001c454e4dec0 Thread added: 0x000001c465b6f0e0
Event: 235.024 Thread 0x000001c454e4dec0 Thread added: 0x000001c465b6fe00
Event: 235.129 Thread 0x000001c465b6fe00 Thread added: 0x000001c465b74630
Event: 235.158 Thread 0x000001c465b6fe00 Thread added: 0x000001c465b71840
Event: 244.618 Thread 0x000001c4542e2780 Thread added: 0x000001c45dc23b20


Dynamic libraries:
0x00007ff6be780000 - 0x00007ff6be78a000 	F:\Applications\ANDROID STUDIO\jbr\bin\java.exe
0x00007fff6b1f0000 - 0x00007fff6b3e8000 	C:\WINDOWS\SYSTEM32\ntdll.dll
0x00007fff69480000 - 0x00007fff69542000 	C:\WINDOWS\System32\KERNEL32.DLL
0x00007fff68da0000 - 0x00007fff69096000 	C:\WINDOWS\System32\KERNELBASE.dll
0x00007fff689b0000 - 0x00007fff68ab0000 	C:\WINDOWS\System32\ucrtbase.dll
0x00007fff62140000 - 0x00007fff6215b000 	F:\Applications\ANDROID STUDIO\jbr\bin\VCRUNTIME140.dll
0x00007fff61b70000 - 0x00007fff61b88000 	F:\Applications\ANDROID STUDIO\jbr\bin\jli.dll
0x00007fff6aef0000 - 0x00007fff6b091000 	C:\WINDOWS\System32\USER32.dll
0x00007fff68b40000 - 0x00007fff68b62000 	C:\WINDOWS\System32\win32u.dll
0x00007fff69eb0000 - 0x00007fff69edb000 	C:\WINDOWS\System32\GDI32.dll
0x00007fff690a0000 - 0x00007fff691b9000 	C:\WINDOWS\System32\gdi32full.dll
0x00007fff68b70000 - 0x00007fff68c0d000 	C:\WINDOWS\System32\msvcp_win.dll
0x00007fff5a5b0000 - 0x00007fff5a84b000 	C:\WINDOWS\WinSxS\amd64_microsoft.windows.common-controls_6595b64144ccf1df_6.0.19041.6456_none_60b8a6cb71f64256\COMCTL32.dll
0x00007fff69210000 - 0x00007fff692ae000 	C:\WINDOWS\System32\msvcrt.dll
0x00007fff6b0a0000 - 0x00007fff6b0cf000 	C:\WINDOWS\System32\IMM32.DLL
0x00007fff53dc0000 - 0x00007fff53eb2000 	C:\Program Files\Windhawk\Engine\1.7.3\64\windhawk.dll
0x00007fff692b0000 - 0x00007fff69361000 	C:\WINDOWS\System32\ADVAPI32.dll
0x00007fff6a550000 - 0x00007fff6a5ef000 	C:\WINDOWS\System32\sechost.dll
0x00007fff6a0e0000 - 0x00007fff6a200000 	C:\WINDOWS\System32\RPCRT4.dll
0x00007fff68c10000 - 0x00007fff68c37000 	C:\WINDOWS\System32\bcrypt.dll
0x00007fff53b40000 - 0x00007fff53b6b000 	C:\ProgramData\Windhawk\Engine\Mods\64\explorer-details-better-file-sizes_1.5.1_564725.dll
0x00007fff6a650000 - 0x00007fff6a77b000 	C:\WINDOWS\System32\ole32.dll
0x00007fff69b30000 - 0x00007fff69e84000 	C:\WINDOWS\System32\combase.dll
0x00007fff6b0d0000 - 0x00007fff6b19d000 	C:\WINDOWS\System32\OLEAUT32.dll
0x00007fff6a780000 - 0x00007fff6aef0000 	C:\WINDOWS\System32\SHELL32.dll
0x00007fff65980000 - 0x00007fff65a74000 	C:\WINDOWS\SYSTEM32\PROPSYS.dll
0x00007fff53990000 - 0x00007fff53b39000 	C:\ProgramData\Windhawk\Engine\Mods\64\libc++.whl
0x00007fff53950000 - 0x00007fff5398a000 	C:\ProgramData\Windhawk\Engine\Mods\64\libunwind.whl
0x00007fff62eb0000 - 0x00007fff62ebc000 	F:\Applications\ANDROID STUDIO\jbr\bin\vcruntime140_1.dll
0x00007fff54180000 - 0x00007fff5420d000 	F:\Applications\ANDROID STUDIO\jbr\bin\msvcp140.dll
0x00007fff05f70000 - 0x00007fff06c06000 	F:\Applications\ANDROID STUDIO\jbr\bin\server\jvm.dll
0x00007fff6a460000 - 0x00007fff6a4cb000 	C:\WINDOWS\System32\WS2_32.dll
0x00007fff68300000 - 0x00007fff6834b000 	C:\WINDOWS\SYSTEM32\POWRPROF.dll
0x00007fff5f9f0000 - 0x00007fff5fa17000 	C:\WINDOWS\SYSTEM32\WINMM.dll
0x00007fff60330000 - 0x00007fff6033a000 	C:\WINDOWS\SYSTEM32\VERSION.dll
0x00007fff682e0000 - 0x00007fff682f2000 	C:\WINDOWS\SYSTEM32\UMPDC.dll
0x00007fff666f0000 - 0x00007fff66702000 	C:\WINDOWS\SYSTEM32\kernel.appcore.dll
0x00007fff61fb0000 - 0x00007fff61fba000 	F:\Applications\ANDROID STUDIO\jbr\bin\jimage.dll
0x00007fff51c90000 - 0x00007fff51e91000 	C:\WINDOWS\SYSTEM32\DBGHELP.DLL
0x00007fff51a60000 - 0x00007fff51a94000 	C:\WINDOWS\SYSTEM32\dbgcore.DLL
0x00007fff68ab0000 - 0x00007fff68b32000 	C:\WINDOWS\System32\bcryptPrimitives.dll
0x00007fff62160000 - 0x00007fff6216e000 	F:\Applications\ANDROID STUDIO\jbr\bin\instrument.dll
0x00007fff52ac0000 - 0x00007fff52ae0000 	F:\Applications\ANDROID STUDIO\jbr\bin\java.dll
0x00007fff52870000 - 0x00007fff52888000 	F:\Applications\ANDROID STUDIO\jbr\bin\zip.dll
0x00007fff668f0000 - 0x00007fff67095000 	C:\WINDOWS\SYSTEM32\windows.storage.dll
0x00007fff68240000 - 0x00007fff6826b000 	C:\WINDOWS\System32\Wldp.dll
0x00007fff693d0000 - 0x00007fff6947d000 	C:\WINDOWS\System32\SHCORE.dll
0x00007fff6a5f0000 - 0x00007fff6a64b000 	C:\WINDOWS\System32\shlwapi.dll
0x00007fff687b0000 - 0x00007fff687d4000 	C:\WINDOWS\SYSTEM32\profapi.dll
0x00007fff61ad0000 - 0x00007fff61ae0000 	F:\Applications\ANDROID STUDIO\jbr\bin\net.dll
0x00007fff61620000 - 0x00007fff6172a000 	C:\WINDOWS\SYSTEM32\WINHTTP.dll
0x00007fff67f30000 - 0x00007fff67f9a000 	C:\WINDOWS\system32\mswsock.dll
0x00007fff51bf0000 - 0x00007fff51c06000 	F:\Applications\ANDROID STUDIO\jbr\bin\nio.dll
0x00007fff64fe0000 - 0x00007fff64ff0000 	F:\Applications\ANDROID STUDIO\jbr\bin\verify.dll
0x00007fff579a0000 - 0x00007fff579c7000 	C:\Users\AKUMA\.gradle\native\660c5614fbf4a5f2a75b1949f50a0caf5cd603558e7d8a26e50b933a0cfb79d1\windows-amd64\native-platform.dll
0x00007fff4f020000 - 0x00007fff4f097000 	C:\Users\AKUMA\.gradle\native\0.2.8\x86_64-windows-gnu\gradle-fileevents.dll
0x00007fff58330000 - 0x00007fff58339000 	F:\Applications\ANDROID STUDIO\jbr\bin\management.dll
0x00007fff57fc0000 - 0x00007fff57fcb000 	F:\Applications\ANDROID STUDIO\jbr\bin\management_ext.dll
0x00007fff69640000 - 0x00007fff69648000 	C:\WINDOWS\System32\PSAPI.DLL
0x00007fff67c10000 - 0x00007fff67c4b000 	C:\WINDOWS\SYSTEM32\IPHLPAPI.DLL
0x00007fff6b1a0000 - 0x00007fff6b1a8000 	C:\WINDOWS\System32\NSI.dll
0x00007fff58350000 - 0x00007fff58359000 	F:\Applications\ANDROID STUDIO\jbr\bin\extnet.dll
0x00007fff681a0000 - 0x00007fff681b8000 	C:\WINDOWS\SYSTEM32\CRYPTSP.dll
0x00007fff67850000 - 0x00007fff67888000 	C:\WINDOWS\system32\rsaenh.dll
0x00007fff68770000 - 0x00007fff6879e000 	C:\WINDOWS\SYSTEM32\USERENV.dll
0x00007fff68190000 - 0x00007fff6819c000 	C:\WINDOWS\SYSTEM32\CRYPTBASE.dll
0x00007fff62ef0000 - 0x00007fff62ef7000 	C:\WINDOWS\system32\wshunix.dll
0x00007fff67c50000 - 0x00007fff67d1a000 	C:\WINDOWS\SYSTEM32\DNSAPI.dll
0x00007fff591e0000 - 0x00007fff591ea000 	C:\Windows\System32\rasadhlp.dll
0x00007fff59410000 - 0x00007fff59490000 	C:\WINDOWS\System32\fwpuclnt.dll
0x00007fff65680000 - 0x00007fff65714000 	C:\WINDOWS\system32\apphelp.dll
0x00007fff08840000 - 0x00007fff089d9000 	F:\Applications\ANDROID STUDIO\jbr\bin\awt.dll
0x00007fff5f340000 - 0x00007fff5f3a6000 	C:\WINDOWS\SYSTEM32\OLEACC.dll
0x00007fff663f0000 - 0x00007fff6641e000 	C:\WINDOWS\SYSTEM32\dwmapi.dll
0x00007fff4e6e0000 - 0x00007fff4e724000 	F:\Applications\ANDROID STUDIO\jbr\bin\nvdaControllerClient64.dll
0x00007fff66200000 - 0x00007fff6629e000 	C:\WINDOWS\system32\uxtheme.dll
0x00007fff69ee0000 - 0x00007fff69ff5000 	C:\WINDOWS\System32\MSCTF.dll

JVMTI agents:
C:\Users\AKUMA\.gradle\wrapper\dists\gradle-9.3.1-all\9ot9r568e8zfvvd4mn8rbu1j0\gradle-9.3.1\lib\agents\gradle-instrumentation-agent-9.3.1.jar path:F:\Applications\ANDROID STUDIO\jbr\bin\instrument.dll, loaded, initialized, instrumentlib options:none

dbghelp: loaded successfully - version: 4.0.5 - missing functions: none
symbol engine: initialized successfully - sym options: 0x614 - pdb path: .;F:\Applications\ANDROID STUDIO\jbr\bin;C:\WINDOWS\SYSTEM32;C:\WINDOWS\WinSxS\amd64_microsoft.windows.common-controls_6595b64144ccf1df_6.0.19041.6456_none_60b8a6cb71f64256;C:\Program Files\Windhawk\Engine\1.7.3\64;C:\ProgramData\Windhawk\Engine\Mods\64;F:\Applications\ANDROID STUDIO\jbr\bin\server;C:\Users\AKUMA\.gradle\native\660c5614fbf4a5f2a75b1949f50a0caf5cd603558e7d8a26e50b933a0cfb79d1\windows-amd64;C:\Users\AKUMA\.gradle\native\0.2.8\x86_64-windows-gnu

VM Arguments:
jvm_args: --add-opens=java.base/java.lang=ALL-UNNAMED --add-opens=java.base/java.lang.invoke=ALL-UNNAMED --add-opens=java.base/java.util=ALL-UNNAMED --add-opens=java.prefs/java.util.prefs=ALL-UNNAMED --add-exports=jdk.compiler/com.sun.tools.javac.api=ALL-UNNAMED --add-exports=jdk.compiler/com.sun.tools.javac.util=ALL-UNNAMED --add-opens=java.base/java.util=ALL-UNNAMED --add-opens=java.prefs/java.util.prefs=ALL-UNNAMED --add-opens=java.base/java.nio.charset=ALL-UNNAMED --add-opens=java.base/java.net=ALL-UNNAMED --add-opens=java.base/java.util.concurrent=ALL-UNNAMED --add-opens=java.base/java.util.concurrent.atomic=ALL-UNNAMED --add-opens=java.xml/javax.xml.namespace=ALL-UNNAMED --add-opens=java.base/java.time=ALL-UNNAMED -Xmx4g -Dfile.encoding=UTF-8 -Duser.country=US -Duser.language=en -Duser.variant -javaagent:C:\Users\AKUMA\.gradle\wrapper\dists\gradle-9.3.1-all\9ot9r568e8zfvvd4mn8rbu1j0\gradle-9.3.1\lib\agents\gradle-instrumentation-agent-9.3.1.jar 
java_command: org.gradle.launcher.daemon.bootstrap.GradleDaemon 9.3.1
java_class_path (initial): C:\Users\AKUMA\.gradle\wrapper\dists\gradle-9.3.1-all\9ot9r568e8zfvvd4mn8rbu1j0\gradle-9.3.1\lib\gradle-daemon-main-9.3.1.jar
Launcher Type: SUN_STANDARD

[Global flags]
     intx CICompilerCount                          = 3                                         {product} {ergonomic}
     uint ConcGCThreads                            = 1                                         {product} {ergonomic}
     uint G1ConcRefinementThreads                  = 4                                         {product} {ergonomic}
   size_t G1HeapRegionSize                         = 2097152                                   {product} {ergonomic}
    uintx GCDrainStackTargetSize                   = 64                                        {product} {ergonomic}
   size_t InitialHeapSize                          = 67108864                                  {product} {ergonomic}
   size_t MarkStackSize                            = 4194304                                   {product} {ergonomic}
   size_t MaxHeapSize                              = 4294967296                                {product} {command line}
   size_t MaxNewSize                               = 2575302656                                {product} {ergonomic}
   size_t MinHeapDeltaBytes                        = 2097152                                   {product} {ergonomic}
   size_t MinHeapSize                              = 8388608                                   {product} {ergonomic}
    uintx NonNMethodCodeHeapSize                   = 5832780                                {pd product} {ergonomic}
    uintx NonProfiledCodeHeapSize                  = 122912730                              {pd product} {ergonomic}
    uintx ProfiledCodeHeapSize                     = 122912730                              {pd product} {ergonomic}
    uintx ReservedCodeCacheSize                    = 251658240                              {pd product} {ergonomic}
     bool SegmentedCodeCache                       = true                                      {product} {ergonomic}
   size_t SoftMaxHeapSize                          = 4294967296                             {manageable} {ergonomic}
     bool UseCompressedOops                        = true                           {product lp64_product} {ergonomic}
     bool UseG1GC                                  = true                                      {product} {ergonomic}
     bool UseLargePagesIndividualAllocation        = false                                  {pd product} {ergonomic}

Logging:
Log output configuration:
 #0: stdout all=warning uptime,level,tags foldmultilines=false
 #1: stderr all=off uptime,level,tags foldmultilines=false

Release file:
JAVA_VERSION="21.0.10" 
MODULES="java.base java.compiler java.datatransfer java.xml java.prefs java.desktop java.instrument java.logging java.management java.security.sasl java.naming java.rmi java.management.rmi java.net.http java.scripting java.security.jgss java.transaction.xa java.sql java.sql.rowset java.xml.crypto java.se java.smartcardio jdk.accessibility jdk.internal.jvmstat jdk.attach jdk.charsets jdk.internal.opt jdk.zipfs jdk.compiler jdk.crypto.ec jdk.crypto.cryptoki jdk.dynalink jdk.hotspot.agent jdk.httpserver jdk.internal.ed jdk.internal.le jdk.internal.vm.ci jdk.jartool jdk.javadoc jdk.jcmd jdk.jdeps jdk.jdwp.agent jdk.jdi jdk.jfr jdk.jlink jdk.jsobject jdk.localedata jdk.management jdk.management.agent jdk.management.jfr jdk.naming.dns jdk.naming.rmi jdk.net jdk.sctp jdk.security.auth jdk.security.jgss jdk.unsupported jdk.unsupported.desktop jdk.xml.dom" 
IMPLEMENTOR="JetBrains s.r.o." 
JAVA_RUNTIME_VERSION="21.0.10+-14961533-b1163.108" 
LIBC="default" 
OS_ARCH="x86_64" 
OS_NAME="Windows" 
SOURCE=".:git:1351622c2ff2" 

Environment Variables:
PATH=C:\Program Files (x86)\Common Files\Intel\Shared Libraries\redist\intel64\compiler;C:\WINDOWS\system32;C:\WINDOWS;C:\WINDOWS\System32\Wbem;C:\WINDOWS\System32\WindowsPowerShell\v1.0\;C:\WINDOWS\System32\OpenSSH\;C:\Program Files\dotnet\;C:\Program Files (x86)\NVIDIA Corporation\PhysX\Common;C:\Program Files\Git\cmd;C:\Program Files\nodejs\;C:\Users\AKUMA\.cargo\bin;C:\Users\AKUMA\AppData\Local\Programs\Python\Python311\Scripts\;C:\Users\AKUMA\AppData\Local\Programs\Python\Python311\;C:\Users\AKUMA\AppData\Local\Microsoft\WindowsApps;D:\New folder\Microsoft VS Code\bin;C:\Users\AKUMA\AppData\Roaming\npm;C:\Users\AKUMA\AppData\Local\GitHubDesktop\bin
USERNAME=AKUMA
OS=Windows_NT
PROCESSOR_IDENTIFIER=Intel64 Family 6 Model 58 Stepping 9, GenuineIntel
TMP=C:\Users\AKUMA\AppData\Local\Temp
TEMP=C:\Users\AKUMA\AppData\Local\Temp




Periodic native trim disabled

JNI global refs:
JNI global refs: 40, weak refs: 46

JNI global refs memory usage: 835, weak refs: 1465

Process memory usage:
Resident Set Size: 395416K (9% of 4094264K total physical memory with 206968K free physical memory)

OOME stack traces (most recent first):
Classloader memory used:
Loader org.gradle.internal.classloader.VisitableURLClassLoader$InstrumentingVisitableURLClassLoader: 50423K
Loader org.gradle.internal.classloader.VisitableURLClassLoader                         : 48105K
Loader bootstrap                                                                       : 36154K
Loader org.gradle.initialization.MixInLegacyTypesClassLoader                           : 16474K
Loader java.net.URLClassLoader                                                         : 15261K
Loader jdk.internal.reflect.DelegatingClassLoader                                      : 1257K
Loader jdk.internal.loader.ClassLoaders$PlatformClassLoader                            : 502K
Loader org.gradle.internal.classloader.VisitableURLClassLoader                         : 367K
Loader jdk.internal.loader.ClassLoaders$AppClassLoader                                 : 231K
Loader org.gradle.groovy.scripts.internal.DefaultScriptCompilationHandler$ScriptClassLoader: 127K

Classes loaded by more than one classloader:
Class Program                                                                         : loaded 5 times (x 72B)
Class Build_gradle                                                                    : loaded 3 times (x 126B)
Class kotlin.text.StringsKt__StringsKt                                                : loaded 2 times (x 71B)
Class kotlin.NotImplementedError                                                      : loaded 2 times (x 82B)
Class com.google.common.base.PairwiseEquivalence                                      : loaded 2 times (x 83B)
Class com.google.common.base.Equivalence$Identity                                     : loaded 2 times (x 82B)
Class com.google.common.collect.RegularImmutableMap$KeySet                            : loaded 2 times (x 152B)
Class org.gradle.internal.classloader.FilteringClassLoader                            : loaded 2 times (x 105B)
Class kotlin.jvm.internal.CollectionToArray                                           : loaded 2 times (x 71B)
Class kotlin.sequences.FilteringSequence$iterator$1                                   : loaded 2 times (x 79B)
Class kotlin.sequences.SequencesKt__SequenceBuilderKt                                 : loaded 2 times (x 71B)
Class kotlin.collections.CollectionsKt__ReversedViewsKt                               : loaded 2 times (x 71B)
Class [Lcom.google.common.base.AbstractIterator$State;                                : loaded 2 times (x 69B)
Class com.google.common.io.FileWriteMode                                              : loaded 2 times (x 79B)
Class com.google.common.base.CharMatcher$IsEither                                     : loaded 2 times (x 111B)
Class org.gradle.internal.classloader.ClassLoaderHierarchy                            : loaded 2 times (x 70B)
Class kotlin.SafePublicationLazyImpl$Companion                                        : loaded 2 times (x 71B)
Class com.google.common.collect.AbstractMapBasedMultimap$WrappedCollection            : loaded 2 times (x 124B)
Class com.google.common.collect.ImmutableEnumSet                                      : loaded 2 times (x 146B)
Class com.google.common.util.concurrent.ExecutionError                                : loaded 2 times (x 82B)
Class com.google.common.collect.ImmutableList$1                                       : loaded 2 times (x 97B)
Class org.gradle.api.internal.classpath.ManifestUtil                                  : loaded 2 times (x 71B)
Class kotlin.collections.builders.MapBuilder                                          : loaded 2 times (x 112B)
Class kotlin.ranges.IntProgression$Companion                                          : loaded 2 times (x 71B)
Class com.google.common.io.ByteArrayDataOutput                                        : loaded 2 times (x 70B)
Class com.google.common.collect.RegularImmutableMap                                   : loaded 2 times (x 121B)
Class com.google.common.collect.ImmutableMap$MapViewOfValuesAsSingletonSets           : loaded 2 times (x 126B)
Class kotlin.sequences.TransformingSequence                                           : loaded 2 times (x 75B)
Class [Lorg.objectweb.asm.Symbol;                                                     : loaded 2 times (x 69B)
Class org.objectweb.asm.ClassVisitor                                                  : loaded 2 times (x 88B)
Class com.google.common.collect.UnmodifiableListIterator                              : loaded 2 times (x 95B)
Class kotlin.io.LinesSequence                                                         : loaded 2 times (x 75B)
Class com.google.common.base.Platform$JdkPatternCompiler                              : loaded 2 times (x 75B)
Class org.objectweb.asm.MethodTooLargeException                                       : loaded 2 times (x 83B)
Class [Lcom.google.common.cache.CacheBuilder$OneWeigher;                              : loaded 2 times (x 69B)
Class com.google.common.base.Suppliers                                                : loaded 2 times (x 71B)
Class org.gradle.internal.classloader.DefaultClassLoaderFactory                       : loaded 2 times (x 82B)
Class kotlin.sequences.SequencesKt___SequencesKt                                      : loaded 2 times (x 71B)
Class kotlin.collections.AbstractList$Companion                                       : loaded 2 times (x 71B)
Class com.google.common.base.CharMatcher$None                                         : loaded 2 times (x 112B)
Class com.google.common.io.ByteSource$ConcatenatedByteSource                          : loaded 2 times (x 85B)
Class org.gradle.internal.classloader.ClassLoaderVisitor                              : loaded 2 times (x 76B)
Class [Lcom.google.common.collect.ImmutableMapEntry;                                  : loaded 2 times (x 69B)
Class org.gradle.api.internal.classpath.EffectiveClassPath                            : loaded 2 times (x 90B)
Class kotlin.coroutines.ContinuationInterceptor                                       : loaded 2 times (x 70B)
Class kotlin.text.StringsKt__AppendableKt                                             : loaded 2 times (x 71B)
Class com.google.common.collect.ListMultimap                                          : loaded 2 times (x 70B)
Class com.google.common.collect.ImmutableEnumMap                                      : loaded 2 times (x 126B)
Class com.google.common.base.Splitter                                                 : loaded 2 times (x 72B)
Class com.google.common.collect.Sets$1                                                : loaded 2 times (x 139B)
Class org.objectweb.asm.AnnotationVisitor                                             : loaded 2 times (x 78B)
Class org.gradle.api.internal.DefaultClassPathProvider                                : loaded 2 times (x 76B)
Class kotlin.text.StringsKt__StringNumberConversionsJVMKt                             : loaded 2 times (x 71B)
Class kotlin.sequences.Sequence                                                       : loaded 2 times (x 70B)
Class com.google.common.collect.Maps$ViewCachingAbstractMap                           : loaded 2 times (x 125B)
Class com.google.common.io.CharSource$ConcatenatedCharSource                          : loaded 2 times (x 86B)
Class com.google.common.collect.Sets$2                                                : loaded 2 times (x 139B)
Class [Lorg.gradle.api.internal.ClassPathProvider;                                    : loaded 2 times (x 69B)
Class org.gradle.api.internal.ClassPathProvider                                       : loaded 2 times (x 70B)
Class com.google.common.base.AbstractIterator$State                                   : loaded 2 times (x 79B)
Class [Lorg.objectweb.asm.AnnotationVisitor;                                          : loaded 2 times (x 69B)
Class com.google.common.collect.Sets$3                                                : loaded 2 times (x 139B)
Class com.google.common.cache.LocalCache$LocalLoadingCache                            : loaded 2 times (x 134B)
Class ijJvmDebugger1_38g6b8zsifw0bi6bpaitofnq5$_run_closure1$_closure2                : loaded 2 times (x 140B)
Class org.gradle.internal.service.UnknownServiceException                             : loaded 2 times (x 83B)
Class com.google.common.io.ByteArrayDataInput                                         : loaded 2 times (x 70B)
Class com.google.common.collect.Sets$4                                                : loaded 2 times (x 139B)
Class org.objectweb.asm.ModuleVisitor                                                 : loaded 2 times (x 81B)
Class com.google.common.cache.LocalCache$Strength$1                                   : loaded 2 times (x 81B)
Class kotlin.coroutines.jvm.internal.SuspendLambda                                    : loaded 2 times (x 91B)
Class kotlin.coroutines.jvm.internal.ContinuationImpl                                 : loaded 2 times (x 87B)
Class com.google.common.util.concurrent.SettableFuture                                : loaded 2 times (x 114B)
Class com.google.common.cache.LocalCache$Strength$2                                   : loaded 2 times (x 81B)
Class kotlin.text.StringsKt__RegexExtensionsJVMKt                                     : loaded 2 times (x 71B)
Class kotlin.collections.ArraysKt___ArraysJvmKt                                       : loaded 2 times (x 71B)
Class kotlin.collections.CollectionsKt__CollectionsKt                                 : loaded 2 times (x 71B)
Class com.google.common.collect.TransformedIterator                                   : loaded 2 times (x 80B)
Class com.google.common.base.Splitter$1                                               : loaded 2 times (x 77B)
Class com.google.common.io.ByteStreams                                                : loaded 2 times (x 71B)
Class com.google.common.cache.LocalCache$Strength$3                                   : loaded 2 times (x 81B)
Class com.google.common.collect.MapDifference                                         : loaded 2 times (x 70B)
Class kotlin._Assertions                                                              : loaded 2 times (x 71B)
Class org.objectweb.asm.FieldWriter                                                   : loaded 2 times (x 78B)
Class com.google.common.cache.CacheBuilder$NullListener                               : loaded 2 times (x 82B)
Class org.gradle.internal.classpath.TransformedClassPath                              : loaded 2 times (x 96B)
Class org.gradle.internal.classloader.InstrumentingClassLoader                        : loaded 2 times (x 70B)
Class kotlin.jvm.internal.FunctionReference                                           : loaded 2 times (x 122B)
Class [Lkotlin.coroutines.intrinsics.CoroutineSingletons;                             : loaded 2 times (x 69B)
Class kotlin.jvm.internal.FunctionBase                                                : loaded 2 times (x 70B)
Class kotlin.enums.EnumEntriesList                                                    : loaded 2 times (x 223B)
Class com.google.common.cache.CacheLoader$FunctionToCacheLoader                       : loaded 2 times (x 75B)
Class kotlin.io.TextStreamsKt                                                         : loaded 2 times (x 71B)
Class com.google.common.collect.ImmutableCollection$Builder                           : loaded 2 times (x 76B)
Class kotlin.collections.CollectionsKt__IteratorsJVMKt                                : loaded 2 times (x 71B)
Class com.google.common.base.Joiner                                                   : loaded 2 times (x 79B)
Class com.google.common.base.MoreObjects                                              : loaded 2 times (x 71B)
Class kotlin.Result                                                                   : loaded 2 times (x 72B)
Class com.google.common.collect.Platform                                              : loaded 2 times (x 71B)
Class [Lorg.objectweb.asm.Type;                                                       : loaded 2 times (x 69B)
Class com.google.common.collect.UnmodifiableIterator                                  : loaded 2 times (x 80B)
Class org.gradle.internal.service.ServiceLocator                                      : loaded 2 times (x 70B)
Class kotlin.sequences.TransformingSequence$iterator$1                                : loaded 2 times (x 79B)
Class kotlin.Pair                                                                     : loaded 2 times (x 72B)
Class com.google.common.base.Ascii                                                    : loaded 2 times (x 71B)
Class com.google.common.cache.LocalCache$1                                            : loaded 2 times (x 89B)
Class com.google.common.collect.SingletonImmutableBiMap                               : loaded 2 times (x 143B)
Class com.google.common.collect.Iterators$SingletonIterator                           : loaded 2 times (x 81B)
Class com.google.common.collect.AbstractMapEntry                                      : loaded 2 times (x 81B)
Class kotlin.collections.CollectionsKt__MutableCollectionsKt                          : loaded 2 times (x 71B)
Class kotlin.io.CloseableKt                                                           : loaded 2 times (x 71B)
Class com.google.common.io.CharSource$StringCharSource                                : loaded 2 times (x 86B)
Class com.google.common.io.ByteSource$ByteArrayByteSource                             : loaded 2 times (x 85B)
Class com.google.common.collect.Sets$ImprovedAbstractSet                              : loaded 2 times (x 135B)
Class com.google.common.collect.ImmutableList$Builder                                 : loaded 2 times (x 77B)
Class com.google.common.collect.AbstractMultimap                                      : loaded 2 times (x 123B)
Class com.google.common.cache.LocalCache$2                                            : loaded 2 times (x 142B)
Class kotlin.reflect.KCallable                                                        : loaded 2 times (x 70B)
Class kotlin.coroutines.CoroutineContext$Element                                      : loaded 2 times (x 70B)
Class com.google.common.collect.RegularImmutableAsList                                : loaded 2 times (x 217B)
Class kotlin.io.LinesSequence$iterator$1                                              : loaded 2 times (x 79B)
Class kotlin.text.CharsKt                                                             : loaded 2 times (x 71B)
Class com.google.common.base.Optional                                                 : loaded 2 times (x 80B)
Class com.google.common.util.concurrent.AbstractFuture$Trusted                        : loaded 2 times (x 70B)
Class com.google.common.collect.Iterators                                             : loaded 2 times (x 71B)
Class kotlin.coroutines.ContinuationInterceptor$Key                                   : loaded 2 times (x 71B)
Class kotlin.text.DelimitedRangesSequence$iterator$1                                  : loaded 2 times (x 79B)
Class com.google.common.io.ByteSink$AsCharSink                                        : loaded 2 times (x 80B)
Class com.google.common.collect.Lists$StringAsImmutableList                           : loaded 2 times (x 207B)
Class com.google.common.util.concurrent.UncheckedExecutionException                   : loaded 2 times (x 82B)
Class org.gradle.kotlin.dsl.VersionCatalogAccessorsKt                                 : loaded 2 times (x 71B)
Class kotlin.collections.MapsKt__MapsJVMKt                                            : loaded 2 times (x 71B)
Class kotlin.collections.EmptyList                                                    : loaded 2 times (x 174B)
Class com.google.common.collect.AbstractMapBasedMultimap$KeySet$1                     : loaded 2 times (x 82B)
Class org.objectweb.asm.ClassWriter                                                   : loaded 2 times (x 106B)
Class com.google.common.cache.CacheLoader$UnsupportedLoadingOperationException        : loaded 2 times (x 82B)
Class com.google.common.base.CharMatcher$And                                          : loaded 2 times (x 112B)
Class org.gradle.internal.classloader.ClasspathUtil$1                                 : loaded 2 times (x 76B)
Class kotlin.coroutines.ContinuationKt                                                : loaded 2 times (x 71B)
Class kotlin.collections.builders.ListBuilderKt                                       : loaded 2 times (x 71B)
Class org.objectweb.asm.FieldVisitor                                                  : loaded 2 times (x 77B)
Class com.google.common.collect.IndexedImmutableSet                                   : loaded 2 times (x 152B)
Class com.google.common.collect.ImmutableMap$1                                        : loaded 2 times (x 81B)
Class com.google.common.collect.BiMap                                                 : loaded 2 times (x 70B)
Class org.gradle.api.internal.classpath.DefaultModuleRegistry$DefaultModule           : loaded 2 times (x 86B)
Class kotlin.ResultKt                                                                 : loaded 2 times (x 71B)
Class com.google.common.base.Absent                                                   : loaded 2 times (x 80B)
Class com.google.common.primitives.Ints                                               : loaded 2 times (x 71B)
Class com.google.common.collect.AbstractIterator                                      : loaded 2 times (x 82B)
Class kotlin.Result$Failure                                                           : loaded 2 times (x 72B)
Class kotlin.collections.ArraysKt__ArraysKt                                           : loaded 2 times (x 71B)
Class com.google.common.collect.ObjectArrays                                          : loaded 2 times (x 71B)
Class com.google.common.math.MathPreconditions                                        : loaded 2 times (x 71B)
Class com.google.common.collect.Multiset                                              : loaded 2 times (x 70B)
Class com.google.common.collect.ArrayListMultimapGwtSerializationDependencies         : loaded 2 times (x 172B)
Class com.google.common.collect.AbstractIndexedListIterator                           : loaded 2 times (x 96B)
Class kotlin.collections.SetsKt__SetsJVMKt                                            : loaded 2 times (x 71B)
Class kotlin.Function                                                                 : loaded 2 times (x 70B)
Class com.google.common.collect.ImmutableMapEntrySet                                  : loaded 2 times (x 152B)
Class org.gradle.api.internal.classpath.Module                                        : loaded 2 times (x 70B)
Class kotlin.internal.ProgressionUtilKt                                               : loaded 2 times (x 71B)
Class com.google.common.cache.Weigher                                                 : loaded 2 times (x 70B)
Class org.gradle.api.internal.classpath.UnknownModuleException                        : loaded 2 times (x 82B)
Class com.google.common.base.Stopwatch                                                : loaded 2 times (x 72B)
Class com.google.common.cache.LocalCache$Strength                                     : loaded 2 times (x 81B)
Class com.google.common.cache.Cache                                                   : loaded 2 times (x 70B)
Class com.google.common.base.NullnessCasts                                            : loaded 2 times (x 71B)
Class com.google.common.util.concurrent.AbstractFuture$Cancellation                   : loaded 2 times (x 72B)
Class com.google.common.collect.ImmutableMap$Builder                                  : loaded 2 times (x 82B)
Class com.google.common.collect.AbstractMapBasedMultimap$WrappedCollection$WrappedIterator: loaded 2 times (x 84B)
Class com.google.common.base.Present                                                  : loaded 2 times (x 81B)
Class com.google.common.cache.RemovalListener                                         : loaded 2 times (x 70B)
Class ijJvmDebugger1_38g6b8zsifw0bi6bpaitofnq5$_run_closure1                          : loaded 2 times (x 139B)
Class org.gradle.api.internal.DefaultClassPathRegistry                                : loaded 2 times (x 76B)
Class kotlin.ranges.ClosedRange                                                       : loaded 2 times (x 70B)
Class com.google.common.primitives.IntsMethodsForWeb                                  : loaded 2 times (x 71B)
Class com.google.common.collect.Multimap                                              : loaded 2 times (x 70B)
Class org.gradle.api.internal.ClassPathRegistry                                       : loaded 2 times (x 70B)
Class org.gradle.internal.classpath.DefaultClassPath$ImmutableUniqueList              : loaded 2 times (x 199B)
Class kotlin.jvm.internal.TypeIntrinsics                                              : loaded 2 times (x 71B)
Class kotlin.text.StringsKt__StringsJVMKt                                             : loaded 2 times (x 71B)
Class kotlin.text.StringsKt__IndentKt                                                 : loaded 2 times (x 71B)
Class kotlin.collections.SetsKt                                                       : loaded 2 times (x 71B)
Class com.google.common.collect.Iterators$ArrayItr                                    : loaded 2 times (x 97B)
Class com.google.common.io.ByteSink                                                   : loaded 2 times (x 76B)
Class com.google.common.cache.CacheBuilder                                            : loaded 2 times (x 72B)
Class com.google.common.collect.SingletonImmutableList                                : loaded 2 times (x 207B)
Class Settings_gradle$1                                                               : loaded 2 times (x 74B)
Class org.gradle.internal.classpath.ClassPath                                         : loaded 2 times (x 70B)
Class kotlin.reflect.KFunction                                                        : loaded 2 times (x 70B)
Class com.google.common.io.Files$FileByteSource                                       : loaded 2 times (x 85B)
Class com.google.common.base.JdkPattern                                               : loaded 2 times (x 75B)
Class com.google.common.collect.ImmutableList$ReverseImmutableList                    : loaded 2 times (x 209B)
Class ijKotlinCoroutineJvmDebugInit1_5u9036xj3e5mwhd3ml9wdh8mx$_run_closure1$_closure2: loaded 2 times (x 139B)
Class kotlin.jvm.internal.Lambda                                                      : loaded 2 times (x 75B)
Class kotlin.collections.MapsKt__MapsKt                                               : loaded 2 times (x 71B)
Class com.google.common.io.CharSource$CharSequenceCharSource                          : loaded 2 times (x 86B)
Class com.google.errorprone.annotations.DoNotMock                                     : loaded 2 times (x 70B)
Class org.objectweb.asm.SymbolTable$Entry                                             : loaded 2 times (x 74B)
Class org.objectweb.asm.Edge                                                          : loaded 2 times (x 72B)
Class com.google.common.base.Suppliers$SupplierOfInstance                             : loaded 2 times (x 79B)
Class com.google.common.collect.Iterators$1                                           : loaded 2 times (x 81B)
Class kotlin.collections.AbstractMutableSet                                           : loaded 2 times (x 142B)
Class com.google.devtools.ksp.processing.KSPJvmConfig                                 : loaded 2 times (x 72B)
Class kotlin.UninitializedPropertyAccessException                                     : loaded 2 times (x 82B)
Class com.google.common.cache.LocalCache$ComputingValueReference                      : loaded 2 times (x 96B)
Class com.google.common.collect.SingletonImmutableSet                                 : loaded 2 times (x 146B)
Class com.google.common.collect.ImmutableMap$IteratorBasedImmutableMap                : loaded 2 times (x 126B)
Class com.google.common.cache.LocalCache$Segment                                      : loaded 2 times (x 154B)
Class kotlin.SafePublicationLazyImpl                                                  : loaded 2 times (x 76B)
Class com.google.common.collect.AbstractListMultimap                                  : loaded 2 times (x 172B)
Class [Lorg.objectweb.asm.SymbolTable$Entry;                                          : loaded 2 times (x 69B)
Class com.google.common.cache.CacheLoader                                             : loaded 2 times (x 74B)
Class com.google.common.collect.Iterators$4                                           : loaded 2 times (x 82B)
Class com.google.common.collect.ImmutableBiMap                                        : loaded 2 times (x 143B)
Class org.gradle.api.internal.classpath.ModuleRegistry                                : loaded 2 times (x 70B)
Class org.gradle.internal.installation.GradleInstallation$1                           : loaded 2 times (x 75B)
Class com.google.devtools.ksp.processing.KSPLogger                                    : loaded 2 times (x 70B)
Class com.google.common.base.Splitter$SplittingIterator                               : loaded 2 times (x 84B)
Class com.google.common.collect.ImmutableSet$JdkBackedSetBuilderImpl                  : loaded 2 times (x 76B)
Class com.google.common.util.concurrent.internal.InternalFutureFailureAccess          : loaded 2 times (x 72B)
Class com.google.common.collect.Iterators$5                                           : loaded 2 times (x 82B)
Class kotlin.coroutines.intrinsics.IntrinsicsKt__IntrinsicsKt                         : loaded 2 times (x 71B)
Class com.google.common.cache.LocalCache$LocalManualCache$1                           : loaded 2 times (x 75B)
Class com.google.common.base.CharMatcher$ForPredicate                                 : loaded 2 times (x 112B)
Class kotlin.collections.CollectionsKt__CollectionsJVMKt                              : loaded 2 times (x 71B)
Class com.google.common.base.CharMatcher$AnyOf                                        : loaded 2 times (x 112B)
Class com.google.common.collect.ImmutableCollection                                   : loaded 2 times (x 125B)
Class org.gradle.api.internal.classpath.DefaultModuleRegistry                         : loaded 2 times (x 86B)
Class kotlin.sequences.SequencesKt                                                    : loaded 2 times (x 71B)
Class kotlin.collections.CollectionsKt__IteratorsKt                                   : loaded 2 times (x 71B)
Class com.google.common.collect.Lists                                                 : loaded 2 times (x 71B)
Class com.google.common.util.concurrent.ListenableFuture                              : loaded 2 times (x 70B)
Class com.google.common.cache.ReferenceEntry                                          : loaded 2 times (x 70B)
Class com.google.common.base.Converter                                                : loaded 2 times (x 90B)
Class com.google.common.collect.ImmutableSet$CachingAsList                            : loaded 2 times (x 148B)
Class kotlin.jvm.internal.markers.KMutableSet                                         : loaded 2 times (x 70B)
Class kotlin.text.StringsKt                                                           : loaded 2 times (x 71B)
Class com.google.common.collect.AbstractMapBasedMultimap                              : loaded 2 times (x 139B)
Class com.google.common.util.concurrent.AbstractFuture                                : loaded 2 times (x 106B)
Class com.google.common.base.FunctionalEquivalence                                    : loaded 2 times (x 83B)
Class com.google.common.collect.Iterators$9                                           : loaded 2 times (x 81B)
Class com.google.common.collect.ImmutableAsList                                       : loaded 2 times (x 209B)
Class kotlin.coroutines.CoroutineContext$Key                                          : loaded 2 times (x 70B)
Class kotlin.LazyKt__LazyJVMKt                                                        : loaded 2 times (x 71B)
Class org.objectweb.asm.RecordComponentVisitor                                        : loaded 2 times (x 77B)
Class com.google.common.cache.CacheLoader$SupplierToCacheLoader                       : loaded 2 times (x 75B)
Class kotlin.text.StringsKt__StringNumberConversionsKt                                : loaded 2 times (x 71B)
Class com.google.common.collect.Maps$EntryTransformer                                 : loaded 2 times (x 70B)
Class org.gradle.internal.service.ServiceLookupException                              : loaded 2 times (x 82B)
Class [Lcom.google.common.cache.LocalCache$EntryFactory;                              : loaded 2 times (x 69B)
Class org.gradle.internal.classloader.ClassLoaderFactory                              : loaded 2 times (x 70B)
Class com.google.common.base.CommonPattern                                            : loaded 2 times (x 74B)
Class com.google.common.cache.LocalCache$LocalManualCache                             : loaded 2 times (x 99B)
Class com.google.common.base.CharMatcher$IsNot                                        : loaded 2 times (x 111B)
Class ijKotlinCoroutineJvmDebugInit1_5u9036xj3e5mwhd3ml9wdh8mx$_run_closure1          : loaded 2 times (x 139B)
Class org.gradle.internal.service.CachingServiceLocator                               : loaded 2 times (x 82B)
Class kotlin.jvm.internal.CallableReference                                           : loaded 2 times (x 106B)
Class kotlin.collections.AbstractList$IteratorImpl                                    : loaded 2 times (x 82B)
Class com.google.common.collect.AbstractMapBasedMultimap$KeySet                       : loaded 2 times (x 137B)
Class com.google.common.math.IntMath                                                  : loaded 2 times (x 71B)
Class kotlin.jvm.internal.markers.KMutableMap                                         : loaded 2 times (x 70B)
Class kotlin.ranges.IntRange                                                          : loaded 2 times (x 93B)
Class com.google.common.collect.ImmutableMapEntry                                     : loaded 2 times (x 85B)
Class kotlin.enums.EnumEntries                                                        : loaded 2 times (x 70B)
Class com.google.common.base.Equivalence                                              : loaded 2 times (x 82B)
Class com.google.common.base.Function                                                 : loaded 2 times (x 70B)
Class com.google.common.collect.ImmutableMapEntry$NonTerminalImmutableMapEntry        : loaded 2 times (x 85B)
Class com.google.common.cache.CacheBuilder$OneWeigher                                 : loaded 2 times (x 82B)
Class com.google.common.collect.RegularImmutableList                                  : loaded 2 times (x 213B)
Class org.gradle.internal.classloader.ClasspathUtil                                   : loaded 2 times (x 71B)
Class com.google.common.util.concurrent.Uninterruptibles                              : loaded 2 times (x 71B)
Class com.google.common.io.CharSource                                                 : loaded 2 times (x 85B)
Class com.google.common.util.concurrent.LazyLogger                                    : loaded 2 times (x 72B)
Class com.google.common.collect.Maps                                                  : loaded 2 times (x 71B)
Class org.gradle.api.specs.Spec                                                       : loaded 2 times (x 70B)
Class kotlin.UnsafeLazyImpl                                                           : loaded 2 times (x 76B)
Class kotlin.LazyKt__LazyJVMKt$WhenMappings                                           : loaded 2 times (x 71B)
Class [Lcom.google.common.collect.ImmutableEntry;                                     : loaded 2 times (x 69B)
Class kotlin.LazyThreadSafetyMode                                                     : loaded 2 times (x 79B)
Class com.google.common.cache.LocalCache$LoadingValueReference                        : loaded 2 times (x 96B)
Class kotlin.collections.EmptyIterator                                                : loaded 2 times (x 89B)
Class kotlin.text.StringsKt__RegexExtensionsKt                                        : loaded 2 times (x 71B)
Class kotlin.SynchronizedLazyImpl                                                     : loaded 2 times (x 76B)
Class com.google.common.collect.AbstractMapBasedMultimap$AsMap                        : loaded 2 times (x 128B)
Class com.google.common.base.Platform                                                 : loaded 2 times (x 71B)
Class kotlin.sequences.SequencesKt__SequencesJVMKt                                    : loaded 2 times (x 71B)
Class kotlin.collections.AbstractList                                                 : loaded 2 times (x 197B)
Class kotlin.collections.AbstractCollection                                           : loaded 2 times (x 117B)
Class com.google.devtools.ksp.processing.KspGradleLogger$Companion                    : loaded 2 times (x 71B)
Class com.google.common.collect.AbstractMapBasedMultimap$WrappedList                  : loaded 2 times (x 205B)
Class [Lorg.objectweb.asm.AnnotationWriter;                                           : loaded 2 times (x 69B)
Class com.google.common.collect.Maps$8                                                : loaded 2 times (x 82B)
Class kotlin.text.StringsKt__StringBuilderJVMKt                                       : loaded 2 times (x 71B)
Class kotlin.collections.ArrayAsCollection                                            : loaded 2 times (x 105B)
Class kotlin.LazyKt__LazyKt                                                           : loaded 2 times (x 71B)
Class com.google.common.collect.Sets$SetView                                          : loaded 2 times (x 138B)
Class com.google.common.cache.LocalCache$StrongValueReference                         : loaded 2 times (x 90B)
Class kotlin.jvm.internal.Ref$ObjectRef                                               : loaded 2 times (x 72B)
Class kotlin.UNINITIALIZED_VALUE                                                      : loaded 2 times (x 71B)
Class com.google.common.graph.SuccessorsFunction                                      : loaded 2 times (x 70B)
Class org.objectweb.asm.Type                                                          : loaded 2 times (x 72B)
Class org.gradle.internal.classloader.VisitableURLClassLoader$InstrumentingVisitableURLClassLoader: loaded 2 times (x 123B)
Class kotlin.coroutines.Continuation                                                  : loaded 2 times (x 70B)
Class kotlin.ranges.RangesKt__RangesKt                                                : loaded 2 times (x 71B)
Class kotlin.sequences.SequencesKt__SequencesKt                                       : loaded 2 times (x 71B)
Class kotlin.collections.SetsKt___SetsKt                                              : loaded 2 times (x 71B)
Class com.google.common.io.Files$FileByteSink                                         : loaded 2 times (x 77B)
Class com.google.common.math.IntMath$1                                                : loaded 2 times (x 71B)
Class org.objectweb.asm.ByteVector                                                    : loaded 2 times (x 79B)
Class [Lcom.google.common.cache.CacheBuilder$NullListener;                            : loaded 2 times (x 69B)
Class org.gradle.internal.classloader.VisitableURLClassLoader$Spec                    : loaded 2 times (x 74B)
Class org.gradle.internal.classpath.DefaultClassPath                                  : loaded 2 times (x 90B)
Class kotlin.Result$Companion                                                         : loaded 2 times (x 71B)
Class kotlin.coroutines.jvm.internal.BaseContinuationImpl                             : loaded 2 times (x 87B)
Class kotlin.text.CharsKt__CharJVMKt                                                  : loaded 2 times (x 71B)
Class kotlin.sequences.FilteringSequence                                              : loaded 2 times (x 75B)
Class com.google.devtools.ksp.processing.KspGradleLogger                              : loaded 2 times (x 79B)
Class com.google.common.base.AbstractIterator                                         : loaded 2 times (x 80B)
Class org.objectweb.asm.Symbol                                                        : loaded 2 times (x 73B)
Class com.google.common.io.Closer                                                     : loaded 2 times (x 78B)
Class com.google.common.base.CharMatcher$BitSetMatcher                                : loaded 2 times (x 112B)
Class com.google.common.collect.RegularImmutableMap$Values                            : loaded 2 times (x 207B)
Class com.google.common.collect.ImmutableSet                                          : loaded 2 times (x 145B)
Class org.gradle.internal.classloader.ClassLoaderSpec                                 : loaded 2 times (x 71B)
Class kotlin.jvm.internal.FunctionReferenceImpl                                       : loaded 2 times (x 122B)
Class kotlin.text.DelimitedRangesSequence                                             : loaded 2 times (x 75B)
Class kotlin.collections.CollectionsKt___CollectionsJvmKt                             : loaded 2 times (x 71B)
Class com.google.common.io.ByteSource$EmptyByteSource                                 : loaded 2 times (x 85B)
Class org.objectweb.asm.AnnotationWriter                                              : loaded 2 times (x 79B)
Class com.google.common.cache.CacheStats                                              : loaded 2 times (x 71B)
Class kotlin.TuplesKt                                                                 : loaded 2 times (x 71B)
Class kotlin.jvm.internal.markers.KMutableIterable                                    : loaded 2 times (x 70B)
Class kotlin.sequences.SequencesKt___SequencesJvmKt                                   : loaded 2 times (x 71B)
Class kotlin.Unit                                                                     : loaded 2 times (x 71B)
Class com.google.common.io.LineProcessor                                              : loaded 2 times (x 70B)
Class com.google.common.io.Closer$Suppressor                                          : loaded 2 times (x 70B)
Class org.objectweb.asm.RecordComponentWriter                                         : loaded 2 times (x 78B)
Class com.google.common.util.concurrent.AbstractFuture$Listener                       : loaded 2 times (x 72B)
Class com.google.common.base.CharMatcher$Or                                           : loaded 2 times (x 112B)
Class Settings_gradle$1$1                                                             : loaded 2 times (x 74B)
Class kotlin.ranges.RangesKt                                                          : loaded 2 times (x 71B)
Class org.objectweb.asm.Attribute                                                     : loaded 2 times (x 77B)
Class com.google.common.base.Supplier                                                 : loaded 2 times (x 70B)
Class org.gradle.internal.classloader.VisitableURLClassLoader                         : loaded 2 times (x 117B)
Class kotlin.collections.ArraysUtilJVM                                                : loaded 2 times (x 71B)
Class kotlin.jvm.functions.Function0                                                  : loaded 2 times (x 70B)
Class com.google.common.io.CharSource$AsByteSource                                    : loaded 2 times (x 85B)
Class Settings_gradle                                                                 : loaded 2 times (x 124B)
Class org.gradle.internal.Cast                                                        : loaded 2 times (x 71B)
Class org.gradle.api.Action                                                           : loaded 2 times (x 70B)
Class kotlin.jvm.functions.Function1                                                  : loaded 2 times (x 70B)
Class com.google.common.base.Strings                                                  : loaded 2 times (x 71B)
Class com.google.common.collect.Sets                                                  : loaded 2 times (x 71B)
Class org.objectweb.asm.Handler                                                       : loaded 2 times (x 72B)
Class com.google.common.base.Ticker                                                   : loaded 2 times (x 72B)
Class com.google.common.base.CharMatcher$FastMatcher                                  : loaded 2 times (x 111B)
Class ijJvmDebugger1_38g6b8zsifw0bi6bpaitofnq5                                        : loaded 2 times (x 171B)
Class kotlin.jvm.functions.Function2                                                  : loaded 2 times (x 70B)
Class kotlin.KotlinNothingValueException                                              : loaded 2 times (x 82B)
Class com.google.devtools.ksp.processing.KSPConfig                                    : loaded 2 times (x 72B)
Class [Lcom.google.common.cache.LocalCache$Segment;                                   : loaded 2 times (x 69B)
Class [Lcom.google.common.cache.LocalCache$Strength;                                  : loaded 2 times (x 69B)
Class com.google.common.cache.CacheBuilder$1                                          : loaded 2 times (x 85B)
Class com.google.common.base.Predicate                                                : loaded 2 times (x 70B)
Class com.google.common.collect.ImmutableMap                                          : loaded 2 times (x 120B)
Class org.gradle.internal.classpath.DefaultClassPath$ImmutableUniqueList$Builder      : loaded 2 times (x 75B)
Class kotlin.jvm.functions.Function3                                                  : loaded 2 times (x 70B)
Class kotlin.collections.MapsKt___MapsJvmKt                                           : loaded 2 times (x 71B)
Class com.google.common.cache.LocalCache                                              : loaded 2 times (x 187B)
Class com.google.common.cache.CacheBuilder$2                                          : loaded 2 times (x 79B)
Class com.google.common.base.CharMatcher$NegatedFastMatcher                           : loaded 2 times (x 113B)
Class ijKotlinCoroutineJvmDebugInit1_5u9036xj3e5mwhd3ml9wdh8mx                        : loaded 2 times (x 171B)
Class kotlin.collections.EmptySet                                                     : loaded 2 times (x 122B)
Class kotlin.collections.CollectionsKt___CollectionsKt                                : loaded 2 times (x 71B)
Class com.google.common.collect.ArrayListMultimap                                     : loaded 2 times (x 172B)
Class com.google.common.cache.CacheBuilder$3                                          : loaded 2 times (x 72B)
Class [Lcom.google.common.collect.AbstractMapEntry;                                   : loaded 2 times (x 69B)
Class com.google.common.collect.ImmutableEntry                                        : loaded 2 times (x 82B)
Class org.gradle.api.GradleException                                                  : loaded 2 times (x 82B)
Class kotlin.reflect.KDeclarationContainer                                            : loaded 2 times (x 70B)
Class kotlin.text.StringsKt___StringsJvmKt                                            : loaded 2 times (x 71B)
Class com.google.common.base.Suppliers$MemoizingSupplier                              : loaded 2 times (x 79B)
Class com.google.common.io.CharSource$EmptyCharSource                                 : loaded 2 times (x 86B)
Class com.google.common.collect.CollectPreconditions                                  : loaded 2 times (x 71B)
Class kotlin.collections.ArraysKt___ArraysKt                                          : loaded 2 times (x 71B)
Class kotlin.collections.MapsKt___MapsKt                                              : loaded 2 times (x 71B)
Class [Lcom.google.common.io.FileWriteMode;                                           : loaded 2 times (x 69B)
Class com.google.common.collect.SortedMapDifference                                   : loaded 2 times (x 70B)
Class kotlin.sequences.SequencesKt___SequencesKt$asIterable$$inlined$Iterable$1       : loaded 2 times (x 79B)
Class kotlin.collections.MapsKt__MapWithDefaultKt                                     : loaded 2 times (x 71B)
Class com.google.common.io.Files                                                      : loaded 2 times (x 71B)
Class com.google.common.cache.LocalCache$EntryFactory                                 : loaded 2 times (x 83B)
Class kotlin.collections.builders.MapBuilder$Companion                                : loaded 2 times (x 71B)
Class kotlin.text.StringsKt___StringsKt                                               : loaded 2 times (x 71B)
Class kotlin.collections.CollectionsKt__MutableCollectionsJVMKt                       : loaded 2 times (x 71B)
Class kotlin.enums.EnumEntriesKt                                                      : loaded 2 times (x 71B)
Class com.google.common.cache.LocalCache$AbstractReferenceEntry                       : loaded 2 times (x 107B)
Class org.gradle.internal.IoActions                                                   : loaded 2 times (x 71B)
Class [Lkotlin.LazyThreadSafetyMode;                                                  : loaded 2 times (x 69B)
Class org.objectweb.asm.SymbolTable                                                   : loaded 2 times (x 72B)
Class com.google.common.cache.CacheLoader$InvalidCacheLoadException                   : loaded 2 times (x 82B)
Class com.google.common.collect.ImmutableSet$RegularSetBuilderImpl                    : loaded 2 times (x 77B)
Class org.gradle.internal.classloader.SystemClassLoaderSpec                           : loaded 2 times (x 71B)
Class kotlin.reflect.KAnnotatedElement                                                : loaded 2 times (x 70B)
Class kotlin.jvm.internal.markers.KMutableCollection                                  : loaded 2 times (x 70B)
Class kotlin.coroutines.intrinsics.IntrinsicsKt                                       : loaded 2 times (x 71B)
Class kotlin.ranges.IntRange$Companion                                                : loaded 2 times (x 71B)
Class kotlin.collections.EmptyMap                                                     : loaded 2 times (x 108B)
Class kotlin.jvm.internal.Intrinsics                                                  : loaded 2 times (x 71B)
Class com.google.common.cache.LocalCache$StrongEntry                                  : loaded 2 times (x 108B)
Class com.google.common.util.concurrent.AbstractFuture$TrustedFuture                  : loaded 2 times (x 114B)
Class com.google.common.cache.LoadingCache                                            : loaded 2 times (x 70B)
Class kotlin.coroutines.intrinsics.CoroutineSingletons                                : loaded 2 times (x 79B)
Class kotlin.collections.MapsKt                                                       : loaded 2 times (x 71B)
Class kotlin.collections.CollectionsKt__IterablesKt                                   : loaded 2 times (x 71B)
Class com.google.common.base.Suppliers$NonSerializableMemoizingSupplier               : loaded 2 times (x 79B)
Class com.google.common.io.ByteStreams$LimitedInputStream                             : loaded 2 times (x 92B)
Class org.objectweb.asm.MethodWriter                                                  : loaded 2 times (x 106B)
Class [Lcom.google.common.cache.Weigher;                                              : loaded 2 times (x 69B)
Class com.google.common.collect.RegularImmutableMap$BucketOverflowException           : loaded 2 times (x 82B)
Class kotlin.text.Charsets                                                            : loaded 2 times (x 71B)
Class kotlin.ranges.OpenEndRange                                                      : loaded 2 times (x 70B)
Class kotlin.KotlinNullPointerException                                               : loaded 2 times (x 83B)
Class com.google.common.collect.AbstractMapBasedMultimap$RandomAccessWrappedList      : loaded 2 times (x 205B)
Class kotlin.ranges.RangesKt___RangesKt                                               : loaded 2 times (x 71B)
Class com.google.common.cache.LocalCache$ValueReference                               : loaded 2 times (x 70B)
Class com.google.common.base.CharMatcher$Negated                                      : loaded 2 times (x 113B)
Class com.google.common.base.CharMatcher$Is                                           : loaded 2 times (x 111B)
Class com.google.common.collect.RegularImmutableBiMap                                 : loaded 2 times (x 149B)
Class kotlin.text.CharsKt__CharKt                                                     : loaded 2 times (x 71B)
Class kotlin.collections.ArraysKt                                                     : loaded 2 times (x 71B)
Class com.google.common.hash.PrimitiveSink                                            : loaded 2 times (x 70B)
Class com.google.common.base.PatternCompiler                                          : loaded 2 times (x 70B)
Class com.google.common.util.concurrent.AbstractFuture$Failure                        : loaded 2 times (x 72B)
Class com.google.common.base.Equivalence$Equals                                       : loaded 2 times (x 82B)
Class com.google.common.collect.Hashing                                               : loaded 2 times (x 71B)
Class com.google.common.base.Preconditions                                            : loaded 2 times (x 71B)
Class kotlin.coroutines.EmptyCoroutineContext                                         : loaded 2 times (x 77B)
Class kotlin.collections.SetsKt__SetsKt                                               : loaded 2 times (x 71B)
Class kotlin.LazyKt                                                                   : loaded 2 times (x 71B)
Class com.google.common.io.CharSink                                                   : loaded 2 times (x 79B)
Class com.google.common.base.Joiner$1                                                 : loaded 2 times (x 80B)
Class org.objectweb.asm.Label                                                         : loaded 2 times (x 73B)
Class org.objectweb.asm.CurrentFrame                                                  : loaded 2 times (x 73B)
Class org.objectweb.asm.ClassTooLargeException                                        : loaded 2 times (x 83B)
Class com.google.common.base.CharMatcher                                              : loaded 2 times (x 111B)
Class com.google.common.collect.PeekingIterator                                       : loaded 2 times (x 70B)
Class kotlin.collections.ArraysKt__ArraysJVMKt                                        : loaded 2 times (x 71B)
Class com.google.common.io.ByteSource$AsCharSource                                    : loaded 2 times (x 86B)
Class com.google.common.base.Joiner$2                                                 : loaded 2 times (x 79B)
Class org.objectweb.asm.Frame                                                         : loaded 2 times (x 73B)
Class org.objectweb.asm.MethodVisitor                                                 : loaded 2 times (x 105B)
Class com.google.common.cache.LocalCache$EntryFactory$1                               : loaded 2 times (x 83B)
Class [Lcom.google.common.cache.RemovalListener;                                      : loaded 2 times (x 69B)
Class com.google.common.base.CharMatcher$NamedFastMatcher                             : loaded 2 times (x 112B)
Class com.google.common.base.CharMatcher$1                                            : loaded 2 times (x 113B)
Class kotlin.jvm.internal.CallableReference$NoReceiver                                : loaded 2 times (x 71B)
Class kotlin.text.StringsKt__StringBuilderKt                                          : loaded 2 times (x 71B)
Class com.google.common.cache.LocalCache$EntryFactory$2                               : loaded 2 times (x 83B)
Class org.gradle.api.internal.classpath.GlobalCacheRootsProvider                      : loaded 2 times (x 70B)
Class kotlin.Lazy                                                                     : loaded 2 times (x 70B)
Class kotlin.NoWhenBranchMatchedException                                             : loaded 2 times (x 82B)
Class org.objectweb.asm.ModuleWriter                                                  : loaded 2 times (x 82B)
Class com.google.common.cache.LocalCache$EntryFactory$3                               : loaded 2 times (x 83B)
Class com.google.common.base.Ticker$1                                                 : loaded 2 times (x 72B)
Class com.google.common.collect.Maps$BiMapConverter                                   : loaded 2 times (x 90B)
Class com.google.common.collect.ImmutableMapEntrySet$RegularEntrySet                  : loaded 2 times (x 152B)
Class com.google.common.collect.ImmutableSet$Builder                                  : loaded 2 times (x 85B)
Class com.google.common.cache.LocalCache$EntryFactory$4                               : loaded 2 times (x 83B)
Class com.google.common.base.CharMatcher$InRange                                      : loaded 2 times (x 111B)
Class kotlin.sequences.ConstrainedOnceSequence                                        : loaded 2 times (x 75B)
Class com.google.common.io.ByteStreams$1                                              : loaded 2 times (x 85B)
Class com.google.common.cache.LocalCache$EntryFactory$5                               : loaded 2 times (x 83B)
Class kotlin.jvm.internal.markers.KMappedMarker                                       : loaded 2 times (x 70B)
Class kotlin.coroutines.jvm.internal.CompletedContinuation                            : loaded 2 times (x 75B)
Class com.google.common.cache.LocalCache$EntryFactory$6                               : loaded 2 times (x 83B)
Class org.gradle.internal.installation.CurrentGradleInstallationLocator               : loaded 2 times (x 71B)
Class com.google.common.io.ByteSource$SlicedByteSource                                : loaded 2 times (x 85B)
Class com.google.common.collect.Maps$KeySet                                           : loaded 2 times (x 137B)
Class com.google.common.collect.ImmutableSet$EmptySetBuilderImpl                      : loaded 2 times (x 76B)
Class com.google.common.cache.LocalCache$EntryFactory$7                               : loaded 2 times (x 83B)
Class com.google.common.collect.ImmutableList                                         : loaded 2 times (x 206B)
Class org.gradle.internal.service.DefaultServiceLocator                               : loaded 2 times (x 83B)
Class kotlin.coroutines.jvm.internal.SuspendFunction                                  : loaded 2 times (x 70B)
Class com.google.common.collect.Maps$EntrySet                                         : loaded 2 times (x 136B)
Class com.google.common.cache.LocalCache$EntryFactory$8                               : loaded 2 times (x 83B)
Class com.google.common.collect.ImmutableSet$SetBuilderImpl                           : loaded 2 times (x 76B)
Class org.gradle.internal.installation.CurrentGradleInstallation                      : loaded 2 times (x 73B)
Class kotlin.coroutines.intrinsics.IntrinsicsKt__IntrinsicsJvmKt                      : loaded 2 times (x 71B)
Class kotlin.coroutines.jvm.internal.CoroutineStackFrame                              : loaded 2 times (x 70B)
Class com.google.common.cache.CacheLoader$1                                           : loaded 2 times (x 75B)
Class com.google.common.collect.ForwardingObject                                      : loaded 2 times (x 72B)
Class com.google.common.collect.ImmutableList$SubList                                 : loaded 2 times (x 209B)
Class org.gradle.util.internal.GUtil                                                  : loaded 2 times (x 71B)
Class kotlin.collections.CollectionsKt                                                : loaded 2 times (x 71B)
Class com.google.common.io.ByteSource                                                 : loaded 2 times (x 84B)
Class com.google.common.cache.AbstractCache$StatsCounter                              : loaded 2 times (x 70B)
Class kotlin.coroutines.jvm.internal.DebugProbesKt                                    : loaded 2 times (x 71B)
Class kotlin.coroutines.CoroutineContext                                              : loaded 2 times (x 70B)
Class com.google.common.collect.Iterators$MergingIterator                             : loaded 2 times (x 81B)
Class com.google.common.collect.RegularImmutableSet                                   : loaded 2 times (x 149B)
Class org.gradle.internal.installation.GradleInstallation                             : loaded 2 times (x 75B)
Class com.google.common.base.Splitter$Strategy                                        : loaded 2 times (x 70B)
Class com.google.common.collect.Iterables                                             : loaded 2 times (x 71B)
Class kotlin.jvm.KotlinReflectionNotSupportedError                                    : loaded 2 times (x 82B)
Class kotlin.ranges.IntProgression                                                    : loaded 2 times (x 81B)

---------------  S Y S T E M  ---------------

OS:
 Windows 10 , 64 bit Build 19041 (10.0.19041.5915)
OS uptime: 1 days 22:04 hours

CPU: total 4 (initial active 4) (2 cores per cpu, 2 threads per core) family 6 model 58 stepping 9 microcode 0x21, cx8, cmov, fxsr, ht, mmx, sse, sse2, sse3, ssse3, sse4.1, sse4.2, popcnt, tsc, tscinvbit, avx, aes, erms, clmul, vzeroupper, clflush, rdtscp, f16c
Processor Information for the first 4 processors :
  Max Mhz: 1701, Current Mhz: 1701, Mhz Limit: 1701

Memory: 4k page, system-wide physical 3998M (239M free)
TotalPageFile size 8094M (AvailPageFile size 11M)
current process WorkingSet (physical memory assigned to process): 408M, peak: 671M
current process commit charge ("private bytes"): 1025M, peak: 1027M

vm_info: OpenJDK 64-Bit Server VM (21.0.10+-14961533-b1163.108) for windows-amd64 JRE (21.0.10+-14961533-b1163.108), built on 2026-03-02T19:58:50Z by "builder" with MS VC++ 16.10 / 16.11 (VS2019)

END.
