#
# There is insufficient memory for the Java Runtime Environment to continue.
# Native memory allocation (malloc) failed to allocate 1443920 bytes. Error detail: Chunk::new
# Possible reasons:
#   The system is out of physical RAM or swap space
#   This process is running with CompressedOops enabled, and the Java Heap may be blocking the growth of the native heap
# Possible solutions:
#   Reduce memory load on the system
#   Increase physical memory or swap space
#   Check if swap backing store is full
#   Decrease Java heap size (-Xmx/-Xms)
#   Decrease number of Java threads
#   Decrease Java thread stack sizes (-Xss)
#   Set larger code cache with -XX:ReservedCodeCacheSize=
#   JVM is running with Zero Based Compressed Oops mode in which the Java heap is
#     placed in the first 32GB address space. The Java Heap base address is the
#     maximum limit for the native heap growth. Please use -XX:HeapBaseMinAddress
#     to set the Java Heap base and to place the Java Heap above 32GB virtual address.
# This output file may be truncated or incomplete.
#
#  Out of Memory Error (arena.cpp:168), pid=92280, tid=83412
#
# JRE version: OpenJDK Runtime Environment (21.0.10) (build 21.0.10+-14961533-b1163.108)
# Java VM: OpenJDK 64-Bit Server VM (21.0.10+-14961533-b1163.108, mixed mode, tiered, compressed oops, compressed class ptrs, g1 gc, windows-amd64)
# No core dump will be written. Minidumps are not enabled by default on client versions of Windows
#

---------------  S U M M A R Y ------------

Command Line: --add-opens=java.base/java.lang=ALL-UNNAMED --add-opens=java.base/java.lang.invoke=ALL-UNNAMED --add-opens=java.base/java.util=ALL-UNNAMED --add-opens=java.prefs/java.util.prefs=ALL-UNNAMED --add-exports=jdk.compiler/com.sun.tools.javac.api=ALL-UNNAMED --add-exports=jdk.compiler/com.sun.tools.javac.util=ALL-UNNAMED --add-opens=java.base/java.util=ALL-UNNAMED --add-opens=java.prefs/java.util.prefs=ALL-UNNAMED --add-opens=java.base/java.nio.charset=ALL-UNNAMED --add-opens=java.base/java.net=ALL-UNNAMED --add-opens=java.base/java.util.concurrent=ALL-UNNAMED --add-opens=java.base/java.util.concurrent.atomic=ALL-UNNAMED --add-opens=java.xml/javax.xml.namespace=ALL-UNNAMED --add-opens=java.base/java.time=ALL-UNNAMED -Xmx4g -Dfile.encoding=UTF-8 -Duser.country=US -Duser.language=en -Duser.variant -javaagent:C:\Users\AKUMA\.gradle\wrapper\dists\gradle-9.3.1-all\9ot9r568e8zfvvd4mn8rbu1j0\gradle-9.3.1\lib\agents\gradle-instrumentation-agent-9.3.1.jar org.gradle.launcher.daemon.bootstrap.GradleDaemon 9.3.1

Host: Intel(R) Core(TM) i5-3317U CPU @ 1.70GHz, 4 cores, 3G,  Windows 10 , 64 bit Build 19041 (10.0.19041.5915)
Time: Tue Jul 28 10:29:22 2026 W. Central Africa Standard Time elapsed time: 389.562698 seconds (0d 0h 6m 29s)

---------------  T H R E A D  ---------------

Current thread (0x0000016fdd2c5320):  JavaThread "C2 CompilerThread0" daemon [_thread_in_native, id=83412, stack(0x000000235a900000,0x000000235aa00000) (1024K)]


Current CompileTask:
C2:389577 21171   !   4       ksp.org.jetbrains.kotlin.metadata.ProtoBuf$Type::<init> (976 bytes)

Stack: [0x000000235a900000,0x000000235aa00000]
Native frames: (J=compiled Java code, j=interpreted, Vv=VM code, C=native code)
V  [jvm.dll+0x6d78a9]
V  [jvm.dll+0x8665b3]
V  [jvm.dll+0x868bde]
V  [jvm.dll+0x8692c3]
V  [jvm.dll+0x280ee6]
V  [jvm.dll+0xc07cd]
V  [jvm.dll+0xc0d03]
V  [jvm.dll+0x3ba0cb]
V  [jvm.dll+0x385df7]
V  [jvm.dll+0x38526a]
V  [jvm.dll+0x249bd2]
V  [jvm.dll+0x2491a1]
V  [jvm.dll+0x1c76e4]
V  [jvm.dll+0x25891e]
V  [jvm.dll+0x256e66]
V  [jvm.dll+0x3f513e]
V  [jvm.dll+0x80fd28]
V  [jvm.dll+0x6d60fd]
C  [ucrtbase.dll+0x21bb2]
C  [KERNEL32.DLL+0x17374]
C  [ntdll.dll+0x4cc91]


---------------  P R O C E S S  ---------------

Threads class SMR info:
_java_thread_list=0x0000016fedb39d70, length=99, elements={
0x0000016fc3aad650, 0x0000016fdd2811f0, 0x0000016fdd2a02b0, 0x0000016fdd2a0d10,
0x0000016fdd2ab190, 0x0000016fdd2abbf0, 0x0000016fdd2ac650, 0x0000016fdd2b04d0,
0x0000016fdd2c5320, 0x0000016fdd2ee160, 0x0000016fdd579390, 0x0000016fe2f3e260,
0x0000016fdd43e810, 0x0000016fe2d45e10, 0x0000016fdd781260, 0x0000016fdd8f2b10,
0x0000016fdd717fd0, 0x0000016fdd717940, 0x0000016fdd718660, 0x0000016fdd718cf0,
0x0000016fdd719a10, 0x0000016fdd719380, 0x0000016fdd71adc0, 0x0000016fdd71a0a0,
0x0000016fe2a9d230, 0x0000016fe2a9f990, 0x0000016fe2a9df50, 0x0000016fe2a9c510,
0x0000016fe2a9e5e0, 0x0000016fe2aa3b30, 0x0000016fe2aa0020, 0x0000016fe2a9f300,
0x0000016fe2aa06b0, 0x0000016fe2aa0d40, 0x0000016fe2aa13d0, 0x0000016fe2aa2e10,
0x0000016fe2aa20f0, 0x0000016fe2aa2780, 0x0000016fe2aa34a0, 0x0000016fe2c554c0,
0x0000016fe2c519b0, 0x0000016fe2c547a0, 0x0000016fe2c53a80, 0x0000016fe2c55b50,
0x0000016fe2c50c90, 0x0000016fe2c533f0, 0x0000016fe2c54110, 0x0000016fe2c561e0,
0x0000016fe2c51320, 0x0000016fe2c50600, 0x0000016fe2c4f8e0, 0x0000016fe2c4ff70,
0x0000016fe2c526d0, 0x0000016fe2c54e30, 0x0000016fe2c56870, 0x0000016fe2c52040,
0x0000016fe3e806f0, 0x0000016fe3e7f340, 0x0000016fe3e82130, 0x0000016fe3e7bec0,
0x0000016fe3e827c0, 0x0000016fe68cfb60, 0x0000016fe68d15a0, 0x0000016fe68cf4d0,
0x0000016fe68d1c30, 0x0000016fe68d3670, 0x0000016fe68d2950, 0x0000016fe3e7cbe0,
0x0000016fe3e7d270, 0x0000016fe3e7d900, 0x0000016fe6d41860, 0x0000016fe6d41ef0,
0x0000016fe6d432a0, 0x0000016fe6d3f100, 0x0000016fe6d42580, 0x0000016fe6d404b0,
0x0000016fe6d411d0, 0x0000016fe6d43fc0, 0x0000016fe6d44650, 0x0000016fe6d44ce0,
0x0000016fe6d45370, 0x0000016fec073100, 0x0000016fec0723e0, 0x0000016fec0751d0,
0x0000016fec077fc0, 0x0000016fec074b40, 0x0000016fec073790, 0x0000016fec076c10,
0x0000016fe6d3f790, 0x0000016fe6d3e3e0, 0x0000016fec078650, 0x0000016fec0744b0,
0x0000016fe68ce120, 0x0000016fe68cc6e0, 0x0000016fe68d2fe0, 0x0000016fececa010,
0x0000016feced0910, 0x0000016fee2b0110, 0x0000016fee2b21e0
}

Java Threads: ( => current thread )
  0x0000016fc3aad650 JavaThread "main"                              [_thread_blocked, id=90296, stack(0x0000002359a00000,0x0000002359b00000) (1024K)]
  0x0000016fdd2811f0 JavaThread "Common-Cleaner"             daemon [_thread_blocked, id=92404, stack(0x000000235a200000,0x000000235a300000) (1024K)]
  0x0000016fdd2a02b0 JavaThread "Reference Handler"          daemon [_thread_blocked, id=92408, stack(0x000000235a300000,0x000000235a400000) (1024K)]
  0x0000016fdd2a0d10 JavaThread "Finalizer"                  daemon [_thread_blocked, id=92420, stack(0x000000235a400000,0x000000235a500000) (1024K)]
  0x0000016fdd2ab190 JavaThread "Signal Dispatcher"          daemon [_thread_blocked, id=92424, stack(0x000000235a500000,0x000000235a600000) (1024K)]
  0x0000016fdd2abbf0 JavaThread "Attach Listener"            daemon [_thread_blocked, id=91580, stack(0x000000235a600000,0x000000235a700000) (1024K)]
  0x0000016fdd2ac650 JavaThread "Service Thread"             daemon [_thread_blocked, id=89320, stack(0x000000235a700000,0x000000235a800000) (1024K)]
  0x0000016fdd2b04d0 JavaThread "Monitor Deflation Thread"   daemon [_thread_blocked, id=90104, stack(0x000000235a800000,0x000000235a900000) (1024K)]
=>0x0000016fdd2c5320 JavaThread "C2 CompilerThread0"         daemon [_thread_in_native, id=83412, stack(0x000000235a900000,0x000000235aa00000) (1024K)]
  0x0000016fdd2ee160 JavaThread "C1 CompilerThread0"         daemon [_thread_blocked, id=92440, stack(0x000000235aa00000,0x000000235ab00000) (1024K)]
  0x0000016fdd579390 JavaThread "Notification Thread"        daemon [_thread_blocked, id=92472, stack(0x000000235ab00000,0x000000235ac00000) (1024K)]
  0x0000016fe2f3e260 JavaThread "Daemon health stats"               [_thread_blocked, id=92744, stack(0x000000235af00000,0x000000235b000000) (1024K)]
  0x0000016fdd43e810 JavaThread "Incoming local TCP Connector on port 56066"        [_thread_in_native, id=92760, stack(0x000000235b000000,0x000000235b100000) (1024K)]
  0x0000016fe2d45e10 JavaThread "Daemon periodic checks"            [_thread_blocked, id=92768, stack(0x000000235b100000,0x000000235b200000) (1024K)]
  0x0000016fdd781260 JavaThread "Daemon"                            [_thread_blocked, id=92780, stack(0x000000235b200000,0x000000235b300000) (1024K)]
  0x0000016fdd8f2b10 JavaThread "Handler for socket connection from /127.0.0.1:56066 to /127.0.0.1:56067"        [_thread_in_native, id=91628, stack(0x000000235b300000,0x000000235b400000) (1024K)]
  0x0000016fdd717fd0 JavaThread "Cancel handler"                    [_thread_blocked, id=92816, stack(0x000000235b400000,0x000000235b500000) (1024K)]
  0x0000016fdd717940 JavaThread "Daemon worker"                     [_thread_blocked, id=92812, stack(0x000000235b500000,0x000000235b600000) (1024K)]
  0x0000016fdd718660 JavaThread "Asynchronous log dispatcher for DefaultDaemonConnection: socket connection from /127.0.0.1:56066 to /127.0.0.1:56067"        [_thread_blocked, id=92820, stack(0x000000235b600000,0x000000235b700000) (1024K)]
  0x0000016fdd718cf0 JavaThread "Stdin handler"                     [_thread_blocked, id=92824, stack(0x000000235b700000,0x000000235b800000) (1024K)]
  0x0000016fdd719a10 JavaThread "Daemon client event forwarder"        [_thread_blocked, id=87948, stack(0x000000235b800000,0x000000235b900000) (1024K)]
  0x0000016fdd719380 JavaThread "Cache worker for journal cache (C:\Users\AKUMA\.gradle\caches\journal-1)"        [_thread_blocked, id=92872, stack(0x000000235b900000,0x000000235ba00000) (1024K)]
  0x0000016fdd71adc0 JavaThread "File lock request listener"        [_thread_in_native, id=92072, stack(0x000000235ba00000,0x000000235bb00000) (1024K)]
  0x0000016fdd71a0a0 JavaThread "Cache worker for file hash cache (C:\Users\AKUMA\.gradle\caches\9.3.1\fileHashes)"        [_thread_blocked, id=89376, stack(0x000000235bb00000,0x000000235bc00000) (1024K)]
  0x0000016fe2a9d230 JavaThread "Cache worker for file hash cache (F:\local-music-player\.gradle\9.3.1\fileHashes)"        [_thread_blocked, id=92928, stack(0x000000235bc00000,0x000000235bd00000) (1024K)]
  0x0000016fe2a9f990 JavaThread "Cache worker for checksums cache (F:\local-music-player\.gradle\9.3.1\checksums)"        [_thread_blocked, id=92924, stack(0x000000235bd00000,0x000000235be00000) (1024K)]
  0x0000016fe2a9df50 JavaThread "Cache worker for Build Output Cleanup Cache (F:\local-music-player\.gradle\buildOutputCleanup)"        [_thread_blocked, id=93008, stack(0x000000235be00000,0x000000235bf00000) (1024K)]
  0x0000016fe2a9c510 JavaThread "Cache worker for file content cache (C:\Users\AKUMA\.gradle\caches\9.3.1\fileContent)"        [_thread_blocked, id=93064, stack(0x000000235bf00000,0x000000235c000000) (1024K)]
  0x0000016fe2a9e5e0 JavaThread "File watcher server"        daemon [_thread_in_native, id=93072, stack(0x000000235c000000,0x000000235c100000) (1024K)]
  0x0000016fe2aa3b30 JavaThread "File watcher consumer"      daemon [_thread_blocked, id=93076, stack(0x000000235c100000,0x000000235c200000) (1024K)]
  0x0000016fe2aa0020 JavaThread "Cache worker for cache directory md-supplier (C:\Users\AKUMA\.gradle\caches\9.3.1\md-supplier)"        [_thread_blocked, id=93080, stack(0x000000235c200000,0x000000235c300000) (1024K)]
  0x0000016fe2a9f300 JavaThread "Cache worker for cache directory md-rule (C:\Users\AKUMA\.gradle\caches\9.3.1\md-rule)"        [_thread_blocked, id=90384, stack(0x000000235c300000,0x000000235c400000) (1024K)]
  0x0000016fe2aa06b0 JavaThread "jar transforms"                    [_thread_blocked, id=90484, stack(0x000000235c400000,0x000000235c500000) (1024K)]
  0x0000016fe2aa0d40 JavaThread "jar transforms Thread 2"           [_thread_blocked, id=92344, stack(0x000000235c500000,0x000000235c600000) (1024K)]
  0x0000016fe2aa13d0 JavaThread "jar transforms Thread 3"           [_thread_blocked, id=93112, stack(0x000000235c600000,0x000000235c700000) (1024K)]
  0x0000016fe2aa2e10 JavaThread "jar transforms Thread 4"           [_thread_blocked, id=93116, stack(0x000000235c700000,0x000000235c800000) (1024K)]
  0x0000016fe2aa20f0 JavaThread "Unconstrained build operations"        [_thread_blocked, id=92220, stack(0x000000235c800000,0x000000235c900000) (1024K)]
  0x0000016fe2aa2780 JavaThread "Unconstrained build operations Thread 2"        [_thread_blocked, id=91792, stack(0x000000235c900000,0x000000235ca00000) (1024K)]
  0x0000016fe2aa34a0 JavaThread "Unconstrained build operations Thread 3"        [_thread_blocked, id=91440, stack(0x000000235ca00000,0x000000235cb00000) (1024K)]
  0x0000016fe2c554c0 JavaThread "Unconstrained build operations Thread 4"        [_thread_blocked, id=88684, stack(0x000000235cb00000,0x000000235cc00000) (1024K)]
  0x0000016fe2c519b0 JavaThread "Unconstrained build operations Thread 5"        [_thread_blocked, id=93004, stack(0x000000235cc00000,0x000000235cd00000) (1024K)]
  0x0000016fe2c547a0 JavaThread "Unconstrained build operations Thread 6"        [_thread_blocked, id=90600, stack(0x000000235cd00000,0x000000235ce00000) (1024K)]
  0x0000016fe2c53a80 JavaThread "Unconstrained build operations Thread 7"        [_thread_blocked, id=89968, stack(0x000000235ce00000,0x000000235cf00000) (1024K)]
  0x0000016fe2c55b50 JavaThread "Unconstrained build operations Thread 8"        [_thread_blocked, id=90496, stack(0x000000235cf00000,0x000000235d000000) (1024K)]
  0x0000016fe2c50c90 JavaThread "Unconstrained build operations Thread 9"        [_thread_blocked, id=91144, stack(0x000000235d000000,0x000000235d100000) (1024K)]
  0x0000016fe2c533f0 JavaThread "Unconstrained build operations Thread 10"        [_thread_blocked, id=90980, stack(0x000000235d100000,0x000000235d200000) (1024K)]
  0x0000016fe2c54110 JavaThread "Unconstrained build operations Thread 11"        [_thread_blocked, id=91600, stack(0x000000235d200000,0x000000235d300000) (1024K)]
  0x0000016fe2c561e0 JavaThread "Unconstrained build operations Thread 12"        [_thread_blocked, id=90840, stack(0x000000235d300000,0x000000235d400000) (1024K)]
  0x0000016fe2c51320 JavaThread "Configuration cache report writer"        [_thread_blocked, id=88472, stack(0x000000235d400000,0x000000235d500000) (1024K)]
  0x0000016fe2c50600 JavaThread "Unconstrained build operations Thread 13"        [_thread_blocked, id=91860, stack(0x000000235d500000,0x000000235d600000) (1024K)]
  0x0000016fe2c4f8e0 JavaThread "Unconstrained build operations Thread 14"        [_thread_blocked, id=91812, stack(0x000000235d600000,0x000000235d700000) (1024K)]
  0x0000016fe2c4ff70 JavaThread "Unconstrained build operations Thread 15"        [_thread_blocked, id=90028, stack(0x000000235d700000,0x000000235d800000) (1024K)]
  0x0000016fe2c526d0 JavaThread "Unconstrained build operations Thread 16"        [_thread_blocked, id=92288, stack(0x000000235d800000,0x000000235d900000) (1024K)]
  0x0000016fe2c54e30 JavaThread "Unconstrained build operations Thread 17"        [_thread_blocked, id=92328, stack(0x000000235d900000,0x000000235da00000) (1024K)]
  0x0000016fe2c56870 JavaThread "Unconstrained build operations Thread 18"        [_thread_blocked, id=92332, stack(0x000000235da00000,0x000000235db00000) (1024K)]
  0x0000016fe2c52040 JavaThread "Unconstrained build operations Thread 19"        [_thread_blocked, id=90312, stack(0x000000235db00000,0x000000235dc00000) (1024K)]
  0x0000016fe3e806f0 JavaThread "Unconstrained build operations Thread 20"        [_thread_blocked, id=90004, stack(0x000000235dc00000,0x000000235dd00000) (1024K)]
  0x0000016fe3e7f340 JavaThread "Unconstrained build operations Thread 21"        [_thread_blocked, id=92368, stack(0x000000235dd00000,0x000000235de00000) (1024K)]
  0x0000016fe3e82130 JavaThread "build event listener"              [_thread_blocked, id=91732, stack(0x0000002359600000,0x0000002359700000) (1024K)]
  0x0000016fe3e7bec0 JavaThread "Memory manager"                    [_thread_blocked, id=90740, stack(0x0000002359700000,0x0000002359800000) (1024K)]
  0x0000016fe3e827c0 JavaThread "build event listener"              [_thread_blocked, id=92180, stack(0x0000002359800000,0x0000002359900000) (1024K)]
  0x0000016fe68cfb60 JavaThread "Build operations"                  [_thread_blocked, id=91712, stack(0x000000235de00000,0x000000235df00000) (1024K)]
  0x0000016fe68d15a0 JavaThread "Unconstrained build operations Thread 22"        [_thread_blocked, id=91068, stack(0x000000235df00000,0x000000235e000000) (1024K)]
  0x0000016fe68cf4d0 JavaThread "Unconstrained build operations Thread 23"        [_thread_blocked, id=92588, stack(0x000000235e000000,0x000000235e100000) (1024K)]
  0x0000016fe68d1c30 JavaThread "Unconstrained build operations Thread 24"        [_thread_blocked, id=92508, stack(0x000000235e100000,0x000000235e200000) (1024K)]
  0x0000016fe68d3670 JavaThread "Unconstrained build operations Thread 25"        [_thread_blocked, id=90556, stack(0x000000235e200000,0x000000235e300000) (1024K)]
  0x0000016fe68d2950 JavaThread "Unconstrained build operations Thread 26"        [_thread_blocked, id=91880, stack(0x000000235e600000,0x000000235e700000) (1024K)]
  0x0000016fe3e7cbe0 JavaThread "Unconstrained build operations Thread 27"        [_thread_blocked, id=92416, stack(0x000000235e700000,0x000000235e800000) (1024K)]
  0x0000016fe3e7d270 JavaThread "Unconstrained build operations Thread 28"        [_thread_blocked, id=92320, stack(0x000000235e800000,0x000000235e900000) (1024K)]
  0x0000016fe3e7d900 JavaThread "Unconstrained build operations Thread 29"        [_thread_blocked, id=92096, stack(0x000000235e900000,0x000000235ea00000) (1024K)]
  0x0000016fe6d41860 JavaThread "Unconstrained build operations Thread 30"        [_thread_blocked, id=90352, stack(0x000000235ea00000,0x000000235eb00000) (1024K)]
  0x0000016fe6d41ef0 JavaThread "Unconstrained build operations Thread 31"        [_thread_blocked, id=92348, stack(0x000000235eb00000,0x000000235ec00000) (1024K)]
  0x0000016fe6d432a0 JavaThread "Unconstrained build operations Thread 32"        [_thread_blocked, id=92364, stack(0x000000235ec00000,0x000000235ed00000) (1024K)]
  0x0000016fe6d3f100 JavaThread "Unconstrained build operations Thread 33"        [_thread_blocked, id=92172, stack(0x000000235ed00000,0x000000235ee00000) (1024K)]
  0x0000016fe6d42580 JavaThread "Unconstrained build operations Thread 34"        [_thread_blocked, id=92684, stack(0x000000235ee00000,0x000000235ef00000) (1024K)]
  0x0000016fe6d404b0 JavaThread "Unconstrained build operations Thread 35"        [_thread_blocked, id=92792, stack(0x000000235ef00000,0x000000235f000000) (1024K)]
  0x0000016fe6d411d0 JavaThread "Unconstrained build operations Thread 36"        [_thread_blocked, id=92800, stack(0x000000235f000000,0x000000235f100000) (1024K)]
  0x0000016fe6d43fc0 JavaThread "Unconstrained build operations Thread 37"        [_thread_blocked, id=91800, stack(0x000000235f100000,0x000000235f200000) (1024K)]
  0x0000016fe6d44650 JavaThread "Unconstrained build operations Thread 38"        [_thread_blocked, id=89880, stack(0x000000235e400000,0x000000235e500000) (1024K)]
  0x0000016fe6d44ce0 JavaThread "Unconstrained build operations Thread 39"        [_thread_blocked, id=92776, stack(0x000000235e500000,0x000000235e600000) (1024K)]
  0x0000016fe6d45370 JavaThread "Unconstrained build operations Thread 40"        [_thread_blocked, id=90892, stack(0x000000235f200000,0x000000235f300000) (1024K)]
  0x0000016fec073100 JavaThread "Build operations Thread 2"         [_thread_blocked, id=90708, stack(0x000000235f400000,0x000000235f500000) (1024K)]
  0x0000016fec0723e0 JavaThread "included builds"                   [_thread_blocked, id=89696, stack(0x000000235f300000,0x000000235f400000) (1024K)]
  0x0000016fec0751d0 JavaThread "Execution worker"                  [_thread_blocked, id=92256, stack(0x000000235f500000,0x000000235f600000) (1024K)]
  0x0000016fec077fc0 JavaThread "Execution worker Thread 2"         [_thread_blocked, id=90552, stack(0x000000235f600000,0x000000235f700000) (1024K)]
  0x0000016fec074b40 JavaThread "Execution worker Thread 3"         [_thread_blocked, id=93144, stack(0x000000235f700000,0x000000235f800000) (1024K)]
  0x0000016fec073790 JavaThread "Cache worker for execution history cache (F:\local-music-player\.gradle\9.3.1\executionHistory)"        [_thread_blocked, id=93148, stack(0x000000235f800000,0x000000235f900000) (1024K)]
  0x0000016fec076c10 JavaThread "WorkerExecutor Queue"              [_thread_blocked, id=91696, stack(0x000000235f900000,0x000000235fa00000) (1024K)]
  0x0000016fe6d3f790 JavaThread "WorkerExecutor Queue Thread 2"        [_thread_in_Java, id=91756, stack(0x000000235fa00000,0x000000235fb00000) (1024K)]
  0x0000016fe6d3e3e0 JavaThread "WorkerExecutor Queue Thread 3"        [_thread_blocked, id=92900, stack(0x000000235fc00000,0x000000235fd00000) (1024K)]
  0x0000016fec078650 JavaThread "Java2D Disposer"            daemon [_thread_blocked, id=91004, stack(0x0000002360000000,0x0000002360100000) (1024K)]
  0x0000016fec0744b0 JavaThread "AWT-Windows"                daemon [_thread_in_native, id=90868, stack(0x0000002360200000,0x0000002360300000) (1024K)]
  0x0000016fe68ce120 JavaThread "DefaultDispatcher-worker-1" daemon [_thread_blocked, id=92484, stack(0x0000002360400000,0x0000002360500000) (1024K)]
  0x0000016fe68cc6e0 JavaThread "DefaultDispatcher-worker-2" daemon [_thread_blocked, id=93168, stack(0x0000002360500000,0x0000002360600000) (1024K)]
  0x0000016fe68d2fe0 JavaThread "DefaultDispatcher-worker-3" daemon [_thread_blocked, id=92748, stack(0x0000002360600000,0x0000002360700000) (1024K)]
  0x0000016fececa010 JavaThread "Periodic tasks thread"      daemon [_thread_blocked, id=92836, stack(0x0000002360100000,0x0000002360200000) (1024K)]
  0x0000016feced0910 JavaThread "ApplicationImpl pooled thread 1"        [_thread_blocked, id=88548, stack(0x0000002360300000,0x0000002360400000) (1024K)]
  0x0000016fee2b0110 JavaThread "ForkJoinPool.commonPool-worker-1" daemon [_thread_blocked, id=90828, stack(0x0000002360700000,0x0000002360800000) (1024K)]
  0x0000016fee2b21e0 JavaThread "ForkJoinPool.commonPool-worker-2" daemon [_thread_blocked, id=92444, stack(0x0000002360800000,0x0000002360900000) (1024K)]
Total: 99

Other Threads:
  0x0000016fdd1113e0 VMThread "VM Thread"                           [id=92396, stack(0x000000235a100000,0x000000235a200000) (1024K)]
  0x0000016fdd07d950 WatcherThread "VM Periodic Task Thread"        [id=92400, stack(0x000000235a000000,0x000000235a100000) (1024K)]
  0x0000016fc3b16130 WorkerThread "GC Thread#0"                     [id=91336, stack(0x0000002359b00000,0x0000002359c00000) (1024K)]
  0x0000016fdd97c3e0 WorkerThread "GC Thread#1"                     [id=92452, stack(0x000000235ac00000,0x000000235ad00000) (1024K)]
  0x0000016fdd8da7c0 WorkerThread "GC Thread#2"                     [id=92448, stack(0x000000235ad00000,0x000000235ae00000) (1024K)]
  0x0000016fdda4f190 WorkerThread "GC Thread#3"                     [id=92492, stack(0x000000235ae00000,0x000000235af00000) (1024K)]
  0x0000016fc3b28e10 ConcurrentGCThread "G1 Main Marker"            [id=92388, stack(0x0000002359c00000,0x0000002359d00000) (1024K)]
  0x0000016fc3b29920 WorkerThread "G1 Conc#0"                       [id=92392, stack(0x0000002359d00000,0x0000002359e00000) (1024K)]
  0x0000016fdcf4b770 ConcurrentGCThread "G1 Refine#0"               [id=92376, stack(0x0000002359e00000,0x0000002359f00000) (1024K)]
  0x0000016fdcf4c460 ConcurrentGCThread "G1 Service"                [id=92372, stack(0x0000002359f00000,0x000000235a000000) (1024K)]
Total: 10

Threads with active compile tasks:
C2 CompilerThread0  390334 21171   !   4       ksp.org.jetbrains.kotlin.metadata.ProtoBuf$Type::<init> (976 bytes)
Total: 1

VM state: not at safepoint (normal execution)

VM Mutex/Monitor currently owned by a thread: None

Heap address: 0x0000000700000000, size: 4096 MB, Compressed Oops mode: Zero based, Oop shift amount: 3

CDS archive(s) not mapped
Compressed class space mapped at: 0x0000000800000000-0x0000000840000000, reserved size: 1073741824
Narrow klass base: 0x0000000800000000, Narrow klass shift: 0, Narrow klass range: 0x40000000

GC Precious Log:
 CardTable entry size: 512
 Card Set container configuration: InlinePtr #cards 4 size 8 Array Of Cards #cards 16 size 48 Howl #buckets 8 coarsen threshold 3686 Howl Bitmap #cards 512 size 80 coarsen threshold 460 Card regions per heap region 1 cards per card region 4096
 CPUs: 4 total, 4 available
 Memory: 3998M
 Large Page Support: Disabled
 NUMA Support: Disabled
 Compressed Oops: Enabled (Zero based)
 Heap Region Size: 2M
 Heap Min Capacity: 8M
 Heap Initial Capacity: 64M
 Heap Max Capacity: 4G
 Pre-touch: Disabled
 Parallel Workers: 4
 Concurrent Workers: 1
 Concurrent Refinement Workers: 4
 Periodic GC: Disabled

Heap:
 garbage-first heap   total 380928K, used 264518K [0x0000000700000000, 0x0000000800000000)
  region size 2048K, 67 young (137216K), 10 survivors (20480K)
 Metaspace       used 184936K, committed 187712K, reserved 1245184K
  class space    used 24661K, committed 26048K, reserved 1048576K

Heap Regions: E=young(eden), S=young(survivor), O=old, HS=humongous(starts), HC=humongous(continues), CS=collection set, F=free, TAMS=top-at-mark-start, PB=parsable bottom
|   0|0x0000000700000000, 0x0000000700200000, 0x0000000700200000|100%|HS|  |TAMS 0x0000000700000000| PB 0x0000000700000000| Complete 
|   1|0x0000000700200000, 0x0000000700400000, 0x0000000700400000|100%|HC|  |TAMS 0x0000000700200000| PB 0x0000000700200000| Complete 
|   2|0x0000000700400000, 0x0000000700600000, 0x0000000700600000|100%| O|  |TAMS 0x0000000700400000| PB 0x0000000700400000| Untracked 
|   3|0x0000000700600000, 0x0000000700800000, 0x0000000700800000|100%| O|  |TAMS 0x0000000700600000| PB 0x0000000700600000| Untracked 
|   4|0x0000000700800000, 0x0000000700a00000, 0x0000000700a00000|100%| O|  |TAMS 0x0000000700800000| PB 0x0000000700800000| Untracked 
|   5|0x0000000700a00000, 0x0000000700c00000, 0x0000000700c00000|100%| O|  |TAMS 0x0000000700a00000| PB 0x0000000700a00000| Untracked 
|   6|0x0000000700c00000, 0x0000000700e00000, 0x0000000700e00000|100%| O|  |TAMS 0x0000000700c00000| PB 0x0000000700c00000| Untracked 
|   7|0x0000000700e00000, 0x0000000701000000, 0x0000000701000000|100%| O|  |TAMS 0x0000000700e00000| PB 0x0000000700e00000| Untracked 
|   8|0x0000000701000000, 0x0000000701200000, 0x0000000701200000|100%| O|  |TAMS 0x0000000701000000| PB 0x0000000701000000| Untracked 
|   9|0x0000000701200000, 0x0000000701400000, 0x0000000701400000|100%| O|  |TAMS 0x0000000701200000| PB 0x0000000701200000| Untracked 
|  10|0x0000000701400000, 0x0000000701600000, 0x0000000701600000|100%| O|  |TAMS 0x0000000701400000| PB 0x0000000701400000| Untracked 
|  11|0x0000000701600000, 0x0000000701800000, 0x0000000701800000|100%| O|  |TAMS 0x0000000701600000| PB 0x0000000701600000| Untracked 
|  12|0x0000000701800000, 0x0000000701a00000, 0x0000000701a00000|100%| O|  |TAMS 0x0000000701800000| PB 0x0000000701800000| Untracked 
|  13|0x0000000701a00000, 0x0000000701c00000, 0x0000000701c00000|100%| O|  |TAMS 0x0000000701a00000| PB 0x0000000701a00000| Untracked 
|  14|0x0000000701c00000, 0x0000000701e00000, 0x0000000701e00000|100%| O|  |TAMS 0x0000000701c00000| PB 0x0000000701c00000| Untracked 
|  15|0x0000000701e00000, 0x0000000702000000, 0x0000000702000000|100%| O|  |TAMS 0x0000000701e00000| PB 0x0000000701e00000| Untracked 
|  16|0x0000000702000000, 0x0000000702200000, 0x0000000702200000|100%| O|  |TAMS 0x0000000702000000| PB 0x0000000702000000| Untracked 
|  17|0x0000000702200000, 0x0000000702400000, 0x0000000702400000|100%|HS|  |TAMS 0x0000000702200000| PB 0x0000000702200000| Complete 
|  18|0x0000000702400000, 0x0000000702600000, 0x0000000702600000|100%| O|  |TAMS 0x0000000702400000| PB 0x0000000702400000| Untracked 
|  19|0x0000000702600000, 0x0000000702800000, 0x0000000702800000|100%| O|  |TAMS 0x0000000702600000| PB 0x0000000702600000| Untracked 
|  20|0x0000000702800000, 0x0000000702a00000, 0x0000000702a00000|100%| O|  |TAMS 0x0000000702800000| PB 0x0000000702800000| Untracked 
|  21|0x0000000702a00000, 0x0000000702c00000, 0x0000000702c00000|100%| O|  |TAMS 0x0000000702a00000| PB 0x0000000702a00000| Untracked 
|  22|0x0000000702c00000, 0x0000000702e00000, 0x0000000702e00000|100%| O|  |TAMS 0x0000000702c00000| PB 0x0000000702c00000| Untracked 
|  23|0x0000000702e00000, 0x0000000703000000, 0x0000000703000000|100%| O|  |TAMS 0x0000000702e00000| PB 0x0000000702e00000| Untracked 
|  24|0x0000000703000000, 0x0000000703200000, 0x0000000703200000|100%| O|  |TAMS 0x0000000703000000| PB 0x0000000703000000| Untracked 
|  25|0x0000000703200000, 0x0000000703400000, 0x0000000703400000|100%|HS|  |TAMS 0x0000000703200000| PB 0x0000000703200000| Complete 
|  26|0x0000000703400000, 0x0000000703600000, 0x0000000703600000|100%| O|  |TAMS 0x0000000703400000| PB 0x0000000703400000| Untracked 
|  27|0x0000000703600000, 0x0000000703800000, 0x0000000703800000|100%| O|  |TAMS 0x0000000703600000| PB 0x0000000703600000| Untracked 
|  28|0x0000000703800000, 0x0000000703a00000, 0x0000000703a00000|100%| O|  |TAMS 0x0000000703800000| PB 0x0000000703800000| Untracked 
|  29|0x0000000703a00000, 0x0000000703c00000, 0x0000000703c00000|100%| O|  |TAMS 0x0000000703a00000| PB 0x0000000703a00000| Untracked 
|  30|0x0000000703c00000, 0x0000000703e00000, 0x0000000703e00000|100%| O|  |TAMS 0x0000000703c00000| PB 0x0000000703c00000| Untracked 
|  31|0x0000000703e00000, 0x0000000704000000, 0x0000000704000000|100%| O|  |TAMS 0x0000000703e00000| PB 0x0000000703e00000| Untracked 
|  32|0x0000000704000000, 0x0000000704200000, 0x0000000704200000|100%|HS|  |TAMS 0x0000000704000000| PB 0x0000000704000000| Complete 
|  33|0x0000000704200000, 0x0000000704400000, 0x0000000704400000|100%| O|  |TAMS 0x0000000704200000| PB 0x0000000704200000| Untracked 
|  34|0x0000000704400000, 0x0000000704600000, 0x0000000704600000|100%| O|  |TAMS 0x0000000704400000| PB 0x0000000704400000| Untracked 
|  35|0x0000000704600000, 0x0000000704800000, 0x0000000704800000|100%| O|  |TAMS 0x0000000704600000| PB 0x0000000704600000| Untracked 
|  36|0x0000000704800000, 0x0000000704a00000, 0x0000000704a00000|100%| O|  |TAMS 0x0000000704800000| PB 0x0000000704800000| Untracked 
|  37|0x0000000704a00000, 0x0000000704c00000, 0x0000000704c00000|100%| O|  |TAMS 0x0000000704a00000| PB 0x0000000704a00000| Untracked 
|  38|0x0000000704c00000, 0x0000000704e00000, 0x0000000704e00000|100%| O|  |TAMS 0x0000000704c00000| PB 0x0000000704c00000| Untracked 
|  39|0x0000000704e00000, 0x0000000705000000, 0x0000000705000000|100%| O|  |TAMS 0x0000000704e00000| PB 0x0000000704e00000| Untracked 
|  40|0x0000000705000000, 0x0000000705200000, 0x0000000705200000|100%| O|  |TAMS 0x0000000705000000| PB 0x0000000705000000| Untracked 
|  41|0x0000000705200000, 0x0000000705400000, 0x0000000705400000|100%| O|Cm|TAMS 0x0000000705200000| PB 0x0000000705200000| Complete 
|  42|0x0000000705400000, 0x0000000705600000, 0x0000000705600000|100%| O|  |TAMS 0x0000000705400000| PB 0x0000000705400000| Untracked 
|  43|0x0000000705600000, 0x0000000705800000, 0x0000000705800000|100%| O|  |TAMS 0x0000000705600000| PB 0x0000000705600000| Untracked 
|  44|0x0000000705800000, 0x0000000705a00000, 0x0000000705a00000|100%| O|  |TAMS 0x0000000705800000| PB 0x0000000705800000| Untracked 
|  45|0x0000000705a00000, 0x0000000705c00000, 0x0000000705c00000|100%| O|  |TAMS 0x0000000705a00000| PB 0x0000000705a00000| Untracked 
|  46|0x0000000705c00000, 0x0000000705e00000, 0x0000000705e00000|100%| O|  |TAMS 0x0000000705c00000| PB 0x0000000705c00000| Untracked 
|  47|0x0000000705e00000, 0x0000000706000000, 0x0000000706000000|100%| O|  |TAMS 0x0000000705e00000| PB 0x0000000705e00000| Untracked 
|  48|0x0000000706000000, 0x0000000706200000, 0x0000000706200000|100%| O|  |TAMS 0x0000000706000000| PB 0x0000000706000000| Untracked 
|  49|0x0000000706200000, 0x0000000706400000, 0x0000000706400000|100%| O|  |TAMS 0x0000000706200000| PB 0x0000000706200000| Untracked 
|  50|0x0000000706400000, 0x0000000706600000, 0x0000000706600000|100%|HS|  |TAMS 0x0000000706400000| PB 0x0000000706400000| Complete 
|  51|0x0000000706600000, 0x0000000706800000, 0x0000000706800000|100%| O|  |TAMS 0x0000000706600000| PB 0x0000000706600000| Untracked 
|  52|0x0000000706800000, 0x0000000706a00000, 0x0000000706a00000|100%| O|  |TAMS 0x0000000706800000| PB 0x0000000706800000| Untracked 
|  53|0x0000000706a00000, 0x0000000706a00000, 0x0000000706c00000|  0%| F|  |TAMS 0x0000000706a00000| PB 0x0000000706a00000| Untracked 
|  54|0x0000000706c00000, 0x0000000706e00000, 0x0000000706e00000|100%| O|  |TAMS 0x0000000706c00000| PB 0x0000000706c00000| Untracked 
|  55|0x0000000706e00000, 0x0000000706e00000, 0x0000000707000000|  0%| F|  |TAMS 0x0000000706e00000| PB 0x0000000706e00000| Untracked 
|  56|0x0000000707000000, 0x0000000707200000, 0x0000000707200000|100%| O|  |TAMS 0x0000000707000000| PB 0x0000000707000000| Untracked 
|  57|0x0000000707200000, 0x0000000707400000, 0x0000000707400000|100%| O|  |TAMS 0x0000000707200000| PB 0x0000000707200000| Untracked 
|  58|0x0000000707400000, 0x0000000707600000, 0x0000000707600000|100%|HS|  |TAMS 0x0000000707400000| PB 0x0000000707400000| Complete 
|  59|0x0000000707600000, 0x0000000707800000, 0x0000000707800000|100%|HC|  |TAMS 0x0000000707600000| PB 0x0000000707600000| Complete 
|  60|0x0000000707800000, 0x0000000707a00000, 0x0000000707a00000|100%|HC|  |TAMS 0x0000000707800000| PB 0x0000000707800000| Complete 
|  61|0x0000000707a00000, 0x0000000707a00000, 0x0000000707c00000|  0%| F|  |TAMS 0x0000000707a00000| PB 0x0000000707a00000| Untracked 
|  62|0x0000000707c00000, 0x0000000707c00000, 0x0000000707e00000|  0%| F|  |TAMS 0x0000000707c00000| PB 0x0000000707c00000| Untracked 
|  63|0x0000000707e00000, 0x0000000707e51b00, 0x0000000708000000| 15%| O|  |TAMS 0x0000000707e00000| PB 0x0000000707e00000| Untracked 
|  64|0x0000000708000000, 0x0000000708000000, 0x0000000708200000|  0%| F|  |TAMS 0x0000000708000000| PB 0x0000000708000000| Untracked 
|  65|0x0000000708200000, 0x0000000708200000, 0x0000000708400000|  0%| F|  |TAMS 0x0000000708200000| PB 0x0000000708200000| Untracked 
|  66|0x0000000708400000, 0x0000000708400000, 0x0000000708600000|  0%| F|  |TAMS 0x0000000708400000| PB 0x0000000708400000| Untracked 
|  67|0x0000000708600000, 0x0000000708600000, 0x0000000708800000|  0%| F|  |TAMS 0x0000000708600000| PB 0x0000000708600000| Untracked 
|  68|0x0000000708800000, 0x0000000708800000, 0x0000000708a00000|  0%| F|  |TAMS 0x0000000708800000| PB 0x0000000708800000| Untracked 
|  69|0x0000000708a00000, 0x0000000708a00000, 0x0000000708c00000|  0%| F|  |TAMS 0x0000000708a00000| PB 0x0000000708a00000| Untracked 
|  70|0x0000000708c00000, 0x0000000708c00000, 0x0000000708e00000|  0%| F|  |TAMS 0x0000000708c00000| PB 0x0000000708c00000| Untracked 
|  71|0x0000000708e00000, 0x0000000708e00000, 0x0000000709000000|  0%| F|  |TAMS 0x0000000708e00000| PB 0x0000000708e00000| Untracked 
|  72|0x0000000709000000, 0x0000000709000000, 0x0000000709200000|  0%| F|  |TAMS 0x0000000709000000| PB 0x0000000709000000| Untracked 
|  73|0x0000000709200000, 0x0000000709200000, 0x0000000709400000|  0%| F|  |TAMS 0x0000000709200000| PB 0x0000000709200000| Untracked 
|  74|0x0000000709400000, 0x0000000709400000, 0x0000000709600000|  0%| F|  |TAMS 0x0000000709400000| PB 0x0000000709400000| Untracked 
|  75|0x0000000709600000, 0x0000000709600000, 0x0000000709800000|  0%| F|  |TAMS 0x0000000709600000| PB 0x0000000709600000| Untracked 
|  76|0x0000000709800000, 0x0000000709800000, 0x0000000709a00000|  0%| F|  |TAMS 0x0000000709800000| PB 0x0000000709800000| Untracked 
|  77|0x0000000709a00000, 0x0000000709a00000, 0x0000000709c00000|  0%| F|  |TAMS 0x0000000709a00000| PB 0x0000000709a00000| Untracked 
|  78|0x0000000709c00000, 0x0000000709c00000, 0x0000000709e00000|  0%| F|  |TAMS 0x0000000709c00000| PB 0x0000000709c00000| Untracked 
|  79|0x0000000709e00000, 0x0000000709e00000, 0x000000070a000000|  0%| F|  |TAMS 0x0000000709e00000| PB 0x0000000709e00000| Untracked 
|  80|0x000000070a000000, 0x000000070a000000, 0x000000070a200000|  0%| F|  |TAMS 0x000000070a000000| PB 0x000000070a000000| Untracked 
|  81|0x000000070a200000, 0x000000070a200000, 0x000000070a400000|  0%| F|  |TAMS 0x000000070a200000| PB 0x000000070a200000| Untracked 
|  82|0x000000070a400000, 0x000000070a400000, 0x000000070a600000|  0%| F|  |TAMS 0x000000070a400000| PB 0x000000070a400000| Untracked 
|  83|0x000000070a600000, 0x000000070a600000, 0x000000070a800000|  0%| F|  |TAMS 0x000000070a600000| PB 0x000000070a600000| Untracked 
|  84|0x000000070a800000, 0x000000070a800000, 0x000000070aa00000|  0%| F|  |TAMS 0x000000070a800000| PB 0x000000070a800000| Untracked 
|  85|0x000000070aa00000, 0x000000070aa00000, 0x000000070ac00000|  0%| F|  |TAMS 0x000000070aa00000| PB 0x000000070aa00000| Untracked 
|  86|0x000000070ac00000, 0x000000070ac00000, 0x000000070ae00000|  0%| F|  |TAMS 0x000000070ac00000| PB 0x000000070ac00000| Untracked 
|  87|0x000000070ae00000, 0x000000070ae00000, 0x000000070b000000|  0%| F|  |TAMS 0x000000070ae00000| PB 0x000000070ae00000| Untracked 
|  88|0x000000070b000000, 0x000000070b000000, 0x000000070b200000|  0%| F|  |TAMS 0x000000070b000000| PB 0x000000070b000000| Untracked 
|  89|0x000000070b200000, 0x000000070b200000, 0x000000070b400000|  0%| F|  |TAMS 0x000000070b200000| PB 0x000000070b200000| Untracked 
|  90|0x000000070b400000, 0x000000070b400000, 0x000000070b600000|  0%| F|  |TAMS 0x000000070b400000| PB 0x000000070b400000| Untracked 
|  91|0x000000070b600000, 0x000000070b600000, 0x000000070b800000|  0%| F|  |TAMS 0x000000070b600000| PB 0x000000070b600000| Untracked 
|  92|0x000000070b800000, 0x000000070b800000, 0x000000070ba00000|  0%| F|  |TAMS 0x000000070b800000| PB 0x000000070b800000| Untracked 
|  93|0x000000070ba00000, 0x000000070bc00000, 0x000000070bc00000|100%| S|CS|TAMS 0x000000070ba00000| PB 0x000000070ba00000| Complete 
|  94|0x000000070bc00000, 0x000000070be00000, 0x000000070be00000|100%| S|CS|TAMS 0x000000070bc00000| PB 0x000000070bc00000| Complete 
|  95|0x000000070be00000, 0x000000070c000000, 0x000000070c000000|100%| S|CS|TAMS 0x000000070be00000| PB 0x000000070be00000| Complete 
|  96|0x000000070c000000, 0x000000070c200000, 0x000000070c200000|100%| S|CS|TAMS 0x000000070c000000| PB 0x000000070c000000| Complete 
|  97|0x000000070c200000, 0x000000070c400000, 0x000000070c400000|100%| S|CS|TAMS 0x000000070c200000| PB 0x000000070c200000| Complete 
|  98|0x000000070c400000, 0x000000070c600000, 0x000000070c600000|100%| S|CS|TAMS 0x000000070c400000| PB 0x000000070c400000| Complete 
|  99|0x000000070c600000, 0x000000070c800000, 0x000000070c800000|100%| S|CS|TAMS 0x000000070c600000| PB 0x000000070c600000| Complete 
| 100|0x000000070c800000, 0x000000070ca00000, 0x000000070ca00000|100%| S|CS|TAMS 0x000000070c800000| PB 0x000000070c800000| Complete 
| 101|0x000000070ca00000, 0x000000070cc00000, 0x000000070cc00000|100%| S|CS|TAMS 0x000000070ca00000| PB 0x000000070ca00000| Complete 
| 102|0x000000070cc00000, 0x000000070ce00000, 0x000000070ce00000|100%| S|CS|TAMS 0x000000070cc00000| PB 0x000000070cc00000| Complete 
| 103|0x000000070ce00000, 0x000000070ce00000, 0x000000070d000000|  0%| F|  |TAMS 0x000000070ce00000| PB 0x000000070ce00000| Untracked 
| 104|0x000000070d000000, 0x000000070d000000, 0x000000070d200000|  0%| F|  |TAMS 0x000000070d000000| PB 0x000000070d000000| Untracked 
| 105|0x000000070d200000, 0x000000070d200000, 0x000000070d400000|  0%| F|  |TAMS 0x000000070d200000| PB 0x000000070d200000| Untracked 
| 106|0x000000070d400000, 0x000000070d400000, 0x000000070d600000|  0%| F|  |TAMS 0x000000070d400000| PB 0x000000070d400000| Untracked 
| 107|0x000000070d600000, 0x000000070d600000, 0x000000070d800000|  0%| F|  |TAMS 0x000000070d600000| PB 0x000000070d600000| Untracked 
| 108|0x000000070d800000, 0x000000070d800000, 0x000000070da00000|  0%| F|  |TAMS 0x000000070d800000| PB 0x000000070d800000| Untracked 
| 109|0x000000070da00000, 0x000000070da00000, 0x000000070dc00000|  0%| F|  |TAMS 0x000000070da00000| PB 0x000000070da00000| Untracked 
| 110|0x000000070dc00000, 0x000000070dc00000, 0x000000070de00000|  0%| F|  |TAMS 0x000000070dc00000| PB 0x000000070dc00000| Untracked 
| 111|0x000000070de00000, 0x000000070de00000, 0x000000070e000000|  0%| F|  |TAMS 0x000000070de00000| PB 0x000000070de00000| Untracked 
| 112|0x000000070e000000, 0x000000070e000000, 0x000000070e200000|  0%| F|  |TAMS 0x000000070e000000| PB 0x000000070e000000| Untracked 
| 113|0x000000070e200000, 0x000000070e200000, 0x000000070e400000|  0%| F|  |TAMS 0x000000070e200000| PB 0x000000070e200000| Untracked 
| 114|0x000000070e400000, 0x000000070e400000, 0x000000070e600000|  0%| F|  |TAMS 0x000000070e400000| PB 0x000000070e400000| Untracked 
| 115|0x000000070e600000, 0x000000070e600000, 0x000000070e800000|  0%| F|  |TAMS 0x000000070e600000| PB 0x000000070e600000| Untracked 
| 116|0x000000070e800000, 0x000000070e800000, 0x000000070ea00000|  0%| F|  |TAMS 0x000000070e800000| PB 0x000000070e800000| Untracked 
| 117|0x000000070ea00000, 0x000000070ea00000, 0x000000070ec00000|  0%| F|  |TAMS 0x000000070ea00000| PB 0x000000070ea00000| Untracked 
| 118|0x000000070ec00000, 0x000000070ec00000, 0x000000070ee00000|  0%| F|  |TAMS 0x000000070ec00000| PB 0x000000070ec00000| Untracked 
| 119|0x000000070ee00000, 0x000000070ee00000, 0x000000070f000000|  0%| F|  |TAMS 0x000000070ee00000| PB 0x000000070ee00000| Untracked 
| 120|0x000000070f000000, 0x000000070f000000, 0x000000070f200000|  0%| F|  |TAMS 0x000000070f000000| PB 0x000000070f000000| Untracked 
| 121|0x000000070f200000, 0x000000070f200000, 0x000000070f400000|  0%| F|  |TAMS 0x000000070f200000| PB 0x000000070f200000| Untracked 
| 122|0x000000070f400000, 0x000000070f400000, 0x000000070f600000|  0%| F|  |TAMS 0x000000070f400000| PB 0x000000070f400000| Untracked 
| 123|0x000000070f600000, 0x000000070f600000, 0x000000070f800000|  0%| F|  |TAMS 0x000000070f600000| PB 0x000000070f600000| Untracked 
| 124|0x000000070f800000, 0x000000070f800000, 0x000000070fa00000|  0%| F|  |TAMS 0x000000070f800000| PB 0x000000070f800000| Untracked 
| 125|0x000000070fa00000, 0x000000070fc00000, 0x000000070fc00000|100%| E|  |TAMS 0x000000070fa00000| PB 0x000000070fa00000| Complete 
| 126|0x000000070fc00000, 0x000000070fe00000, 0x000000070fe00000|100%| E|CS|TAMS 0x000000070fc00000| PB 0x000000070fc00000| Complete 
| 127|0x000000070fe00000, 0x0000000710000000, 0x0000000710000000|100%| E|CS|TAMS 0x000000070fe00000| PB 0x000000070fe00000| Complete 
| 128|0x0000000710000000, 0x0000000710200000, 0x0000000710200000|100%| E|CS|TAMS 0x0000000710000000| PB 0x0000000710000000| Complete 
| 129|0x0000000710200000, 0x0000000710400000, 0x0000000710400000|100%| E|CS|TAMS 0x0000000710200000| PB 0x0000000710200000| Complete 
| 130|0x0000000710400000, 0x0000000710600000, 0x0000000710600000|100%| E|CS|TAMS 0x0000000710400000| PB 0x0000000710400000| Complete 
| 131|0x0000000710600000, 0x0000000710800000, 0x0000000710800000|100%| E|CS|TAMS 0x0000000710600000| PB 0x0000000710600000| Complete 
| 132|0x0000000710800000, 0x0000000710a00000, 0x0000000710a00000|100%| E|CS|TAMS 0x0000000710800000| PB 0x0000000710800000| Complete 
| 133|0x0000000710a00000, 0x0000000710c00000, 0x0000000710c00000|100%| E|CS|TAMS 0x0000000710a00000| PB 0x0000000710a00000| Complete 
| 134|0x0000000710c00000, 0x0000000710e00000, 0x0000000710e00000|100%| E|CS|TAMS 0x0000000710c00000| PB 0x0000000710c00000| Complete 
| 135|0x0000000710e00000, 0x0000000711000000, 0x0000000711000000|100%| E|CS|TAMS 0x0000000710e00000| PB 0x0000000710e00000| Complete 
| 136|0x0000000711000000, 0x0000000711200000, 0x0000000711200000|100%| E|CS|TAMS 0x0000000711000000| PB 0x0000000711000000| Complete 
| 137|0x0000000711200000, 0x0000000711400000, 0x0000000711400000|100%| E|CS|TAMS 0x0000000711200000| PB 0x0000000711200000| Complete 
| 138|0x0000000711400000, 0x0000000711600000, 0x0000000711600000|100%| E|CS|TAMS 0x0000000711400000| PB 0x0000000711400000| Complete 
| 139|0x0000000711600000, 0x0000000711800000, 0x0000000711800000|100%| E|CS|TAMS 0x0000000711600000| PB 0x0000000711600000| Complete 
| 140|0x0000000711800000, 0x0000000711a00000, 0x0000000711a00000|100%| E|CS|TAMS 0x0000000711800000| PB 0x0000000711800000| Complete 
| 141|0x0000000711a00000, 0x0000000711c00000, 0x0000000711c00000|100%| E|CS|TAMS 0x0000000711a00000| PB 0x0000000711a00000| Complete 
| 142|0x0000000711c00000, 0x0000000711e00000, 0x0000000711e00000|100%| E|CS|TAMS 0x0000000711c00000| PB 0x0000000711c00000| Complete 
| 143|0x0000000711e00000, 0x0000000712000000, 0x0000000712000000|100%| E|CS|TAMS 0x0000000711e00000| PB 0x0000000711e00000| Complete 
| 144|0x0000000712000000, 0x0000000712200000, 0x0000000712200000|100%| E|CS|TAMS 0x0000000712000000| PB 0x0000000712000000| Complete 
| 145|0x0000000712200000, 0x0000000712400000, 0x0000000712400000|100%| E|CS|TAMS 0x0000000712200000| PB 0x0000000712200000| Complete 
| 146|0x0000000712400000, 0x0000000712600000, 0x0000000712600000|100%| E|CS|TAMS 0x0000000712400000| PB 0x0000000712400000| Complete 
| 147|0x0000000712600000, 0x0000000712800000, 0x0000000712800000|100%| E|CS|TAMS 0x0000000712600000| PB 0x0000000712600000| Complete 
| 148|0x0000000712800000, 0x0000000712a00000, 0x0000000712a00000|100%| E|CS|TAMS 0x0000000712800000| PB 0x0000000712800000| Complete 
| 149|0x0000000712a00000, 0x0000000712c00000, 0x0000000712c00000|100%| E|CS|TAMS 0x0000000712a00000| PB 0x0000000712a00000| Complete 
| 150|0x0000000712c00000, 0x0000000712e00000, 0x0000000712e00000|100%| E|CS|TAMS 0x0000000712c00000| PB 0x0000000712c00000| Complete 
| 151|0x0000000712e00000, 0x0000000713000000, 0x0000000713000000|100%| E|CS|TAMS 0x0000000712e00000| PB 0x0000000712e00000| Complete 
| 152|0x0000000713000000, 0x0000000713200000, 0x0000000713200000|100%| E|CS|TAMS 0x0000000713000000| PB 0x0000000713000000| Complete 
| 153|0x0000000713200000, 0x0000000713400000, 0x0000000713400000|100%| E|CS|TAMS 0x0000000713200000| PB 0x0000000713200000| Complete 
| 154|0x0000000713400000, 0x0000000713600000, 0x0000000713600000|100%| E|CS|TAMS 0x0000000713400000| PB 0x0000000713400000| Complete 
| 155|0x0000000713600000, 0x0000000713800000, 0x0000000713800000|100%| E|CS|TAMS 0x0000000713600000| PB 0x0000000713600000| Complete 
| 156|0x0000000713800000, 0x0000000713a00000, 0x0000000713a00000|100%| E|CS|TAMS 0x0000000713800000| PB 0x0000000713800000| Complete 
| 157|0x0000000713a00000, 0x0000000713c00000, 0x0000000713c00000|100%| E|CS|TAMS 0x0000000713a00000| PB 0x0000000713a00000| Complete 
| 158|0x0000000713c00000, 0x0000000713e00000, 0x0000000713e00000|100%| E|CS|TAMS 0x0000000713c00000| PB 0x0000000713c00000| Complete 
| 159|0x0000000713e00000, 0x0000000714000000, 0x0000000714000000|100%| E|CS|TAMS 0x0000000713e00000| PB 0x0000000713e00000| Complete 
| 160|0x0000000714000000, 0x0000000714200000, 0x0000000714200000|100%| E|CS|TAMS 0x0000000714000000| PB 0x0000000714000000| Complete 
| 161|0x0000000714200000, 0x0000000714400000, 0x0000000714400000|100%| E|CS|TAMS 0x0000000714200000| PB 0x0000000714200000| Complete 
| 162|0x0000000714400000, 0x0000000714600000, 0x0000000714600000|100%| E|CS|TAMS 0x0000000714400000| PB 0x0000000714400000| Complete 
| 163|0x0000000714600000, 0x0000000714800000, 0x0000000714800000|100%| E|CS|TAMS 0x0000000714600000| PB 0x0000000714600000| Complete 
| 164|0x0000000714800000, 0x0000000714a00000, 0x0000000714a00000|100%| E|CS|TAMS 0x0000000714800000| PB 0x0000000714800000| Complete 
| 165|0x0000000714a00000, 0x0000000714c00000, 0x0000000714c00000|100%| E|CS|TAMS 0x0000000714a00000| PB 0x0000000714a00000| Complete 
| 166|0x0000000714c00000, 0x0000000714e00000, 0x0000000714e00000|100%| E|CS|TAMS 0x0000000714c00000| PB 0x0000000714c00000| Complete 
| 167|0x0000000714e00000, 0x0000000715000000, 0x0000000715000000|100%| E|CS|TAMS 0x0000000714e00000| PB 0x0000000714e00000| Complete 
| 168|0x0000000715000000, 0x0000000715200000, 0x0000000715200000|100%| E|CS|TAMS 0x0000000715000000| PB 0x0000000715000000| Complete 
| 169|0x0000000715200000, 0x0000000715400000, 0x0000000715400000|100%| E|CS|TAMS 0x0000000715200000| PB 0x0000000715200000| Complete 
| 170|0x0000000715400000, 0x0000000715600000, 0x0000000715600000|100%| E|CS|TAMS 0x0000000715400000| PB 0x0000000715400000| Complete 
| 171|0x0000000715600000, 0x0000000715800000, 0x0000000715800000|100%| E|CS|TAMS 0x0000000715600000| PB 0x0000000715600000| Complete 
| 172|0x0000000715800000, 0x0000000715a00000, 0x0000000715a00000|100%| E|CS|TAMS 0x0000000715800000| PB 0x0000000715800000| Complete 
| 173|0x0000000715a00000, 0x0000000715c00000, 0x0000000715c00000|100%| E|CS|TAMS 0x0000000715a00000| PB 0x0000000715a00000| Complete 
| 174|0x0000000715c00000, 0x0000000715e00000, 0x0000000715e00000|100%| E|CS|TAMS 0x0000000715c00000| PB 0x0000000715c00000| Complete 
| 175|0x0000000715e00000, 0x0000000716000000, 0x0000000716000000|100%| E|CS|TAMS 0x0000000715e00000| PB 0x0000000715e00000| Complete 
| 176|0x0000000716000000, 0x0000000716200000, 0x0000000716200000|100%| E|CS|TAMS 0x0000000716000000| PB 0x0000000716000000| Complete 
|2039|0x00000007fee00000, 0x00000007ff000000, 0x00000007ff000000|100%| O|  |TAMS 0x00000007fee00000| PB 0x00000007fee00000| Untracked 
|2040|0x00000007ff000000, 0x00000007ff200000, 0x00000007ff200000|100%| O|  |TAMS 0x00000007ff000000| PB 0x00000007ff000000| Untracked 
|2041|0x00000007ff200000, 0x00000007ff400000, 0x00000007ff400000|100%| E|CS|TAMS 0x00000007ff200000| PB 0x00000007ff200000| Complete 
|2042|0x00000007ff400000, 0x00000007ff600000, 0x00000007ff600000|100%| E|CS|TAMS 0x00000007ff400000| PB 0x00000007ff400000| Complete 
|2043|0x00000007ff600000, 0x00000007ff800000, 0x00000007ff800000|100%| E|CS|TAMS 0x00000007ff600000| PB 0x00000007ff600000| Complete 
|2044|0x00000007ff800000, 0x00000007ffa00000, 0x00000007ffa00000|100%| E|CS|TAMS 0x00000007ff800000| PB 0x00000007ff800000| Complete 
|2045|0x00000007ffa00000, 0x00000007ffc00000, 0x00000007ffc00000|100%| E|CS|TAMS 0x00000007ffa00000| PB 0x00000007ffa00000| Complete 
|2046|0x00000007ffc00000, 0x00000007ffe00000, 0x00000007ffe00000|100%| O|  |TAMS 0x00000007ffc00000| PB 0x00000007ffc00000| Untracked 
|2047|0x00000007ffe00000, 0x0000000800000000, 0x0000000800000000|100%| O|  |TAMS 0x00000007ffe00000| PB 0x00000007ffe00000| Untracked 

Card table byte_map: [0x0000016fd63e0000,0x0000016fd6be0000] _byte_map_base: 0x0000016fd2be0000

Marking Bits: (CMBitMap*) 0x0000016fc3b16840
 Bits: [0x0000016fd6be0000, 0x0000016fdabe0000)

Polling page: 0x0000016fc1430000

Metaspace:

Usage:
  Non-class:    156.52 MB used.
      Class:     24.08 MB used.
       Both:    180.60 MB used.

Virtual space:
  Non-class space:      192.00 MB reserved,     157.88 MB ( 82%) committed,  3 nodes.
      Class space:        1.00 GB reserved,      25.44 MB (  2%) committed,  1 nodes.
             Both:        1.19 GB reserved,     183.31 MB ( 15%) committed. 

Chunk freelists:
   Non-Class:  1.27 MB
       Class:  6.52 MB
        Both:  7.78 MB

MaxMetaspaceSize: unlimited
CompressedClassSpaceSize: 1.00 GB
Initial GC threshold: 21.00 MB
Current GC threshold: 247.62 MB
CDS: off
 - commit_granule_bytes: 65536.
 - commit_granule_words: 8192.
 - virtual_space_node_default_size: 8388608.
 - enlarge_chunks_in_place: 1.
 - use_allocation_guard: 0.


Internal statistics:

num_allocs_failed_limit: 9.
num_arena_births: 5540.
num_arena_deaths: 0.
num_vsnodes_births: 4.
num_vsnodes_deaths: 0.
num_space_committed: 2930.
num_space_uncommitted: 0.
num_chunks_returned_to_freelist: 9.
num_chunks_taken_from_freelist: 13170.
num_chunk_merges: 6.
num_chunk_splits: 8834.
num_chunks_enlarged: 5805.
num_inconsistent_stats: 0.

CodeHeap 'non-profiled nmethods': size=120000Kb used=12549Kb max_used=12549Kb free=107450Kb
 bounds [0x0000016fce6b0000, 0x0000016fcf300000, 0x0000016fd5be0000]
CodeHeap 'profiled nmethods': size=120000Kb used=32197Kb max_used=32197Kb free=87802Kb
 bounds [0x0000016fc6be0000, 0x0000016fc8b60000, 0x0000016fce110000]
CodeHeap 'non-nmethods': size=5760Kb used=2280Kb max_used=2297Kb free=3479Kb
 bounds [0x0000016fce110000, 0x0000016fce380000, 0x0000016fce6b0000]
CodeCache: size=245760Kb, used=47026Kb, max_used=47043Kb, free=198731Kb
 total_blobs=16853, nmethods=15719, adapters=1037, full_count=0
Compilation: enabled, stopped_count=0, restarted_count=0

Compilation events (20 events):
Event: 389.229 Thread 0x0000016fdd2ee160 21188       3       ksp.com.intellij.openapi.vfs.limits.FileSizeLimit::isTooLarge (9 bytes)
Event: 389.230 Thread 0x0000016fdd2ee160 nmethod 21188 0x0000016fc8ad3210 code [0x0000016fc8ad33c0, 0x0000016fc8ad34f0]
Event: 389.230 Thread 0x0000016fdd2ee160 21189       3       ksp.com.intellij.openapi.vfs.limits.FileSizeLimit$Companion::getContentLoadLimit (37 bytes)
Event: 389.231 Thread 0x0000016fdd2ee160 nmethod 21189 0x0000016fc8ad3590 code [0x0000016fc8ad37a0, 0x0000016fc8ad3cd0]
Event: 389.231 Thread 0x0000016fdd2ee160 21190       3       ksp.com.intellij.openapi.vfs.impl.JavaZipFileWrapper$EntryWrapper::getInputStream (12 bytes)
Event: 389.232 Thread 0x0000016fdd2ee160 nmethod 21190 0x0000016fc8ad3e90 code [0x0000016fc8ad4040, 0x0000016fc8ad4228]
Event: 389.232 Thread 0x0000016fdd2ee160 21191       3       ksp.com.intellij.openapi.util.io.StreamUtil::readBytes (44 bytes)
Event: 389.232 Thread 0x0000016fdd2ee160 nmethod 21191 0x0000016fc8ad4310 code [0x0000016fc8ad44e0, 0x0000016fc8ad4878]
Event: 389.233 Thread 0x0000016fdd2ee160 21192       3       ksp.org.jetbrains.kotlin.metadata.ProtoBuf$VersionRequirementTable::getDefaultInstance (4 bytes)
Event: 389.234 Thread 0x0000016fdd2ee160 nmethod 21192 0x0000016fc8ad4a10 code [0x0000016fc8ad4ba0, 0x0000016fc8ad4c98]
Event: 389.234 Thread 0x0000016fdd2ee160 21193   !   3       ksp.org.jetbrains.kotlin.metadata.ProtoBuf$Property::<init> (2267 bytes)
Event: 389.263 Thread 0x0000016fdd2ee160 nmethod 21193 0x0000016fc8ad4d10 code [0x0000016fc8ad5d20, 0x0000016fc8ae2700]
Event: 389.277 Thread 0x0000016fdd2ee160 21194       3       ksp.org.jetbrains.kotlin.fir.FirLanguageSettingsComponentKt::getLanguageVersionSettings (14 bytes)
Event: 389.278 Thread 0x0000016fdd2ee160 nmethod 21194 0x0000016fc8ae7110 code [0x0000016fc8ae7360, 0x0000016fc8ae7ab0]
Event: 389.401 Thread 0x0000016fdd2ee160 21195       3       ksp.org.jetbrains.kotlin.fir.MutableOrEmptyList::size (5 bytes)
Event: 389.401 Thread 0x0000016fdd2ee160 nmethod 21195 0x0000016fc8ae7d90 code [0x0000016fc8ae7f60, 0x0000016fc8ae8260]
Event: 389.404 Thread 0x0000016fdd2ee160 21196       3       ksp.com.intellij.util.CachedValueBase$DefaultData::getDependencies (13 bytes)
Event: 389.404 Thread 0x0000016fdd2ee160 nmethod 21196 0x0000016fc8ae8390 code [0x0000016fc8ae8540, 0x0000016fc8ae86c0]
Event: 389.407 Thread 0x0000016fdd2ee160 21197       3       ksp.org.jetbrains.kotlin.fir.declarations.FirDeclarationDataRegistry$DeclarationDataAccessor::getValue (34 bytes)
Event: 389.409 Thread 0x0000016fdd2ee160 nmethod 21197 0x0000016fc8ae8790 code [0x0000016fc8ae8bc0, 0x0000016fc8aea5f8]

GC Heap History (20 events):
Event: 322.067 GC heap before
{Heap before GC invocations=95 (full 0):
 garbage-first heap   total 317440K, used 297788K [0x0000000700000000, 0x0000000800000000)
  region size 2048K, 87 young (178176K), 3 survivors (6144K)
 Metaspace       used 132339K, committed 134976K, reserved 1179648K
  class space    used 18390K, committed 19712K, reserved 1048576K
}
Event: 322.078 GC heap after
{Heap after GC invocations=96 (full 0):
 garbage-first heap   total 317440K, used 125844K [0x0000000700000000, 0x0000000800000000)
  region size 2048K, 3 young (6144K), 3 survivors (6144K)
 Metaspace       used 132339K, committed 134976K, reserved 1179648K
  class space    used 18390K, committed 19712K, reserved 1048576K
}
Event: 324.588 GC heap before
{Heap before GC invocations=97 (full 0):
 garbage-first heap   total 317440K, used 295828K [0x0000000700000000, 0x0000000800000000)
  region size 2048K, 86 young (176128K), 3 survivors (6144K)
 Metaspace       used 132341K, committed 134976K, reserved 1179648K
  class space    used 18390K, committed 19712K, reserved 1048576K
}
Event: 324.596 GC heap after
{Heap after GC invocations=98 (full 0):
 garbage-first heap   total 317440K, used 124974K [0x0000000700000000, 0x0000000800000000)
  region size 2048K, 2 young (4096K), 2 survivors (4096K)
 Metaspace       used 132341K, committed 134976K, reserved 1179648K
  class space    used 18390K, committed 19712K, reserved 1048576K
}
Event: 325.082 GC heap before
{Heap before GC invocations=98 (full 0):
 garbage-first heap   total 317440K, used 297006K [0x0000000700000000, 0x0000000800000000)
  region size 2048K, 86 young (176128K), 2 survivors (4096K)
 Metaspace       used 132351K, committed 135040K, reserved 1179648K
  class space    used 18390K, committed 19712K, reserved 1048576K
}
Event: 325.113 GC heap after
{Heap after GC invocations=99 (full 0):
 garbage-first heap   total 317440K, used 126589K [0x0000000700000000, 0x0000000800000000)
  region size 2048K, 3 young (6144K), 3 survivors (6144K)
 Metaspace       used 132351K, committed 135040K, reserved 1179648K
  class space    used 18390K, committed 19712K, reserved 1048576K
}
Event: 329.352 GC heap before
{Heap before GC invocations=99 (full 0):
 garbage-first heap   total 317440K, used 294525K [0x0000000700000000, 0x0000000800000000)
  region size 2048K, 86 young (176128K), 3 survivors (6144K)
 Metaspace       used 132353K, committed 135040K, reserved 1179648K
  class space    used 18390K, committed 19712K, reserved 1048576K
}
Event: 329.390 GC heap after
{Heap after GC invocations=100 (full 0):
 garbage-first heap   total 380928K, used 128290K [0x0000000700000000, 0x0000000800000000)
  region size 2048K, 4 young (8192K), 4 survivors (8192K)
 Metaspace       used 132353K, committed 135040K, reserved 1179648K
  class space    used 18390K, committed 19712K, reserved 1048576K
}
Event: 331.251 GC heap before
{Heap before GC invocations=100 (full 0):
 garbage-first heap   total 380928K, used 345378K [0x0000000700000000, 0x0000000800000000)
  region size 2048K, 111 young (227328K), 4 survivors (8192K)
 Metaspace       used 132377K, committed 135040K, reserved 1179648K
  class space    used 18390K, committed 19712K, reserved 1048576K
}
Event: 331.266 GC heap after
{Heap after GC invocations=101 (full 0):
 garbage-first heap   total 380928K, used 130692K [0x0000000700000000, 0x0000000800000000)
  region size 2048K, 5 young (10240K), 5 survivors (10240K)
 Metaspace       used 132377K, committed 135040K, reserved 1179648K
  class space    used 18390K, committed 19712K, reserved 1048576K
}
Event: 334.597 GC heap before
{Heap before GC invocations=102 (full 0):
 garbage-first heap   total 380928K, used 347780K [0x0000000700000000, 0x0000000800000000)
  region size 2048K, 111 young (227328K), 5 survivors (10240K)
 Metaspace       used 132382K, committed 135040K, reserved 1179648K
  class space    used 18390K, committed 19712K, reserved 1048576K
}
Event: 334.672 GC heap after
{Heap after GC invocations=103 (full 0):
 garbage-first heap   total 380928K, used 133160K [0x0000000700000000, 0x0000000800000000)
  region size 2048K, 6 young (12288K), 6 survivors (12288K)
 Metaspace       used 132382K, committed 135040K, reserved 1179648K
  class space    used 18390K, committed 19712K, reserved 1048576K
}
Event: 342.800 GC heap before
{Heap before GC invocations=103 (full 0):
 garbage-first heap   total 380928K, used 348200K [0x0000000700000000, 0x0000000800000000)
  region size 2048K, 111 young (227328K), 6 survivors (12288K)
 Metaspace       used 132399K, committed 135104K, reserved 1179648K
  class space    used 18391K, committed 19712K, reserved 1048576K
}
Event: 342.822 GC heap after
{Heap after GC invocations=104 (full 0):
 garbage-first heap   total 380928K, used 122200K [0x0000000700000000, 0x0000000800000000)
  region size 2048K, 2 young (4096K), 2 survivors (4096K)
 Metaspace       used 132399K, committed 135104K, reserved 1179648K
  class space    used 18391K, committed 19712K, reserved 1048576K
}
Event: 349.270 GC heap before
{Heap before GC invocations=104 (full 0):
 garbage-first heap   total 380928K, used 245080K [0x0000000700000000, 0x0000000800000000)
  region size 2048K, 64 young (131072K), 2 survivors (4096K)
 Metaspace       used 132607K, committed 135296K, reserved 1179648K
  class space    used 18417K, committed 19712K, reserved 1048576K
}
Event: 349.302 GC heap after
{Heap after GC invocations=105 (full 0):
 garbage-first heap   total 380928K, used 121314K [0x0000000700000000, 0x0000000800000000)
  region size 2048K, 1 young (2048K), 1 survivors (2048K)
 Metaspace       used 132607K, committed 135296K, reserved 1179648K
  class space    used 18417K, committed 19712K, reserved 1048576K
}
Event: 352.879 GC heap before
{Heap before GC invocations=105 (full 0):
 garbage-first heap   total 380928K, used 184802K [0x0000000700000000, 0x0000000800000000)
  region size 2048K, 31 young (63488K), 1 survivors (2048K)
 Metaspace       used 148952K, committed 151680K, reserved 1179648K
  class space    used 20599K, committed 21952K, reserved 1048576K
}
Event: 352.891 GC heap after
{Heap after GC invocations=106 (full 0):
 garbage-first heap   total 380928K, used 131093K [0x0000000700000000, 0x0000000800000000)
  region size 2048K, 3 young (6144K), 3 survivors (6144K)
 Metaspace       used 148952K, committed 151680K, reserved 1179648K
  class space    used 20599K, committed 21952K, reserved 1048576K
}
Event: 363.335 GC heap before
{Heap before GC invocations=107 (full 0):
 garbage-first heap   total 380928K, used 294933K [0x0000000700000000, 0x0000000800000000)
  region size 2048K, 79 young (161792K), 3 survivors (6144K)
 Metaspace       used 167103K, committed 169920K, reserved 1245184K
  class space    used 22683K, committed 24064K, reserved 1048576K
}
Event: 363.380 GC heap after
{Heap after GC invocations=108 (full 0):
 garbage-first heap   total 380928K, used 147782K [0x0000000700000000, 0x0000000800000000)
  region size 2048K, 10 young (20480K), 10 survivors (20480K)
 Metaspace       used 167103K, committed 169920K, reserved 1245184K
  class space    used 22683K, committed 24064K, reserved 1048576K
}

Dll operation events (3 events):
Event: 0.267 Loaded shared library F:\Applications\ANDROID STUDIO\jbr\bin\java.dll
Event: 0.314 Loaded shared library F:\Applications\ANDROID STUDIO\jbr\bin\zip.dll
Event: 5.491 Loaded shared library F:\Applications\ANDROID STUDIO\jbr\bin\verify.dll

Deoptimization events (20 events):
Event: 372.917 Thread 0x0000016fe6d3f790 DEOPT PACKING pc=0x0000016fcf2a51b0 sp=0x000000235fafc0b0
Event: 372.917 Thread 0x0000016fe6d3f790 DEOPT UNPACKING pc=0x0000016fce164422 sp=0x000000235fafc088 mode 2
Event: 372.924 Thread 0x0000016fe6d3f790 Uncommon trap: trap_request=0xffffffc6 fr.pc=0x0000016fcf2a51b0 relative=0x0000000000001090
Event: 372.924 Thread 0x0000016fe6d3f790 Uncommon trap: reason=bimorphic_or_optimized_type_check action=maybe_recompile pc=0x0000016fcf2a51b0 method=ksp.com.intellij.psi.impl.source.tree.CompositeElement.getPsi()Lksp/com/intellij/psi/PsiElement; @ 15 c2
Event: 372.924 Thread 0x0000016fe6d3f790 DEOPT PACKING pc=0x0000016fcf2a51b0 sp=0x000000235fafc0e0
Event: 372.924 Thread 0x0000016fe6d3f790 DEOPT UNPACKING pc=0x0000016fce164422 sp=0x000000235fafc0b8 mode 2
Event: 375.255 Thread 0x0000016fe6d3f790 DEOPT PACKING pc=0x0000016fc760645b sp=0x000000235faf9450
Event: 375.255 Thread 0x0000016fe6d3f790 DEOPT UNPACKING pc=0x0000016fce164bc2 sp=0x000000235faf88f8 mode 0
Event: 376.241 Thread 0x0000016fe6d3f790 Uncommon trap: trap_request=0xffffff45 fr.pc=0x0000016fcf2c8a6c relative=0x000000000000022c
Event: 376.241 Thread 0x0000016fe6d3f790 Uncommon trap: reason=unstable_if action=reinterpret pc=0x0000016fcf2c8a6c method=jdk.jfr.internal.Type.getKnownType(Ljava/lang/Class;)Ljdk/jfr/internal/Type; @ 47 c2
Event: 376.241 Thread 0x0000016fe6d3f790 DEOPT PACKING pc=0x0000016fcf2c8a6c sp=0x000000235fafa390
Event: 376.241 Thread 0x0000016fe6d3f790 DEOPT UNPACKING pc=0x0000016fce164422 sp=0x000000235fafa348 mode 2
Event: 384.381 Thread 0x0000016fe6d3f790 Uncommon trap: trap_request=0xffffff3d fr.pc=0x0000016fce6d7830 relative=0x0000000000000190
Event: 384.381 Thread 0x0000016fe6d3f790 Uncommon trap: reason=unstable_fused_if action=reinterpret pc=0x0000016fce6d7830 method=java.lang.StringLatin1.canEncode(I)Z @ 1 c2
Event: 384.381 Thread 0x0000016fe6d3f790 DEOPT PACKING pc=0x0000016fce6d7830 sp=0x000000235faf8f50
Event: 384.381 Thread 0x0000016fe6d3f790 DEOPT UNPACKING pc=0x0000016fce164422 sp=0x000000235faf8da8 mode 2
Event: 385.101 Thread 0x0000016fe6d3f790 Uncommon trap: trap_request=0xffffff45 fr.pc=0x0000016fcefbd650 relative=0x00000000000000b0
Event: 385.101 Thread 0x0000016fe6d3f790 Uncommon trap: reason=unstable_if action=reinterpret pc=0x0000016fcefbd650 method=java.lang.StringLatin1.lastIndexOf([BI[BII)I @ 32 c2
Event: 385.101 Thread 0x0000016fe6d3f790 DEOPT PACKING pc=0x0000016fcefbd650 sp=0x000000235fafd070
Event: 385.101 Thread 0x0000016fe6d3f790 DEOPT UNPACKING pc=0x0000016fce164422 sp=0x000000235fafcfc8 mode 2

Classes loaded (20 events):
Event: 376.145 Loading class jdk/jfr/SettingDescriptor
Event: 376.145 Loading class jdk/jfr/SettingDescriptor done
Event: 376.145 Loading class jdk/jfr/internal/Control
Event: 376.147 Loading class jdk/jfr/internal/Control done
Event: 376.148 Loading class jdk/jfr/internal/EventControl$NamedControl
Event: 376.148 Loading class jdk/jfr/internal/EventControl$NamedControl done
Event: 376.150 Loading class jdk/jfr/internal/settings/BooleanValue
Event: 376.154 Loading class jdk/jfr/internal/settings/BooleanValue done
Event: 376.157 Loading class jdk/jfr/internal/periodic/JVMEventTask
Event: 376.157 Loading class jdk/jfr/internal/periodic/EventTask
Event: 376.157 Loading class jdk/jfr/internal/periodic/EventTask done
Event: 376.157 Loading class jdk/jfr/internal/periodic/JVMEventTask done
Event: 376.206 Loading class jdk/jfr/internal/MirrorEvent
Event: 376.207 Loading class jdk/jfr/internal/MirrorEvent done
Event: 376.216 Loading class jdk/jfr/internal/event/EventConfiguration
Event: 376.239 Loading class jdk/jfr/internal/event/EventConfiguration done
Event: 376.242 Loading class java/lang/annotation/Repeatable
Event: 376.243 Loading class java/lang/annotation/Repeatable done
Event: 376.267 Loading class jdk/jfr/SettingDefinition
Event: 376.267 Loading class jdk/jfr/SettingDefinition done

Classes unloaded (0 events):
No events

Classes redefined (0 events):
No events

Internal exceptions (20 events):
Event: 368.733 Thread 0x0000016fe6d3f790 Exception <a 'sun/nio/fs/WindowsException'{0x0000000714ff8598}> (0x0000000714ff8598) 
thrown [s\src\hotspot\share\prims\jni.cpp, line 537]
Event: 368.737 Thread 0x0000016fe6d3f790 Exception <a 'sun/nio/fs/WindowsException'{0x0000000714ff9548}> (0x0000000714ff9548) 
thrown [s\src\hotspot\share\prims\jni.cpp, line 537]
Event: 368.806 Thread 0x0000016fe6d3f790 Exception <a 'sun/nio/fs/WindowsException'{0x0000000714ffa4f8}> (0x0000000714ffa4f8) 
thrown [s\src\hotspot\share\prims\jni.cpp, line 537]
Event: 368.810 Thread 0x0000016fe6d3f790 Exception <a 'sun/nio/fs/WindowsException'{0x0000000714ffb4a8}> (0x0000000714ffb4a8) 
thrown [s\src\hotspot\share\prims\jni.cpp, line 537]
Event: 368.811 Thread 0x0000016fe6d3f790 Exception <a 'sun/nio/fs/WindowsException'{0x0000000714ffc458}> (0x0000000714ffc458) 
thrown [s\src\hotspot\share\prims\jni.cpp, line 537]
Event: 368.812 Thread 0x0000016fe6d3f790 Exception <a 'sun/nio/fs/WindowsException'{0x0000000714ffd420}> (0x0000000714ffd420) 
thrown [s\src\hotspot\share\prims\jni.cpp, line 537]
Event: 368.821 Thread 0x0000016fe6d3f790 Exception <a 'sun/nio/fs/WindowsException'{0x0000000714ffe3d0}> (0x0000000714ffe3d0) 
thrown [s\src\hotspot\share\prims\jni.cpp, line 537]
Event: 368.823 Thread 0x0000016fe6d3f790 Exception <a 'sun/nio/fs/WindowsException'{0x0000000714fff380}> (0x0000000714fff380) 
thrown [s\src\hotspot\share\prims\jni.cpp, line 537]
Event: 368.827 Thread 0x0000016fe6d3f790 Exception <a 'sun/nio/fs/WindowsException'{0x0000000714c039a8}> (0x0000000714c039a8) 
thrown [s\src\hotspot\share\prims\jni.cpp, line 537]
Event: 368.829 Thread 0x0000016fe6d3f790 Exception <a 'sun/nio/fs/WindowsException'{0x0000000714c04958}> (0x0000000714c04958) 
thrown [s\src\hotspot\share\prims\jni.cpp, line 537]
Event: 368.830 Thread 0x0000016fe6d3f790 Exception <a 'sun/nio/fs/WindowsException'{0x0000000714c058d8}> (0x0000000714c058d8) 
thrown [s\src\hotspot\share\prims\jni.cpp, line 537]
Event: 368.831 Thread 0x0000016fe6d3f790 Exception <a 'sun/nio/fs/WindowsException'{0x0000000714c06880}> (0x0000000714c06880) 
thrown [s\src\hotspot\share\prims\jni.cpp, line 537]
Event: 368.837 Thread 0x0000016fe6d3f790 Exception <a 'sun/nio/fs/WindowsException'{0x0000000714c07830}> (0x0000000714c07830) 
thrown [s\src\hotspot\share\prims\jni.cpp, line 537]
Event: 368.841 Thread 0x0000016fe6d3f790 Exception <a 'sun/nio/fs/WindowsException'{0x0000000714c087b8}> (0x0000000714c087b8) 
thrown [s\src\hotspot\share\prims\jni.cpp, line 537]
Event: 368.842 Thread 0x0000016fe6d3f790 Exception <a 'sun/nio/fs/WindowsException'{0x0000000714c097a8}> (0x0000000714c097a8) 
thrown [s\src\hotspot\share\prims\jni.cpp, line 537]
Event: 373.037 Thread 0x0000016fe2d45e10 Exception <a 'sun/nio/fs/WindowsException'{0x000000071373bbe8}> (0x000000071373bbe8) 
thrown [s\src\hotspot\share\prims\jni.cpp, line 537]
Event: 376.401 Thread 0x0000016fee2b21e0 Exception <a 'java/lang/NoSuchMethodError'{0x00000007ff325f00}: 'java.lang.Object java.lang.invoke.DirectMethodHandle$Holder.invokeSpecial(java.lang.Object, java.lang.Object, java.lang.Object, java.lang.Object, java.lang.Object, java.lang.Object, java.lang.Object, java.lang.Object, java.lang.Object, long, java.lang.Object)'> (0x00000007ff325f00) 
thrown [s\src\hotspot\share\interpreter\linkResolver.cpp, line 784]
Event: 376.402 Thread 0x0000016fee2b21e0 Exception <a 'java/lang/NoSuchMethodError'{0x00000007ff329a50}: 'java.lang.Object java.lang.invoke.Invokers$Holder.linkToTargetMethod(java.lang.Object, java.lang.Object, java.lang.Object, java.lang.Object, java.lang.Object, java.lang.Object, java.lang.Object, long, java.lang.Object, java.lang.Object)'> (0x00000007ff329a50) 
thrown [s\src\hotspot\share\interpreter\linkResolver.cpp, line 784]
Event: 384.355 Thread 0x0000016fe2d45e10 Exception <a 'sun/nio/fs/WindowsException'{0x0000000711b29728}> (0x0000000711b29728) 
thrown [s\src\hotspot\share\prims\jni.cpp, line 537]
Event: 384.438 Thread 0x0000016fe6d3f790 Exception <a 'java/lang/NoSuchMethodError'{0x0000000711dc7430}: 'void java.lang.invoke.DirectMethodHandle$Holder.invokeSpecial(java.lang.Object, java.lang.Object, int, java.lang.Object)'> (0x0000000711dc7430) 
thrown [s\src\hotspot\share\interpreter\linkResolver.cpp, line 784]

ZGC Phase Switch (0 events):
No events

VM Operations (20 events):
Event: 373.353 Executing non-safepoint VM operation: HandshakeAllThreads (Deoptimize)
Event: 373.353 Executing non-safepoint VM operation: HandshakeAllThreads (Deoptimize) done
Event: 374.372 Executing safepoint VM operation: Cleanup
Event: 374.372 Executing safepoint VM operation: Cleanup done
Event: 375.375 Executing safepoint VM operation: Cleanup
Event: 375.375 Executing safepoint VM operation: Cleanup done
Event: 376.381 Executing safepoint VM operation: Cleanup
Event: 376.390 Executing safepoint VM operation: Cleanup done
Event: 377.393 Executing safepoint VM operation: Cleanup
Event: 377.441 Executing safepoint VM operation: Cleanup done
Event: 378.219 Executing non-safepoint VM operation: HandshakeAllThreads (Deoptimize)
Event: 378.219 Executing non-safepoint VM operation: HandshakeAllThreads (Deoptimize) done
Event: 379.237 Executing safepoint VM operation: Cleanup
Event: 383.199 Executing safepoint VM operation: Cleanup done
Event: 384.216 Executing safepoint VM operation: Cleanup
Event: 384.334 Executing safepoint VM operation: Cleanup done
Event: 384.494 Executing non-safepoint VM operation: HandshakeAllThreads (Deoptimize)
Event: 384.494 Executing non-safepoint VM operation: HandshakeAllThreads (Deoptimize) done
Event: 385.498 Executing safepoint VM operation: Cleanup
Event: 385.499 Executing safepoint VM operation: Cleanup done

Memory protections (0 events):
No events

Nmethod flushes (20 events):
Event: 353.903 Thread 0x0000016fdd1113e0 flushing  nmethod 0x0000016fc6bf9410
Event: 353.903 Thread 0x0000016fdd1113e0 flushing  nmethod 0x0000016fc6c61390
Event: 353.903 Thread 0x0000016fdd1113e0 flushing  nmethod 0x0000016fc6cdda10
Event: 353.903 Thread 0x0000016fdd1113e0 flushing  nmethod 0x0000016fc6eb0a10
Event: 353.903 Thread 0x0000016fdd1113e0 flushing  nmethod 0x0000016fc6fb0b10
Event: 353.903 Thread 0x0000016fdd1113e0 flushing  nmethod 0x0000016fc6fb4090
Event: 353.903 Thread 0x0000016fdd1113e0 flushing  nmethod 0x0000016fc6fbb390
Event: 353.903 Thread 0x0000016fdd1113e0 flushing  nmethod 0x0000016fc7004e90
Event: 353.903 Thread 0x0000016fdd1113e0 flushing  nmethod 0x0000016fc70c5090
Event: 353.903 Thread 0x0000016fdd1113e0 flushing  nmethod 0x0000016fc75bd010
Event: 353.903 Thread 0x0000016fdd1113e0 flushing  nmethod 0x0000016fc7810b10
Event: 353.903 Thread 0x0000016fdd1113e0 flushing  nmethod 0x0000016fc7935310
Event: 353.903 Thread 0x0000016fdd1113e0 flushing  nmethod 0x0000016fc7f07890
Event: 353.903 Thread 0x0000016fdd1113e0 flushing  nmethod 0x0000016fc8566710
Event: 353.903 Thread 0x0000016fdd1113e0 flushing  nmethod 0x0000016fc85bad10
Event: 353.903 Thread 0x0000016fdd1113e0 flushing  nmethod 0x0000016fc85bef90
Event: 353.903 Thread 0x0000016fdd1113e0 flushing  nmethod 0x0000016fc862c090
Event: 353.903 Thread 0x0000016fdd1113e0 flushing  nmethod 0x0000016fc862d990
Event: 353.903 Thread 0x0000016fdd1113e0 flushing  nmethod 0x0000016fc86a0790
Event: 353.903 Thread 0x0000016fdd1113e0 flushing  nmethod 0x0000016fc885ee90

Events (20 events):
Event: 253.514 Thread 0x0000016fec0723e0 Thread added: 0x0000016fec077fc0
Event: 253.514 Thread 0x0000016fec0723e0 Thread added: 0x0000016fec074b40
Event: 253.613 Thread 0x0000016fec0723e0 Thread added: 0x0000016fec073790
Event: 268.745 Thread 0x0000016fec077fc0 Thread added: 0x0000016fec076c10
Event: 270.481 Thread 0x0000016fec074b40 Thread added: 0x0000016fe6d3f790
Event: 349.049 Thread 0x0000016fec0723e0 Thread added: 0x0000016fe6d3e3e0
Event: 351.494 Loaded shared library F:\Applications\ANDROID STUDIO\jbr\bin\awt.dll
Event: 351.643 Thread 0x0000016fe6d3f790 Thread added: 0x0000016fec078650
Event: 351.645 Thread 0x0000016fe6d3f790 Thread added: 0x0000016fec071d50
Event: 351.647 Thread 0x0000016fe6d3f790 Thread added: 0x0000016fec0744b0
Event: 351.754 Thread 0x0000016fe6d3f790 Thread added: 0x0000016fec075ef0
Event: 352.512 Thread 0x0000016fe6d3f790 Thread added: 0x0000016fe68ce120
Event: 352.513 Thread 0x0000016fe6d3f790 Thread added: 0x0000016fe68cc6e0
Event: 352.562 Thread 0x0000016fe68cc6e0 Thread added: 0x0000016fe68d2fe0
Event: 352.827 Thread 0x0000016fec071d50 Thread exited: 0x0000016fec071d50
Event: 352.828 Thread 0x0000016fec075ef0 Thread exited: 0x0000016fec075ef0
Event: 358.847 Thread 0x0000016fe6d3f790 Thread added: 0x0000016fececa010
Event: 358.901 Thread 0x0000016fe6d3f790 Thread added: 0x0000016feced0910
Event: 362.818 Thread 0x0000016fe6d3f790 Thread added: 0x0000016fee2b0110
Event: 365.374 Thread 0x0000016fee2b0110 Thread added: 0x0000016fee2b21e0


Dynamic libraries:
0x00007ff7bb4b0000 - 0x00007ff7bb4ba000 	F:\Applications\ANDROID STUDIO\jbr\bin\java.exe
0x00007ff9c73b0000 - 0x00007ff9c75a8000 	C:\WINDOWS\SYSTEM32\ntdll.dll
0x00007ff9c5f00000 - 0x00007ff9c5fc2000 	C:\WINDOWS\System32\KERNEL32.DLL
0x00007ff9c4ef0000 - 0x00007ff9c51e6000 	C:\WINDOWS\System32\KERNELBASE.dll
0x00007ff9c4c30000 - 0x00007ff9c4d30000 	C:\WINDOWS\System32\ucrtbase.dll
0x00007ff9bf280000 - 0x00007ff9bf29b000 	F:\Applications\ANDROID STUDIO\jbr\bin\VCRUNTIME140.dll
0x00007ff9beb10000 - 0x00007ff9beb28000 	F:\Applications\ANDROID STUDIO\jbr\bin\jli.dll
0x00007ff9c6180000 - 0x00007ff9c6321000 	C:\WINDOWS\System32\USER32.dll
0x00007ff9c52f0000 - 0x00007ff9c5312000 	C:\WINDOWS\System32\win32u.dll
0x00007ff9c53e0000 - 0x00007ff9c540b000 	C:\WINDOWS\System32\GDI32.dll
0x00007ff9c4dd0000 - 0x00007ff9c4ee9000 	C:\WINDOWS\System32\gdi32full.dll
0x00007ff9c4d30000 - 0x00007ff9c4dcd000 	C:\WINDOWS\System32\msvcp_win.dll
0x00007ff9b6590000 - 0x00007ff9b682b000 	C:\WINDOWS\WinSxS\amd64_microsoft.windows.common-controls_6595b64144ccf1df_6.0.19041.6456_none_60b8a6cb71f64256\COMCTL32.dll
0x00007ff9c6b00000 - 0x00007ff9c6b9e000 	C:\WINDOWS\System32\msvcrt.dll
0x00007ff9c59b0000 - 0x00007ff9c59df000 	C:\WINDOWS\System32\IMM32.DLL
0x00007ff9af9b0000 - 0x00007ff9afaa2000 	C:\Program Files\Windhawk\Engine\1.7.3\64\windhawk.dll
0x00007ff9c72b0000 - 0x00007ff9c7361000 	C:\WINDOWS\System32\ADVAPI32.dll
0x00007ff9c5fd0000 - 0x00007ff9c606f000 	C:\WINDOWS\System32\sechost.dll
0x00007ff9c5620000 - 0x00007ff9c5740000 	C:\WINDOWS\System32\RPCRT4.dll
0x00007ff9c5320000 - 0x00007ff9c5347000 	C:\WINDOWS\System32\bcrypt.dll
0x00007ff9af640000 - 0x00007ff9af66b000 	C:\ProgramData\Windhawk\Engine\Mods\64\explorer-details-better-file-sizes_1.5.1_564725.dll
0x00007ff9c5410000 - 0x00007ff9c553b000 	C:\WINDOWS\System32\ole32.dll
0x00007ff9c6c80000 - 0x00007ff9c6fd4000 	C:\WINDOWS\System32\combase.dll
0x00007ff9c5860000 - 0x00007ff9c592d000 	C:\WINDOWS\System32\OLEAUT32.dll
0x00007ff9c6390000 - 0x00007ff9c6b00000 	C:\WINDOWS\System32\SHELL32.dll
0x00007ff9c1970000 - 0x00007ff9c1a64000 	C:\WINDOWS\SYSTEM32\PROPSYS.dll
0x00007ff9af3e0000 - 0x00007ff9af589000 	C:\ProgramData\Windhawk\Engine\Mods\64\libc++.whl
0x00007ff9af3a0000 - 0x00007ff9af3da000 	C:\ProgramData\Windhawk\Engine\Mods\64\libunwind.whl
0x00007ff9c1900000 - 0x00007ff9c190c000 	F:\Applications\ANDROID STUDIO\jbr\bin\vcruntime140_1.dll
0x00007ff9acf90000 - 0x00007ff9ad01d000 	F:\Applications\ANDROID STUDIO\jbr\bin\msvcp140.dll
0x00007ff97f720000 - 0x00007ff9803b6000 	F:\Applications\ANDROID STUDIO\jbr\bin\server\jvm.dll
0x00007ff9c6fe0000 - 0x00007ff9c704b000 	C:\WINDOWS\System32\WS2_32.dll
0x00007ff9c45b0000 - 0x00007ff9c45fb000 	C:\WINDOWS\SYSTEM32\POWRPROF.dll
0x00007ff9bb800000 - 0x00007ff9bb827000 	C:\WINDOWS\SYSTEM32\WINMM.dll
0x00007ff9bcce0000 - 0x00007ff9bccea000 	C:\WINDOWS\SYSTEM32\VERSION.dll
0x00007ff9c44a0000 - 0x00007ff9c44b2000 	C:\WINDOWS\SYSTEM32\UMPDC.dll
0x00007ff9c28b0000 - 0x00007ff9c28c2000 	C:\WINDOWS\SYSTEM32\kernel.appcore.dll
0x00007ff9bfd00000 - 0x00007ff9bfd0a000 	F:\Applications\ANDROID STUDIO\jbr\bin\jimage.dll
0x00007ff9ad9b0000 - 0x00007ff9adbb1000 	C:\WINDOWS\SYSTEM32\DBGHELP.DLL
0x00007ff9ad970000 - 0x00007ff9ad9a4000 	C:\WINDOWS\SYSTEM32\dbgcore.DLL
0x00007ff9c4a40000 - 0x00007ff9c4ac2000 	C:\WINDOWS\System32\bcryptPrimitives.dll
0x00007ff9be430000 - 0x00007ff9be43e000 	F:\Applications\ANDROID STUDIO\jbr\bin\instrument.dll
0x00007ff9bec90000 - 0x00007ff9becb0000 	F:\Applications\ANDROID STUDIO\jbr\bin\java.dll
0x00007ff9bebd0000 - 0x00007ff9bebe8000 	F:\Applications\ANDROID STUDIO\jbr\bin\zip.dll
0x00007ff9c2ab0000 - 0x00007ff9c3255000 	C:\WINDOWS\SYSTEM32\windows.storage.dll
0x00007ff9c4400000 - 0x00007ff9c442b000 	C:\WINDOWS\System32\Wldp.dll
0x00007ff9c60d0000 - 0x00007ff9c617d000 	C:\WINDOWS\System32\SHCORE.dll
0x00007ff9c6330000 - 0x00007ff9c638b000 	C:\WINDOWS\System32\shlwapi.dll
0x00007ff9c4970000 - 0x00007ff9c4994000 	C:\WINDOWS\SYSTEM32\profapi.dll
0x00007ff9bfc50000 - 0x00007ff9bfc60000 	F:\Applications\ANDROID STUDIO\jbr\bin\net.dll
0x00007ff9bc680000 - 0x00007ff9bc78a000 	C:\WINDOWS\SYSTEM32\WINHTTP.dll
0x00007ff9c40f0000 - 0x00007ff9c415a000 	C:\WINDOWS\system32\mswsock.dll
0x00007ff9be680000 - 0x00007ff9be696000 	F:\Applications\ANDROID STUDIO\jbr\bin\nio.dll
0x00007ff9be0f0000 - 0x00007ff9be100000 	F:\Applications\ANDROID STUDIO\jbr\bin\verify.dll
0x00007ff9beb30000 - 0x00007ff9beb57000 	C:\Users\AKUMA\.gradle\native\660c5614fbf4a5f2a75b1949f50a0caf5cd603558e7d8a26e50b933a0cfb79d1\windows-amd64\native-platform.dll
0x00007ff9ac040000 - 0x00007ff9ac0b7000 	C:\Users\AKUMA\.gradle\native\0.2.8\x86_64-windows-gnu\gradle-fileevents.dll
0x00007ff9bebc0000 - 0x00007ff9bebc9000 	F:\Applications\ANDROID STUDIO\jbr\bin\management.dll
0x00007ff9be670000 - 0x00007ff9be67b000 	F:\Applications\ANDROID STUDIO\jbr\bin\management_ext.dll
0x00007ff9c5540000 - 0x00007ff9c5548000 	C:\WINDOWS\System32\PSAPI.DLL
0x00007ff9c3dd0000 - 0x00007ff9c3e0b000 	C:\WINDOWS\SYSTEM32\IPHLPAPI.DLL
0x00007ff9c55b0000 - 0x00007ff9c55b8000 	C:\WINDOWS\System32\NSI.dll
0x00007ff9bec80000 - 0x00007ff9bec89000 	F:\Applications\ANDROID STUDIO\jbr\bin\extnet.dll
0x00007ff9c4360000 - 0x00007ff9c4378000 	C:\WINDOWS\SYSTEM32\CRYPTSP.dll
0x00007ff9c3a10000 - 0x00007ff9c3a48000 	C:\WINDOWS\system32\rsaenh.dll
0x00007ff9c48f0000 - 0x00007ff9c491e000 	C:\WINDOWS\SYSTEM32\USERENV.dll
0x00007ff9c4350000 - 0x00007ff9c435c000 	C:\WINDOWS\SYSTEM32\CRYPTBASE.dll
0x00007ff9bf4d0000 - 0x00007ff9bf4d7000 	C:\WINDOWS\system32\wshunix.dll
0x00007ff9c3e10000 - 0x00007ff9c3eda000 	C:\WINDOWS\SYSTEM32\DNSAPI.dll
0x00007ff9b5270000 - 0x00007ff9b527a000 	C:\Windows\System32\rasadhlp.dll
0x00007ff9b5340000 - 0x00007ff9b53c0000 	C:\WINDOWS\System32\fwpuclnt.dll
0x00007ff9ae980000 - 0x00007ff9aeb19000 	F:\Applications\ANDROID STUDIO\jbr\bin\awt.dll
0x00007ff9be110000 - 0x00007ff9be154000 	F:\Applications\ANDROID STUDIO\jbr\bin\nvdaControllerClient64.dll
0x00007ff9bb6d0000 - 0x00007ff9bb736000 	C:\WINDOWS\SYSTEM32\OLEACC.dll
0x00007ff9c25b0000 - 0x00007ff9c25de000 	C:\WINDOWS\SYSTEM32\dwmapi.dll
0x00007ff9c1ba0000 - 0x00007ff9c1c34000 	C:\WINDOWS\SYSTEM32\apphelp.dll
0x00007ff9c23c0000 - 0x00007ff9c245e000 	C:\WINDOWS\system32\uxtheme.dll
0x00007ff9c5740000 - 0x00007ff9c5855000 	C:\WINDOWS\System32\MSCTF.dll

JVMTI agents:
C:\Users\AKUMA\.gradle\wrapper\dists\gradle-9.3.1-all\9ot9r568e8zfvvd4mn8rbu1j0\gradle-9.3.1\lib\agents\gradle-instrumentation-agent-9.3.1.jar path:F:\Applications\ANDROID STUDIO\jbr\bin\instrument.dll, loaded, initialized, instrumentlib options:none

dbghelp: loaded successfully - version: 4.0.5 - missing functions: none
symbol engine: initialized successfully - sym options: 0x614 - pdb path: .;F:\Applications\ANDROID STUDIO\jbr\bin;C:\WINDOWS\SYSTEM32;C:\WINDOWS\WinSxS\amd64_microsoft.windows.common-controls_6595b64144ccf1df_6.0.19041.6456_none_60b8a6cb71f64256;C:\Program Files\Windhawk\Engine\1.7.3\64;C:\ProgramData\Windhawk\Engine\Mods\64;F:\Applications\ANDROID STUDIO\jbr\bin\server;C:\Users\AKUMA\.gradle\native\660c5614fbf4a5f2a75b1949f50a0caf5cd603558e7d8a26e50b933a0cfb79d1\windows-amd64;C:\Users\AKUMA\.gradle\native\0.2.8\x86_64-windows-gnu

VM Arguments:
jvm_args: --add-opens=java.base/java.lang=ALL-UNNAMED --add-opens=java.base/java.lang.invoke=ALL-UNNAMED --add-opens=java.base/java.util=ALL-UNNAMED --add-opens=java.prefs/java.util.prefs=ALL-UNNAMED --add-exports=jdk.compiler/com.sun.tools.javac.api=ALL-UNNAMED --add-exports=jdk.compiler/com.sun.tools.javac.util=ALL-UNNAMED --add-opens=java.base/java.util=ALL-UNNAMED --add-opens=java.prefs/java.util.prefs=ALL-UNNAMED --add-opens=java.base/java.nio.charset=ALL-UNNAMED --add-opens=java.base/java.net=ALL-UNNAMED --add-opens=java.base/java.util.concurrent=ALL-UNNAMED --add-opens=java.base/java.util.concurrent.atomic=ALL-UNNAMED --add-opens=java.xml/javax.xml.namespace=ALL-UNNAMED --add-opens=java.base/java.time=ALL-UNNAMED -Xmx4g -Dfile.encoding=UTF-8 -Duser.country=US -Duser.language=en -Duser.variant -javaagent:C:\Users\AKUMA\.gradle\wrapper\dists\gradle-9.3.1-all\9ot9r568e8zfvvd4mn8rbu1j0\gradle-9.3.1\lib\agents\gradle-instrumentation-agent-9.3.1.jar 
java_command: org.gradle.launcher.daemon.bootstrap.GradleDaemon 9.3.1
java_class_path (initial): C:\Users\AKUMA\.gradle\wrapper\dists\gradle-9.3.1-all\9ot9r568e8zfvvd4mn8rbu1j0\gradle-9.3.1\lib\gradle-daemon-main-9.3.1.jar
Launcher Type: SUN_STANDARD

[Global flags]
     intx CICompilerCount                          = 3                                         {product} {ergonomic}
     uint ConcGCThreads                            = 1                                         {product} {ergonomic}
     uint G1ConcRefinementThreads                  = 4                                         {product} {ergonomic}
   size_t G1HeapRegionSize                         = 2097152                                   {product} {ergonomic}
    uintx GCDrainStackTargetSize                   = 64                                        {product} {ergonomic}
   size_t InitialHeapSize                          = 67108864                                  {product} {ergonomic}
   size_t MarkStackSize                            = 4194304                                   {product} {ergonomic}
   size_t MaxHeapSize                              = 4294967296                                {product} {command line}
   size_t MaxNewSize                               = 2575302656                                {product} {ergonomic}
   size_t MinHeapDeltaBytes                        = 2097152                                   {product} {ergonomic}
   size_t MinHeapSize                              = 8388608                                   {product} {ergonomic}
    uintx NonNMethodCodeHeapSize                   = 5832780                                {pd product} {ergonomic}
    uintx NonProfiledCodeHeapSize                  = 122912730                              {pd product} {ergonomic}
    uintx ProfiledCodeHeapSize                     = 122912730                              {pd product} {ergonomic}
    uintx ReservedCodeCacheSize                    = 251658240                              {pd product} {ergonomic}
     bool SegmentedCodeCache                       = true                                      {product} {ergonomic}
   size_t SoftMaxHeapSize                          = 4294967296                             {manageable} {ergonomic}
     bool UseCompressedOops                        = true                           {product lp64_product} {ergonomic}
     bool UseG1GC                                  = true                                      {product} {ergonomic}
     bool UseLargePagesIndividualAllocation        = false                                  {pd product} {ergonomic}

Logging:
Log output configuration:
 #0: stdout all=warning uptime,level,tags foldmultilines=false
 #1: stderr all=off uptime,level,tags foldmultilines=false

Release file:
JAVA_VERSION="21.0.10" 
MODULES="java.base java.compiler java.datatransfer java.xml java.prefs java.desktop java.instrument java.logging java.management java.security.sasl java.naming java.rmi java.management.rmi java.net.http java.scripting java.security.jgss java.transaction.xa java.sql java.sql.rowset java.xml.crypto java.se java.smartcardio jdk.accessibility jdk.internal.jvmstat jdk.attach jdk.charsets jdk.internal.opt jdk.zipfs jdk.compiler jdk.crypto.ec jdk.crypto.cryptoki jdk.dynalink jdk.hotspot.agent jdk.httpserver jdk.internal.ed jdk.internal.le jdk.internal.vm.ci jdk.jartool jdk.javadoc jdk.jcmd jdk.jdeps jdk.jdwp.agent jdk.jdi jdk.jfr jdk.jlink jdk.jsobject jdk.localedata jdk.management jdk.management.agent jdk.management.jfr jdk.naming.dns jdk.naming.rmi jdk.net jdk.sctp jdk.security.auth jdk.security.jgss jdk.unsupported jdk.unsupported.desktop jdk.xml.dom" 
IMPLEMENTOR="JetBrains s.r.o." 
JAVA_RUNTIME_VERSION="21.0.10+-14961533-b1163.108" 
LIBC="default" 
OS_ARCH="x86_64" 
OS_NAME="Windows" 
SOURCE=".:git:1351622c2ff2" 

Environment Variables:
PATH=C:\Program Files (x86)\Common Files\Intel\Shared Libraries\redist\intel64\compiler;C:\WINDOWS\system32;C:\WINDOWS;C:\WINDOWS\System32\Wbem;C:\WINDOWS\System32\WindowsPowerShell\v1.0\;C:\WINDOWS\System32\OpenSSH\;C:\Program Files\dotnet\;C:\Program Files (x86)\NVIDIA Corporation\PhysX\Common;C:\Program Files\Git\cmd;C:\Program Files\nodejs\;C:\Users\AKUMA\.cargo\bin;C:\Users\AKUMA\AppData\Local\Programs\Python\Python311\Scripts\;C:\Users\AKUMA\AppData\Local\Programs\Python\Python311\;C:\Users\AKUMA\AppData\Local\Microsoft\WindowsApps;D:\New folder\Microsoft VS Code\bin;C:\Users\AKUMA\AppData\Roaming\npm;C:\Users\AKUMA\AppData\Local\GitHubDesktop\bin
USERNAME=AKUMA
OS=Windows_NT
PROCESSOR_IDENTIFIER=Intel64 Family 6 Model 58 Stepping 9, GenuineIntel
TMP=C:\Users\AKUMA\AppData\Local\Temp
TEMP=C:\Users\AKUMA\AppData\Local\Temp




Periodic native trim disabled

JNI global refs:
JNI global refs: 55, weak refs: 8

JNI global refs memory usage: 835, weak refs: 833

Process memory usage:
Resident Set Size: 259408K (6% of 4094264K total physical memory with 290704K free physical memory)

OOME stack traces (most recent first):
Classloader memory used:
Loader java.net.URLClassLoader                                                         : 49583K
Loader org.gradle.internal.classloader.VisitableURLClassLoader                         : 47540K
Loader bootstrap                                                                       : 37614K
Loader org.gradle.internal.classloader.VisitableURLClassLoader$InstrumentingVisitableURLClassLoader: 31311K
Loader org.gradle.initialization.MixInLegacyTypesClassLoader                           : 16325K
Loader jdk.internal.reflect.DelegatingClassLoader                                      : 949K
Loader jdk.internal.loader.ClassLoaders$PlatformClassLoader                            : 533K
Loader org.gradle.internal.classloader.VisitableURLClassLoader                         : 367K
Loader jdk.internal.jrtfs.JrtFileSystemProvider$JrtFsLoader                            : 318K
Loader jdk.internal.loader.ClassLoaders$AppClassLoader                                 : 233K
Loader org.gradle.groovy.scripts.internal.DefaultScriptCompilationHandler$ScriptClassLoader: 159K

Classes loaded by more than one classloader:
Class Program                                                                         : loaded 5 times (x 72B)
Class Build_gradle                                                                    : loaded 3 times (x 126B)
Class kotlin.coroutines.jvm.internal.CompletedContinuation                            : loaded 2 times (x 75B)
Class kotlin.io.TextStreamsKt                                                         : loaded 2 times (x 71B)
Class kotlin.text.StringsKt__StringsKt                                                : loaded 2 times (x 71B)
Class kotlin.NotImplementedError                                                      : loaded 2 times (x 82B)
Class com.google.common.base.PairwiseEquivalence                                      : loaded 2 times (x 83B)
Class com.google.common.base.Equivalence$Identity                                     : loaded 2 times (x 82B)
Class com.google.common.collect.RegularImmutableMap$KeySet                            : loaded 2 times (x 152B)
Class org.gradle.internal.classloader.FilteringClassLoader                            : loaded 2 times (x 105B)
Class jdk.internal.jimage.BasicImageReader                                            : loaded 2 times (x 95B)
Class kotlin.io.FilesKt__FileTreeWalkKt                                               : loaded 2 times (x 71B)
Class kotlin.jvm.internal.CollectionToArray                                           : loaded 2 times (x 71B)
Class kotlin.sequences.FilteringSequence$iterator$1                                   : loaded 2 times (x 79B)
Class kotlin.sequences.SequencesKt__SequenceBuilderKt                                 : loaded 2 times (x 71B)
Class kotlin.collections.CollectionsKt__ReversedViewsKt                               : loaded 2 times (x 71B)
Class [Lcom.google.common.collect.MapMakerInternalMap$Segment;                        : loaded 2 times (x 69B)
Class com.google.common.io.FileWriteMode                                              : loaded 2 times (x 79B)
Class [Lcom.google.common.base.AbstractIterator$State;                                : loaded 2 times (x 69B)
Class com.google.common.base.CharMatcher$IsEither                                     : loaded 2 times (x 111B)
Class org.gradle.internal.classloader.ClassLoaderHierarchy                            : loaded 2 times (x 70B)
Class kotlin.jvm.internal.MutablePropertyReference1                                   : loaded 2 times (x 137B)
Class kotlin.jvm.internal.PropertyReference1Impl                                      : loaded 2 times (x 127B)
Class kotlin.SafePublicationLazyImpl$Companion                                        : loaded 2 times (x 71B)
Class com.google.common.collect.AbstractMapBasedMultimap$WrappedCollection            : loaded 2 times (x 124B)
Class com.google.common.collect.ImmutableEnumSet                                      : loaded 2 times (x 146B)
Class com.google.common.util.concurrent.ExecutionError                                : loaded 2 times (x 82B)
Class com.google.common.collect.ImmutableList$1                                       : loaded 2 times (x 97B)
Class org.gradle.api.internal.classpath.ManifestUtil                                  : loaded 2 times (x 71B)
Class kotlin.collections.builders.MapBuilder                                          : loaded 2 times (x 112B)
Class kotlin.ranges.IntProgression$Companion                                          : loaded 2 times (x 71B)
Class com.google.gson.stream.MalformedJsonException                                   : loaded 2 times (x 82B)
Class com.google.common.collect.RegularImmutableMap                                   : loaded 2 times (x 121B)
Class com.google.common.collect.ImmutableMap$MapViewOfValuesAsSingletonSets           : loaded 2 times (x 126B)
Class jdk.internal.jimage.decompressor.StringSharingDecompressorFactory               : loaded 2 times (x 74B)
Class kotlin.sequences.TransformingSequence                                           : loaded 2 times (x 75B)
Class com.google.common.collect.TransformedListIterator                               : loaded 2 times (x 93B)
Class [Lorg.objectweb.asm.Symbol;                                                     : loaded 2 times (x 69B)
Class org.objectweb.asm.ClassVisitor                                                  : loaded 2 times (x 88B)
Class com.google.common.collect.UnmodifiableListIterator                              : loaded 2 times (x 95B)
Class [Lkotlin.reflect.KClass;                                                        : loaded 2 times (x 69B)
Class com.google.common.collect.MapMakerInternalMap$StrongKeyDummyValueEntry$LinkedStrongKeyDummyValueEntry: loaded 2 times (x 82B)
Class com.google.common.collect.MapMakerInternalMap$Strength                          : loaded 2 times (x 80B)
Class com.google.common.base.Platform$JdkPatternCompiler                              : loaded 2 times (x 75B)
Class org.objectweb.asm.MethodTooLargeException                                       : loaded 2 times (x 83B)
Class [Lcom.google.common.cache.CacheBuilder$OneWeigher;                              : loaded 2 times (x 69B)
Class com.google.common.base.Suppliers                                                : loaded 2 times (x 71B)
Class org.gradle.internal.classloader.DefaultClassLoaderFactory                       : loaded 2 times (x 82B)
Class kotlin.KotlinVersion$Companion                                                  : loaded 2 times (x 71B)
Class kotlin.sequences.SequencesKt___SequencesKt                                      : loaded 2 times (x 71B)
Class kotlin.collections.AbstractList$Companion                                       : loaded 2 times (x 71B)
Class [Lcom.google.common.collect.AbstractIterator$State;                             : loaded 2 times (x 69B)
Class com.google.common.base.CharMatcher$None                                         : loaded 2 times (x 112B)
Class org.gradle.internal.classloader.ClassLoaderVisitor                              : loaded 2 times (x 76B)
Class kotlin.sequences.SequencesKt___SequencesKt$flatMap$2                            : loaded 2 times (x 125B)
Class kotlin.io.FileTreeWalk$FileTreeWalkIterator                                     : loaded 2 times (x 83B)
Class [Lcom.google.common.collect.ImmutableMapEntry;                                  : loaded 2 times (x 69B)
Class org.gradle.api.internal.classpath.EffectiveClassPath                            : loaded 2 times (x 90B)
Class kotlin.coroutines.ContinuationInterceptor                                       : loaded 2 times (x 70B)
Class kotlin.text.StringsKt__AppendableKt                                             : loaded 2 times (x 71B)
Class com.google.common.collect.ListMultimap                                          : loaded 2 times (x 70B)
Class com.google.common.collect.ImmutableEnumMap                                      : loaded 2 times (x 126B)
Class kotlin.jvm.internal.ArrayIteratorKt                                             : loaded 2 times (x 71B)
Class kotlin.reflect.KProperty$Accessor                                               : loaded 2 times (x 70B)
Class [Lkotlin.reflect.KCallable;                                                     : loaded 2 times (x 69B)
Class kotlin.jvm.internal.AdaptedFunctionReference                                    : loaded 2 times (x 77B)
Class com.google.common.collect.Iterators$EmptyModifiableIterator                     : loaded 2 times (x 86B)
Class com.google.common.base.Splitter                                                 : loaded 2 times (x 72B)
Class com.google.common.collect.Sets$1                                                : loaded 2 times (x 139B)
Class org.objectweb.asm.AnnotationVisitor                                             : loaded 2 times (x 78B)
Class org.gradle.api.internal.DefaultClassPathProvider                                : loaded 2 times (x 76B)
Class kotlin.sequences.SequenceScope                                                  : loaded 2 times (x 73B)
Class kotlin.text.StringsKt__StringNumberConversionsJVMKt                             : loaded 2 times (x 71B)
Class kotlin.sequences.Sequence                                                       : loaded 2 times (x 70B)
Class com.google.common.collect.MapMakerInternalMap$Strength$1                        : loaded 2 times (x 80B)
Class com.google.common.collect.Maps$ViewCachingAbstractMap                           : loaded 2 times (x 125B)
Class com.google.common.collect.Sets$2                                                : loaded 2 times (x 139B)
Class [Lorg.gradle.api.internal.ClassPathProvider;                                    : loaded 2 times (x 69B)
Class org.gradle.api.internal.ClassPathProvider                                       : loaded 2 times (x 70B)
Class kotlin.jvm.functions.Function20                                                 : loaded 2 times (x 70B)
Class kotlin.collections.CollectionsKt___CollectionsKt$asSequence$$inlined$Sequence$1 : loaded 2 times (x 75B)
Class com.google.common.collect.MapMakerInternalMap$Strength$2                        : loaded 2 times (x 80B)
Class com.google.common.base.AbstractIterator$State                                   : loaded 2 times (x 79B)
Class [Lorg.objectweb.asm.AnnotationVisitor;                                          : loaded 2 times (x 69B)
Class com.google.common.collect.Sets$3                                                : loaded 2 times (x 139B)
Class com.google.common.cache.LocalCache$LocalLoadingCache                            : loaded 2 times (x 134B)
Class ijJvmDebugger1_38g6b8zsifw0bi6bpaitofnq5$_run_closure1$_closure2                : loaded 2 times (x 140B)
Class org.gradle.internal.service.UnknownServiceException                             : loaded 2 times (x 83B)
Class kotlin.jvm.functions.Function21                                                 : loaded 2 times (x 70B)
Class com.google.common.collect.MapMakerInternalMap$StrongValueEntry                  : loaded 2 times (x 70B)
Class com.google.common.collect.Sets$4                                                : loaded 2 times (x 139B)
Class org.objectweb.asm.ModuleVisitor                                                 : loaded 2 times (x 81B)
Class com.google.common.cache.LocalCache$Strength$1                                   : loaded 2 times (x 81B)
Class kotlin.annotation.AnnotationRetention                                           : loaded 2 times (x 79B)
Class kotlin.collections.builders.MapBuilderEntries                                   : loaded 2 times (x 145B)
Class kotlin.jvm.functions.Function22                                                 : loaded 2 times (x 70B)
Class kotlin.collections.MapWithDefault                                               : loaded 2 times (x 70B)
Class kotlin.coroutines.jvm.internal.SuspendLambda                                    : loaded 2 times (x 91B)
Class kotlin.coroutines.jvm.internal.ContinuationImpl                                 : loaded 2 times (x 87B)
Class com.google.common.util.concurrent.SettableFuture                                : loaded 2 times (x 114B)
Class com.google.common.cache.LocalCache$Strength$2                                   : loaded 2 times (x 81B)
Class kotlin.reflect.KTypeParameter                                                   : loaded 2 times (x 70B)
Class kotlin.text.StringsKt__RegexExtensionsJVMKt                                     : loaded 2 times (x 71B)
Class kotlin.collections.ArraysKt___ArraysJvmKt                                       : loaded 2 times (x 71B)
Class kotlin.collections.CollectionsKt__CollectionsKt                                 : loaded 2 times (x 71B)
Class com.google.common.collect.Interners$InternerImpl                                : loaded 2 times (x 75B)
Class com.google.common.collect.Interner                                              : loaded 2 times (x 70B)
Class com.google.common.collect.TransformedIterator                                   : loaded 2 times (x 80B)
Class com.google.common.base.Splitter$1                                               : loaded 2 times (x 77B)
Class com.google.common.cache.LocalCache$Strength$3                                   : loaded 2 times (x 81B)
Class com.google.common.collect.MapDifference                                         : loaded 2 times (x 70B)
Class kotlin.text.Regex$Companion                                                     : loaded 2 times (x 71B)
Class kotlin._Assertions                                                              : loaded 2 times (x 71B)
Class com.google.common.collect.MapMaker$Dummy                                        : loaded 2 times (x 79B)
Class org.objectweb.asm.FieldWriter                                                   : loaded 2 times (x 78B)
Class com.google.common.cache.CacheBuilder$NullListener                               : loaded 2 times (x 82B)
Class org.gradle.internal.classpath.TransformedClassPath                              : loaded 2 times (x 96B)
Class org.gradle.internal.classloader.InstrumentingClassLoader                        : loaded 2 times (x 70B)
Class [Lkotlin.annotation.AnnotationTarget;                                           : loaded 2 times (x 69B)
Class kotlin.jvm.internal.FunctionReference                                           : loaded 2 times (x 122B)
Class [Lkotlin.coroutines.intrinsics.CoroutineSingletons;                             : loaded 2 times (x 69B)
Class kotlin.jvm.internal.FunctionBase                                                : loaded 2 times (x 70B)
Class kotlin.enums.EnumEntriesList                                                    : loaded 2 times (x 223B)
Class com.google.common.cache.CacheLoader$FunctionToCacheLoader                       : loaded 2 times (x 75B)
Class com.google.common.collect.Iterators$ArrayItr                                    : loaded 2 times (x 97B)
Class kotlin.sequences.DropTakeSequence                                               : loaded 2 times (x 70B)
Class kotlin.collections.builders.AbstractMapBuilderEntrySet                          : loaded 2 times (x 144B)
Class kotlin.comparisons.ComparisonsKt___ComparisonsJvmKt                             : loaded 2 times (x 71B)
Class kotlin.collections.CollectionsKt__IteratorsJVMKt                                : loaded 2 times (x 71B)
Class com.google.common.base.Joiner                                                   : loaded 2 times (x 79B)
Class com.google.common.base.MoreObjects                                              : loaded 2 times (x 71B)
Class kotlin.reflect.KProperty0                                                       : loaded 2 times (x 70B)
Class kotlin.Result                                                                   : loaded 2 times (x 72B)
Class [Lorg.objectweb.asm.Attribute;                                                  : loaded 2 times (x 69B)
Class com.google.common.collect.Platform                                              : loaded 2 times (x 71B)
Class [Lorg.objectweb.asm.Type;                                                       : loaded 2 times (x 69B)
Class com.google.common.collect.UnmodifiableIterator                                  : loaded 2 times (x 80B)
Class org.gradle.internal.service.ServiceLocator                                      : loaded 2 times (x 70B)
Class jdk.internal.jrtfs.JrtFileSystemProvider                                        : loaded 2 times (x 101B)
Class kotlin.reflect.KClass                                                           : loaded 2 times (x 70B)
Class kotlin.reflect.KProperty1                                                       : loaded 2 times (x 70B)
Class kotlin.sequences.TransformingSequence$iterator$1                                : loaded 2 times (x 79B)
Class kotlin.Pair                                                                     : loaded 2 times (x 72B)
Class com.google.common.base.Ascii                                                    : loaded 2 times (x 71B)
Class com.google.common.cache.LocalCache$1                                            : loaded 2 times (x 89B)
Class com.google.common.collect.SingletonImmutableBiMap                               : loaded 2 times (x 143B)
Class com.google.common.collect.Iterators$SingletonIterator                           : loaded 2 times (x 81B)
Class com.google.common.collect.AbstractMapEntry                                      : loaded 2 times (x 81B)
Class kotlin.reflect.KProperty2                                                       : loaded 2 times (x 70B)
Class kotlin.collections.CollectionsKt__MutableCollectionsKt                          : loaded 2 times (x 71B)
Class kotlin.io.CloseableKt                                                           : loaded 2 times (x 71B)
Class com.google.common.collect.AbstractSetMultimap                                   : loaded 2 times (x 174B)
Class com.google.common.collect.MapMakerInternalMap$AbstractStrongKeyEntry            : loaded 2 times (x 80B)
Class com.google.common.collect.Sets$ImprovedAbstractSet                              : loaded 2 times (x 135B)
Class com.google.common.collect.ImmutableList$Builder                                 : loaded 2 times (x 77B)
Class com.google.common.collect.AbstractMultimap                                      : loaded 2 times (x 123B)
Class com.google.common.cache.LocalCache$2                                            : loaded 2 times (x 142B)
Class kotlin.io.TerminateException                                                    : loaded 2 times (x 82B)
Class kotlin.io.FilesKt__FilePathComponentsKt                                         : loaded 2 times (x 71B)
Class kotlin.reflect.KCallable                                                        : loaded 2 times (x 70B)
Class kotlin.coroutines.CoroutineContext$Element                                      : loaded 2 times (x 70B)
Class com.google.common.collect.RegularImmutableAsList                                : loaded 2 times (x 217B)
Class kotlin.collections.AbstractIterator                                             : loaded 2 times (x 83B)
Class kotlin.text.CharsKt                                                             : loaded 2 times (x 71B)
Class com.google.common.util.concurrent.AbstractFuture$Trusted                        : loaded 2 times (x 70B)
Class com.google.common.collect.Iterators                                             : loaded 2 times (x 71B)
Class jdk.internal.jimage.ImageLocation                                               : loaded 2 times (x 90B)
Class kotlin.coroutines.ContinuationInterceptor$Key                                   : loaded 2 times (x 71B)
Class kotlin.text.DelimitedRangesSequence$iterator$1                                  : loaded 2 times (x 79B)
Class com.google.common.io.ByteSink$AsCharSink                                        : loaded 2 times (x 80B)
Class com.google.common.collect.Lists$StringAsImmutableList                           : loaded 2 times (x 207B)
Class com.google.common.util.concurrent.UncheckedExecutionException                   : loaded 2 times (x 82B)
Class org.gradle.kotlin.dsl.VersionCatalogAccessorsKt                                 : loaded 2 times (x 71B)
Class kotlin.collections.builders.MapBuilder$EntriesItr                               : loaded 2 times (x 81B)
Class kotlin.io.FileTreeWalk$FileTreeWalkIterator$WhenMappings                        : loaded 2 times (x 71B)
Class jdk.internal.jimage.ImageBufferCache$1                                          : loaded 2 times (x 83B)
Class kotlin.DeprecationLevel                                                         : loaded 2 times (x 79B)
Class kotlin.collections.ArraysKt___ArraysKt$asSequence$$inlined$Sequence$1           : loaded 2 times (x 75B)
Class kotlin.time.DurationUnitKt__DurationUnitJvmKt                                   : loaded 2 times (x 71B)
Class kotlin.collections.MapsKt__MapsJVMKt                                            : loaded 2 times (x 71B)
Class kotlin.collections.EmptyList                                                    : loaded 2 times (x 174B)
Class com.google.common.collect.HashMultimapGwtSerializationDependencies              : loaded 2 times (x 174B)
Class com.google.common.collect.AbstractMapBasedMultimap$KeySet$1                     : loaded 2 times (x 82B)
Class org.objectweb.asm.ClassWriter                                                   : loaded 2 times (x 106B)
Class com.google.common.cache.CacheLoader$UnsupportedLoadingOperationException        : loaded 2 times (x 82B)
Class com.google.common.base.CharMatcher$And                                          : loaded 2 times (x 112B)
Class org.gradle.internal.classloader.ClasspathUtil$1                                 : loaded 2 times (x 76B)
Class jdk.internal.jimage.ImageBufferCache$2                                          : loaded 2 times (x 91B)
Class kotlin.coroutines.ContinuationKt                                                : loaded 2 times (x 71B)
Class kotlin.collections.builders.ListBuilderKt                                       : loaded 2 times (x 71B)
Class org.objectweb.asm.FieldVisitor                                                  : loaded 2 times (x 77B)
Class com.google.common.collect.IndexedImmutableSet                                   : loaded 2 times (x 152B)
Class com.google.common.collect.ImmutableMap$1                                        : loaded 2 times (x 81B)
Class com.google.common.collect.BiMap                                                 : loaded 2 times (x 70B)
Class org.gradle.api.internal.classpath.DefaultModuleRegistry$DefaultModule           : loaded 2 times (x 86B)
Class kotlin.ResultKt                                                                 : loaded 2 times (x 71B)
Class com.google.common.primitives.Ints                                               : loaded 2 times (x 71B)
Class com.google.common.collect.AbstractIterator                                      : loaded 2 times (x 82B)
Class kotlin.collections.IndexingIterable                                             : loaded 2 times (x 79B)
Class kotlin.Result$Failure                                                           : loaded 2 times (x 72B)
Class kotlin.collections.ArraysKt__ArraysKt                                           : loaded 2 times (x 71B)
Class com.google.common.collect.ObjectArrays                                          : loaded 2 times (x 71B)
Class com.google.common.math.MathPreconditions                                        : loaded 2 times (x 71B)
Class com.google.common.collect.Multiset                                              : loaded 2 times (x 70B)
Class com.google.common.collect.ArrayListMultimapGwtSerializationDependencies         : loaded 2 times (x 172B)
Class com.google.common.collect.AbstractIndexedListIterator                           : loaded 2 times (x 96B)
Class kotlin.collections.SetsKt__SetsJVMKt                                            : loaded 2 times (x 71B)
Class kotlin.Function                                                                 : loaded 2 times (x 70B)
Class com.google.common.collect.ImmutableMapEntrySet                                  : loaded 2 times (x 152B)
Class org.gradle.api.internal.classpath.Module                                        : loaded 2 times (x 70B)
Class kotlin.KotlinVersion                                                            : loaded 2 times (x 74B)
Class kotlin.reflect.KMutableProperty                                                 : loaded 2 times (x 70B)
Class kotlin.io.FileAlreadyExistsException                                            : loaded 2 times (x 82B)
Class kotlin.internal.ProgressionUtilKt                                               : loaded 2 times (x 71B)
Class com.google.common.cache.Weigher                                                 : loaded 2 times (x 70B)
Class org.gradle.api.internal.classpath.UnknownModuleException                        : loaded 2 times (x 82B)
Class jdk.internal.jimage.ImageHeader                                                 : loaded 2 times (x 71B)
Class kotlin.sequences.DistinctIterator                                               : loaded 2 times (x 83B)
Class kotlin.jvm.internal.PropertyReference                                           : loaded 2 times (x 115B)
Class com.google.common.base.Stopwatch                                                : loaded 2 times (x 72B)
Class com.google.common.cache.LocalCache$Strength                                     : loaded 2 times (x 81B)
Class com.google.common.cache.Cache                                                   : loaded 2 times (x 70B)
Class com.google.gson.stream.JsonReader$1                                             : loaded 2 times (x 72B)
Class kotlin.collections.IndexingIterator                                             : loaded 2 times (x 79B)
Class com.google.common.base.NullnessCasts                                            : loaded 2 times (x 71B)
Class com.google.common.util.concurrent.AbstractFuture$Cancellation                   : loaded 2 times (x 72B)
Class com.google.common.collect.ImmutableMap$Builder                                  : loaded 2 times (x 82B)
Class [Lkotlin.reflect.KAnnotatedElement;                                             : loaded 2 times (x 69B)
Class com.google.common.collect.AbstractMapBasedMultimap$WrappedCollection$WrappedIterator: loaded 2 times (x 84B)
Class com.google.common.cache.RemovalListener                                         : loaded 2 times (x 70B)
Class ijJvmDebugger1_38g6b8zsifw0bi6bpaitofnq5$_run_closure1                          : loaded 2 times (x 139B)
Class org.gradle.api.internal.DefaultClassPathRegistry                                : loaded 2 times (x 76B)
Class kotlin.annotation.AnnotationTarget                                              : loaded 2 times (x 79B)
Class kotlin.jvm.JvmClassMappingKt                                                    : loaded 2 times (x 71B)
Class kotlin.jvm.internal.Reflection                                                  : loaded 2 times (x 71B)
Class kotlin.reflect.KProperty                                                        : loaded 2 times (x 70B)
Class kotlin.ranges.ClosedRange                                                       : loaded 2 times (x 70B)
Class com.google.common.primitives.IntsMethodsForWeb                                  : loaded 2 times (x 71B)
Class com.google.common.collect.Multimap                                              : loaded 2 times (x 70B)
Class org.gradle.api.internal.ClassPathRegistry                                       : loaded 2 times (x 70B)
Class org.gradle.internal.classpath.DefaultClassPath$ImmutableUniqueList              : loaded 2 times (x 199B)
Class jdk.internal.jimage.decompressor.ResourceDecompressor                           : loaded 2 times (x 70B)
Class kotlin.jvm.internal.TypeIntrinsics                                              : loaded 2 times (x 71B)
Class kotlin.text.StringsKt__StringsJVMKt                                             : loaded 2 times (x 71B)
Class com.google.common.collect.NullnessCasts                                         : loaded 2 times (x 71B)
Class com.google.common.collect.MapMakerInternalMap$Segment                           : loaded 2 times (x 142B)
Class kotlin.time.DurationUnit                                                        : loaded 2 times (x 79B)
Class kotlin.text.StringsKt__IndentKt                                                 : loaded 2 times (x 71B)
Class kotlin.collections.SetsKt                                                       : loaded 2 times (x 71B)
Class com.google.common.collect.ImmutableCollection$Builder                           : loaded 2 times (x 76B)
Class com.google.common.io.ByteSink                                                   : loaded 2 times (x 76B)
Class com.google.common.cache.CacheBuilder                                            : loaded 2 times (x 72B)
Class com.google.common.collect.SingletonImmutableList                                : loaded 2 times (x 207B)
Class Settings_gradle$1                                                               : loaded 2 times (x 74B)
Class org.gradle.internal.classpath.ClassPath                                         : loaded 2 times (x 70B)
Class kotlin.collections.ArrayDeque                                                   : loaded 2 times (x 207B)
Class kotlin.reflect.KFunction                                                        : loaded 2 times (x 70B)
Class com.google.common.collect.Interners$InternerBuilder                             : loaded 2 times (x 76B)
Class com.google.common.io.Files$FileByteSource                                       : loaded 2 times (x 85B)
Class com.google.common.base.JdkPattern                                               : loaded 2 times (x 75B)
Class com.google.common.collect.ImmutableList$ReverseImmutableList                    : loaded 2 times (x 209B)
Class ijKotlinCoroutineJvmDebugInit1_5u9036xj3e5mwhd3ml9wdh8mx$_run_closure1$_closure2: loaded 2 times (x 139B)
Class kotlin.time.DurationUnitKt__DurationUnitKt                                      : loaded 2 times (x 71B)
Class [Lkotlin.reflect.KDeclarationContainer;                                         : loaded 2 times (x 69B)
Class kotlin.jvm.internal.Lambda                                                      : loaded 2 times (x 75B)
Class kotlin.collections.MapsKt__MapsKt                                               : loaded 2 times (x 71B)
Class com.google.errorprone.annotations.DoNotMock                                     : loaded 2 times (x 70B)
Class org.objectweb.asm.SymbolTable$Entry                                             : loaded 2 times (x 74B)
Class com.google.gson.internal.JsonReaderInternalAccess                               : loaded 2 times (x 72B)
Class org.gradle.internal.Factory                                                     : loaded 2 times (x 70B)
Class jdk.internal.jimage.ImageStringsReader                                          : loaded 2 times (x 80B)
Class org.objectweb.asm.Edge                                                          : loaded 2 times (x 72B)
Class com.google.common.base.Suppliers$SupplierOfInstance                             : loaded 2 times (x 79B)
Class com.google.common.collect.Iterators$1                                           : loaded 2 times (x 81B)
Class kotlin.properties.Delegates                                                     : loaded 2 times (x 71B)
Class kotlin.Metadata                                                                 : loaded 2 times (x 70B)
Class kotlin.collections.AbstractMutableSet                                           : loaded 2 times (x 142B)
Class com.google.devtools.ksp.processing.KSPJvmConfig                                 : loaded 2 times (x 72B)
Class kotlin.UninitializedPropertyAccessException                                     : loaded 2 times (x 82B)
Class com.google.common.cache.LocalCache$ComputingValueReference                      : loaded 2 times (x 96B)
Class com.google.common.collect.SingletonImmutableSet                                 : loaded 2 times (x 146B)
Class com.google.common.collect.ImmutableMap$IteratorBasedImmutableMap                : loaded 2 times (x 126B)
Class jdk.internal.jimage.ImageReader                                                 : loaded 2 times (x 75B)
Class kotlin.reflect.KProperty$Getter                                                 : loaded 2 times (x 70B)
Class com.google.common.cache.LocalCache$Segment                                      : loaded 2 times (x 154B)
Class jdk.internal.jimage.ImageReader$SharedImageReader                               : loaded 2 times (x 95B)
Class kotlin.time.DurationJvmKt                                                       : loaded 2 times (x 71B)
Class kotlin.SafePublicationLazyImpl                                                  : loaded 2 times (x 76B)
Class com.google.common.collect.AbstractListMultimap                                  : loaded 2 times (x 172B)
Class [Lorg.objectweb.asm.SymbolTable$Entry;                                          : loaded 2 times (x 69B)
Class com.google.common.cache.CacheLoader                                             : loaded 2 times (x 74B)
Class com.google.common.collect.Iterators$4                                           : loaded 2 times (x 82B)
Class com.google.common.collect.ImmutableBiMap                                        : loaded 2 times (x 143B)
Class org.gradle.api.internal.classpath.ModuleRegistry                                : loaded 2 times (x 70B)
Class org.gradle.internal.installation.GradleInstallation$1                           : loaded 2 times (x 75B)
Class jdk.internal.jimage.decompressor.ResourceDecompressorFactory                    : loaded 2 times (x 74B)
Class com.google.devtools.ksp.processing.KSPLogger                                    : loaded 2 times (x 70B)
Class com.google.common.base.Splitter$SplittingIterator                               : loaded 2 times (x 84B)
Class com.google.common.collect.ImmutableSet$JdkBackedSetBuilderImpl                  : loaded 2 times (x 76B)
Class com.google.common.util.concurrent.internal.InternalFutureFailureAccess          : loaded 2 times (x 72B)
Class com.google.common.collect.Iterators$5                                           : loaded 2 times (x 82B)
Class kotlin.time.Duration$Companion                                                  : loaded 2 times (x 71B)
Class kotlin.coroutines.intrinsics.IntrinsicsKt__IntrinsicsKt                         : loaded 2 times (x 71B)
Class com.google.common.cache.LocalCache$LocalManualCache$1                           : loaded 2 times (x 75B)
Class com.google.common.base.CharMatcher$ForPredicate                                 : loaded 2 times (x 112B)
Class jdk.internal.jimage.ImageReader$Node                                            : loaded 2 times (x 84B)
Class kotlin.io.FilesKt__UtilsKt                                                      : loaded 2 times (x 71B)
Class kotlin.collections.CollectionsKt__CollectionsJVMKt                              : loaded 2 times (x 71B)
Class com.google.common.base.CharMatcher$AnyOf                                        : loaded 2 times (x 112B)
Class com.google.common.collect.ImmutableCollection                                   : loaded 2 times (x 125B)
Class org.gradle.api.internal.classpath.DefaultModuleRegistry                         : loaded 2 times (x 86B)
Class jdk.internal.jimage.BasicImageReader$1                                          : loaded 2 times (x 77B)
Class kotlin.collections.IndexedValue                                                 : loaded 2 times (x 72B)
Class kotlin.KotlinVersionCurrentValue                                                : loaded 2 times (x 71B)
Class kotlin.collections.builders.MapBuilder$Itr                                      : loaded 2 times (x 72B)
Class kotlin.sequences.SequencesKt                                                    : loaded 2 times (x 71B)
Class kotlin.collections.CollectionsKt__IteratorsKt                                   : loaded 2 times (x 71B)
Class com.google.common.collect.Lists                                                 : loaded 2 times (x 71B)
Class com.google.common.util.concurrent.ListenableFuture                              : loaded 2 times (x 70B)
Class com.google.common.cache.ReferenceEntry                                          : loaded 2 times (x 70B)
Class com.google.common.base.Converter                                                : loaded 2 times (x 90B)
Class com.google.common.collect.ImmutableSet$CachingAsList                            : loaded 2 times (x 148B)
Class kotlin.jvm.internal.markers.KMutableSet                                         : loaded 2 times (x 70B)
Class kotlin.text.StringsKt                                                           : loaded 2 times (x 71B)
Class com.google.common.collect.AbstractMapBasedMultimap                              : loaded 2 times (x 139B)
Class com.google.common.util.concurrent.AbstractFuture                                : loaded 2 times (x 106B)
Class com.google.common.base.FunctionalEquivalence                                    : loaded 2 times (x 83B)
Class com.google.gson.Strictness                                                      : loaded 2 times (x 79B)
Class com.google.common.collect.Iterators$9                                           : loaded 2 times (x 81B)
Class com.google.common.collect.ImmutableAsList                                       : loaded 2 times (x 209B)
Class kotlin.coroutines.jvm.internal.RestrictedContinuationImpl                       : loaded 2 times (x 87B)
Class kotlin.coroutines.CoroutineContext$Key                                          : loaded 2 times (x 70B)
Class kotlin.LazyKt__LazyJVMKt                                                        : loaded 2 times (x 71B)
Class org.objectweb.asm.RecordComponentVisitor                                        : loaded 2 times (x 77B)
Class com.google.common.cache.CacheLoader$SupplierToCacheLoader                       : loaded 2 times (x 75B)
Class jdk.internal.jimage.decompressor.Decompressor                                   : loaded 2 times (x 72B)
Class [Lkotlin.Pair;                                                                  : loaded 2 times (x 69B)
Class kotlin.jvm.internal.markers.KMutableList                                        : loaded 2 times (x 70B)
Class kotlin.io.FilesKt__FileReadWriteKt                                              : loaded 2 times (x 71B)
Class kotlin.text.StringsKt__StringNumberConversionsKt                                : loaded 2 times (x 71B)
Class com.google.common.collect.Maps$EntryTransformer                                 : loaded 2 times (x 70B)
Class org.gradle.internal.service.ServiceLookupException                              : loaded 2 times (x 82B)
Class [Lkotlin.sequences.Sequence;                                                    : loaded 2 times (x 69B)
Class kotlin.jvm.internal.MutablePropertyReference1Impl                               : loaded 2 times (x 137B)
Class [Lcom.google.common.cache.LocalCache$EntryFactory;                              : loaded 2 times (x 69B)
Class org.gradle.internal.classloader.ClassLoaderFactory                              : loaded 2 times (x 70B)
Class com.google.common.base.CommonPattern                                            : loaded 2 times (x 74B)
Class com.google.common.cache.LocalCache$LocalManualCache                             : loaded 2 times (x 99B)
Class com.google.common.base.CharMatcher$IsNot                                        : loaded 2 times (x 111B)
Class ijKotlinCoroutineJvmDebugInit1_5u9036xj3e5mwhd3ml9wdh8mx$_run_closure1          : loaded 2 times (x 139B)
Class org.gradle.internal.service.CachingServiceLocator                               : loaded 2 times (x 82B)
Class kotlin.jvm.internal.CallableReference                                           : loaded 2 times (x 106B)
Class kotlin.collections.AbstractList$IteratorImpl                                    : loaded 2 times (x 82B)
Class com.google.common.collect.AbstractMapBasedMultimap$KeySet                       : loaded 2 times (x 137B)
Class com.google.common.math.IntMath                                                  : loaded 2 times (x 71B)
Class kotlin.properties.ReadOnlyProperty                                              : loaded 2 times (x 70B)
Class kotlin.jvm.internal.markers.KMutableMap                                         : loaded 2 times (x 70B)
Class kotlin.ranges.IntRange                                                          : loaded 2 times (x 93B)
Class com.google.common.collect.MapMakerInternalMap$InternalEntry                     : loaded 2 times (x 70B)
Class com.google.common.collect.ImmutableMapEntry                                     : loaded 2 times (x 85B)
Class kotlin.enums.EnumEntries                                                        : loaded 2 times (x 70B)
Class com.google.common.base.Equivalence                                              : loaded 2 times (x 82B)
Class com.google.common.base.Function                                                 : loaded 2 times (x 70B)
Class com.google.common.collect.ImmutableMapEntry$NonTerminalImmutableMapEntry        : loaded 2 times (x 85B)
Class com.google.common.collect.IndexedImmutableSet$1                                 : loaded 2 times (x 213B)
Class com.google.common.cache.CacheBuilder$OneWeigher                                 : loaded 2 times (x 82B)
Class com.google.common.collect.RegularImmutableList                                  : loaded 2 times (x 213B)
Class jdk.internal.jimage.ImageBufferCache                                            : loaded 2 times (x 71B)
Class jdk.internal.jrtfs.JrtPath                                                      : loaded 2 times (x 118B)
Class org.gradle.internal.classloader.ClasspathUtil                                   : loaded 2 times (x 71B)
Class kotlin.sequences.EmptySequence                                                  : loaded 2 times (x 78B)
Class kotlin.io.FileSystemException                                                   : loaded 2 times (x 82B)
Class com.google.common.util.concurrent.Uninterruptibles                              : loaded 2 times (x 71B)
Class kotlin.sequences.DistinctSequence                                               : loaded 2 times (x 75B)
Class kotlin.jvm.internal.PropertyReference1                                          : loaded 2 times (x 127B)
Class com.google.common.collect.AbstractMapBasedMultimap$WrappedSet                   : loaded 2 times (x 142B)
Class com.google.common.util.concurrent.LazyLogger                                    : loaded 2 times (x 72B)
Class com.google.common.collect.Maps                                                  : loaded 2 times (x 71B)
Class org.gradle.api.specs.Spec                                                       : loaded 2 times (x 70B)
Class kotlin.jvm.internal.MutablePropertyReference                                    : loaded 2 times (x 119B)
Class kotlin.UnsafeLazyImpl                                                           : loaded 2 times (x 76B)
Class kotlin.LazyKt__LazyJVMKt$WhenMappings                                           : loaded 2 times (x 71B)
Class com.google.common.collect.MapMaker                                              : loaded 2 times (x 72B)
Class [Lcom.google.common.collect.ImmutableEntry;                                     : loaded 2 times (x 69B)
Class kotlin.jvm.internal.ArrayIterator                                               : loaded 2 times (x 79B)
Class kotlin.LazyThreadSafetyMode                                                     : loaded 2 times (x 79B)
Class com.google.common.cache.LocalCache$LoadingValueReference                        : loaded 2 times (x 96B)
Class jdk.internal.jimage.decompressor.ResourceDecompressorRepository                 : loaded 2 times (x 71B)
Class kotlin.jvm.internal.SpreadBuilder                                               : loaded 2 times (x 76B)
Class kotlin.collections.EmptyIterator                                                : loaded 2 times (x 89B)
Class kotlin.text.StringsKt__RegexExtensionsKt                                        : loaded 2 times (x 71B)
Class kotlin.SynchronizedLazyImpl                                                     : loaded 2 times (x 76B)
Class com.google.common.collect.MapMakerInternalMap$StrongKeyDummyValueEntry          : loaded 2 times (x 82B)
Class com.google.common.base.Platform                                                 : loaded 2 times (x 71B)
Class jdk.internal.jimage.ImageReader$Directory                                       : loaded 2 times (x 84B)
Class kotlin.io.FilePathComponents                                                    : loaded 2 times (x 72B)
Class kotlin.coroutines.jvm.internal.RestrictedSuspendLambda                          : loaded 2 times (x 91B)
Class kotlin.sequences.SequencesKt__SequencesJVMKt                                    : loaded 2 times (x 71B)
Class kotlin.collections.AbstractList                                                 : loaded 2 times (x 197B)
Class kotlin.collections.AbstractCollection                                           : loaded 2 times (x 117B)
Class com.google.devtools.ksp.processing.KspGradleLogger$Companion                    : loaded 2 times (x 71B)
Class com.google.common.collect.AbstractMapBasedMultimap$WrappedList                  : loaded 2 times (x 205B)
Class [Lorg.objectweb.asm.AnnotationWriter;                                           : loaded 2 times (x 69B)
Class com.google.common.collect.Maps$8                                                : loaded 2 times (x 82B)
Class kotlin.text.Regex                                                               : loaded 2 times (x 72B)
Class kotlin.sequences.SequencesKt__SequenceBuilderKt$sequence$$inlined$Sequence$1    : loaded 2 times (x 75B)
Class kotlin.text.StringsKt__StringBuilderJVMKt                                       : loaded 2 times (x 71B)
Class kotlin.collections.ArrayAsCollection                                            : loaded 2 times (x 105B)
Class kotlin.LazyKt__LazyKt                                                           : loaded 2 times (x 71B)
Class [Lcom.google.common.collect.Iterators$EmptyModifiableIterator;                  : loaded 2 times (x 69B)
Class com.google.common.collect.Sets$SetView                                          : loaded 2 times (x 138B)
Class com.google.common.cache.LocalCache$StrongValueReference                         : loaded 2 times (x 90B)
Class kotlin.jvm.internal.ReflectionFactory                                           : loaded 2 times (x 91B)
Class kotlin.jvm.internal.Ref$ObjectRef                                               : loaded 2 times (x 72B)
Class kotlin.UNINITIALIZED_VALUE                                                      : loaded 2 times (x 71B)
Class com.google.common.graph.SuccessorsFunction                                      : loaded 2 times (x 70B)
Class [Lcom.google.gson.stream.JsonToken;                                             : loaded 2 times (x 69B)
Class org.objectweb.asm.Type                                                          : loaded 2 times (x 72B)
Class org.gradle.internal.classloader.VisitableURLClassLoader$InstrumentingVisitableURLClassLoader: loaded 2 times (x 123B)
Class kotlin.comparisons.ComparisonsKt__ComparisonsKt                                 : loaded 2 times (x 71B)
Class kotlin.jvm.internal.ClassBasedDeclarationContainer                              : loaded 2 times (x 70B)
Class kotlin.coroutines.Continuation                                                  : loaded 2 times (x 70B)
Class kotlin.ranges.RangesKt__RangesKt                                                : loaded 2 times (x 71B)
Class kotlin.sequences.SequencesKt__SequencesKt                                       : loaded 2 times (x 71B)
Class kotlin.collections.SetsKt___SetsKt                                              : loaded 2 times (x 71B)
Class com.google.common.collect.MapMakerInternalMap$StrongKeyDummyValueEntry$Helper   : loaded 2 times (x 79B)
Class com.google.common.io.Files$FileByteSink                                         : loaded 2 times (x 77B)
Class com.google.common.math.IntMath$1                                                : loaded 2 times (x 71B)
Class org.objectweb.asm.ByteVector                                                    : loaded 2 times (x 79B)
Class [Lcom.google.common.cache.CacheBuilder$NullListener;                            : loaded 2 times (x 69B)
Class org.gradle.internal.classloader.VisitableURLClassLoader$Spec                    : loaded 2 times (x 74B)
Class org.gradle.internal.classpath.DefaultClassPath                                  : loaded 2 times (x 90B)
Class jdk.internal.jimage.decompressor.ZipDecompressorFactory                         : loaded 2 times (x 74B)
Class kotlin.comparisons.ComparisonsKt                                                : loaded 2 times (x 71B)
Class kotlin.comparisons.ComparisonsKt___ComparisonsKt                                : loaded 2 times (x 71B)
Class kotlin.Result$Companion                                                         : loaded 2 times (x 71B)
Class kotlin.coroutines.jvm.internal.BaseContinuationImpl                             : loaded 2 times (x 87B)
Class kotlin.text.CharsKt__CharJVMKt                                                  : loaded 2 times (x 71B)
Class kotlin.sequences.FilteringSequence                                              : loaded 2 times (x 75B)
Class com.google.devtools.ksp.processing.KspGradleLogger                              : loaded 2 times (x 79B)
Class com.google.common.base.AbstractIterator                                         : loaded 2 times (x 80B)
Class org.objectweb.asm.Symbol                                                        : loaded 2 times (x 73B)
Class kotlin.reflect.KType                                                            : loaded 2 times (x 70B)
Class com.google.common.io.Closer                                                     : loaded 2 times (x 78B)
Class com.google.common.base.CharMatcher$BitSetMatcher                                : loaded 2 times (x 112B)
Class [Lcom.google.gson.Strictness;                                                   : loaded 2 times (x 69B)
Class com.google.common.collect.RegularImmutableMap$Values                            : loaded 2 times (x 207B)
Class com.google.common.collect.ImmutableSet                                          : loaded 2 times (x 145B)
Class org.gradle.internal.classloader.ClassLoaderSpec                                 : loaded 2 times (x 71B)
Class kotlin.jvm.internal.FunctionReferenceImpl                                       : loaded 2 times (x 122B)
Class kotlin.text.DelimitedRangesSequence                                             : loaded 2 times (x 75B)
Class kotlin.collections.CollectionsKt___CollectionsJvmKt                             : loaded 2 times (x 71B)
Class org.objectweb.asm.AnnotationWriter                                              : loaded 2 times (x 79B)
Class com.google.common.cache.CacheStats                                              : loaded 2 times (x 71B)
Class kotlin.time.DurationKt                                                          : loaded 2 times (x 71B)
Class kotlin.jdk7.AutoCloseableKt                                                     : loaded 2 times (x 71B)
Class kotlin.TuplesKt                                                                 : loaded 2 times (x 71B)
Class kotlin.jvm.internal.markers.KMutableIterable                                    : loaded 2 times (x 70B)
Class kotlin.sequences.SequencesKt___SequencesJvmKt                                   : loaded 2 times (x 71B)
Class kotlin.Unit                                                                     : loaded 2 times (x 71B)
Class com.google.common.collect.Interners                                             : loaded 2 times (x 71B)
Class com.google.common.io.LineProcessor                                              : loaded 2 times (x 70B)
Class com.google.common.io.Closer$Suppressor                                          : loaded 2 times (x 70B)
Class org.objectweb.asm.RecordComponentWriter                                         : loaded 2 times (x 78B)
Class com.google.common.util.concurrent.AbstractFuture$Listener                       : loaded 2 times (x 72B)
Class com.google.common.base.CharMatcher$Or                                           : loaded 2 times (x 112B)
Class Settings_gradle$1$1                                                             : loaded 2 times (x 74B)
Class kotlin.io.FileTreeWalk$DirectoryState                                           : loaded 2 times (x 73B)
Class kotlin.ranges.RangesKt                                                          : loaded 2 times (x 71B)
Class [Lorg.objectweb.asm.Label;                                                      : loaded 2 times (x 69B)
Class org.objectweb.asm.Attribute                                                     : loaded 2 times (x 77B)
Class com.google.common.base.Supplier                                                 : loaded 2 times (x 70B)
Class org.gradle.internal.classloader.VisitableURLClassLoader                         : loaded 2 times (x 117B)
Class [Lkotlin.DeprecationLevel;                                                      : loaded 2 times (x 69B)
Class kotlin.sequences.FlatteningSequence$iterator$1                                  : loaded 2 times (x 79B)
Class kotlin.collections.ArraysUtilJVM                                                : loaded 2 times (x 71B)
Class kotlin.jvm.functions.Function0                                                  : loaded 2 times (x 70B)
Class Settings_gradle                                                                 : loaded 2 times (x 124B)
Class org.gradle.internal.Cast                                                        : loaded 2 times (x 71B)
Class org.gradle.api.Action                                                           : loaded 2 times (x 70B)
Class jdk.internal.jimage.decompressor.ZipDecompressor                                : loaded 2 times (x 75B)
Class kotlin.properties.ReadWriteProperty                                             : loaded 2 times (x 70B)
Class kotlin.collections.AbstractMutableList                                          : loaded 2 times (x 206B)
Class kotlin.jvm.functions.Function1                                                  : loaded 2 times (x 70B)
Class com.google.common.collect.MapMakerInternalMap                                   : loaded 2 times (x 161B)
Class com.google.common.base.Strings                                                  : loaded 2 times (x 71B)
Class com.google.common.collect.Sets                                                  : loaded 2 times (x 71B)
Class org.objectweb.asm.Handler                                                       : loaded 2 times (x 72B)
Class com.google.common.base.Ticker                                                   : loaded 2 times (x 72B)
Class com.google.common.base.CharMatcher$FastMatcher                                  : loaded 2 times (x 111B)
Class ijJvmDebugger1_38g6b8zsifw0bi6bpaitofnq5                                        : loaded 2 times (x 171B)
Class kotlin.jvm.internal.markers.KMutableIterator                                    : loaded 2 times (x 70B)
Class kotlin.jvm.functions.Function2                                                  : loaded 2 times (x 70B)
Class kotlin.KotlinNothingValueException                                              : loaded 2 times (x 82B)
Class com.google.devtools.ksp.processing.KSPConfig                                    : loaded 2 times (x 72B)
Class [Lcom.google.common.cache.LocalCache$Segment;                                   : loaded 2 times (x 69B)
Class [Lcom.google.common.cache.LocalCache$Strength;                                  : loaded 2 times (x 69B)
Class com.google.common.cache.CacheBuilder$1                                          : loaded 2 times (x 85B)
Class com.google.common.base.Predicate                                                : loaded 2 times (x 70B)
Class com.google.common.collect.ImmutableMap                                          : loaded 2 times (x 120B)
Class org.gradle.internal.classpath.DefaultClassPath$ImmutableUniqueList$Builder      : loaded 2 times (x 75B)
Class kotlin.io.FileTreeWalk$WalkState                                                : loaded 2 times (x 73B)
Class kotlin.jvm.functions.Function3                                                  : loaded 2 times (x 70B)
Class kotlin.collections.MapsKt___MapsJvmKt                                           : loaded 2 times (x 71B)
Class com.google.common.collect.MapMakerInternalMap$WeakValueReference                : loaded 2 times (x 70B)
Class com.google.gson.stream.JsonToken                                                : loaded 2 times (x 79B)
Class com.google.common.cache.LocalCache                                              : loaded 2 times (x 187B)
Class com.google.common.cache.CacheBuilder$2                                          : loaded 2 times (x 79B)
Class com.google.common.base.CharMatcher$NegatedFastMatcher                           : loaded 2 times (x 113B)
Class ijKotlinCoroutineJvmDebugInit1_5u9036xj3e5mwhd3ml9wdh8mx                        : loaded 2 times (x 171B)
Class kotlin.jvm.functions.Function4                                                  : loaded 2 times (x 70B)
Class kotlin.annotation.Target                                                        : loaded 2 times (x 70B)
Class kotlin.collections.EmptySet                                                     : loaded 2 times (x 122B)
Class kotlin.collections.CollectionsKt___CollectionsKt                                : loaded 2 times (x 71B)
Class com.google.common.collect.ArrayListMultimap                                     : loaded 2 times (x 172B)
Class com.google.common.cache.CacheBuilder$3                                          : loaded 2 times (x 72B)
Class [Lcom.google.common.collect.AbstractMapEntry;                                   : loaded 2 times (x 69B)
Class com.google.common.collect.ImmutableEntry                                        : loaded 2 times (x 82B)
Class org.gradle.api.GradleException                                                  : loaded 2 times (x 82B)
Class jdk.internal.jimage.ImageStrings                                                : loaded 2 times (x 70B)
Class kotlin.jvm.functions.Function5                                                  : loaded 2 times (x 70B)
Class kotlin.annotation.Retention                                                     : loaded 2 times (x 70B)
Class kotlin.reflect.KDeclarationContainer                                            : loaded 2 times (x 70B)
Class kotlin.text.StringsKt___StringsJvmKt                                            : loaded 2 times (x 71B)
Class com.google.common.collect.CollectPreconditions                                  : loaded 2 times (x 71B)
Class kotlin.jvm.functions.Function6                                                  : loaded 2 times (x 70B)
Class kotlin.io.FilesKt                                                               : loaded 2 times (x 71B)
Class kotlin.collections.ArraysKt___ArraysKt                                          : loaded 2 times (x 71B)
Class kotlin.collections.MapsKt___MapsKt                                              : loaded 2 times (x 71B)
Class [Lcom.google.common.collect.MapMakerInternalMap$Strength;                       : loaded 2 times (x 69B)
Class [Lcom.google.common.io.FileWriteMode;                                           : loaded 2 times (x 69B)
Class com.google.common.collect.SortedMapDifference                                   : loaded 2 times (x 70B)
Class [Lkotlin.time.DurationUnit;                                                     : loaded 2 times (x 69B)
Class kotlin.jvm.functions.Function7                                                  : loaded 2 times (x 70B)
Class kotlin.sequences.SequencesKt___SequencesKt$asIterable$$inlined$Iterable$1       : loaded 2 times (x 79B)
Class kotlin.collections.MapsKt__MapWithDefaultKt                                     : loaded 2 times (x 71B)
Class com.google.common.collect.MapMakerInternalMap$StrongKeyDummyValueSegment        : loaded 2 times (x 142B)
Class com.google.common.io.Files                                                      : loaded 2 times (x 71B)
Class com.google.common.cache.LocalCache$EntryFactory                                 : loaded 2 times (x 83B)
Class [Lkotlin.annotation.AnnotationRetention;                                        : loaded 2 times (x 69B)
Class kotlin.jvm.functions.Function8                                                  : loaded 2 times (x 70B)
Class kotlin.collections.builders.MapBuilder$Companion                                : loaded 2 times (x 71B)
Class kotlin.text.StringsKt___StringsKt                                               : loaded 2 times (x 71B)
Class kotlin.collections.CollectionsKt__MutableCollectionsJVMKt                       : loaded 2 times (x 71B)
Class kotlin.enums.EnumEntriesKt                                                      : loaded 2 times (x 71B)
Class [Lcom.google.common.collect.MapMaker$Dummy;                                     : loaded 2 times (x 69B)
Class com.google.common.base.CharMatcher$Whitespace                                   : loaded 2 times (x 112B)
Class com.google.common.cache.LocalCache$AbstractReferenceEntry                       : loaded 2 times (x 107B)
Class org.gradle.internal.IoActions                                                   : loaded 2 times (x 71B)
Class kotlin.annotation.MustBeDocumented                                              : loaded 2 times (x 70B)
Class kotlin.jvm.functions.Function10                                                 : loaded 2 times (x 70B)
Class kotlin.jvm.functions.Function9                                                  : loaded 2 times (x 70B)
Class [Lkotlin.reflect.KClassifier;                                                   : loaded 2 times (x 69B)
Class [Lkotlin.LazyThreadSafetyMode;                                                  : loaded 2 times (x 69B)
Class com.google.common.collect.ImmutableMapKeySet                                    : loaded 2 times (x 152B)
Class org.objectweb.asm.SymbolTable                                                   : loaded 2 times (x 72B)
Class com.google.common.cache.CacheLoader$InvalidCacheLoadException                   : loaded 2 times (x 82B)
Class com.google.common.collect.ImmutableSet$RegularSetBuilderImpl                    : loaded 2 times (x 77B)
Class org.gradle.internal.classloader.SystemClassLoaderSpec                           : loaded 2 times (x 71B)
Class kotlin.jvm.functions.Function11                                                 : loaded 2 times (x 70B)
Class kotlin.reflect.KAnnotatedElement                                                : loaded 2 times (x 70B)
Class kotlin.jvm.internal.markers.KMutableCollection                                  : loaded 2 times (x 70B)
Class kotlin.coroutines.intrinsics.IntrinsicsKt                                       : loaded 2 times (x 71B)
Class kotlin.ranges.IntRange$Companion                                                : loaded 2 times (x 71B)
Class kotlin.collections.EmptyMap                                                     : loaded 2 times (x 108B)
Class kotlin.jvm.internal.Intrinsics                                                  : loaded 2 times (x 71B)
Class com.google.common.cache.LocalCache$StrongEntry                                  : loaded 2 times (x 108B)
Class com.google.common.util.concurrent.AbstractFuture$TrustedFuture                  : loaded 2 times (x 114B)
Class com.google.common.cache.LoadingCache                                            : loaded 2 times (x 70B)
Class jdk.internal.jrtfs.JrtFileSystem                                                : loaded 2 times (x 102B)
Class kotlin.jvm.functions.Function12                                                 : loaded 2 times (x 70B)
Class kotlin.coroutines.intrinsics.CoroutineSingletons                                : loaded 2 times (x 79B)
Class kotlin.collections.MapsKt                                                       : loaded 2 times (x 71B)
Class kotlin.collections.CollectionsKt__IterablesKt                                   : loaded 2 times (x 71B)
Class org.objectweb.asm.MethodWriter                                                  : loaded 2 times (x 106B)
Class [Lcom.google.common.cache.Weigher;                                              : loaded 2 times (x 69B)
Class com.google.common.collect.RegularImmutableMap$BucketOverflowException           : loaded 2 times (x 82B)
Class jdk.internal.jimage.decompressor.CompressedResourceHeader                       : loaded 2 times (x 71B)
Class kotlin.jvm.functions.Function13                                                 : loaded 2 times (x 70B)
Class kotlin.sequences.SequenceBuilderIterator                                        : loaded 2 times (x 85B)
Class kotlin.text.Charsets                                                            : loaded 2 times (x 71B)
Class kotlin.ranges.OpenEndRange                                                      : loaded 2 times (x 70B)
Class kotlin.KotlinNullPointerException                                               : loaded 2 times (x 83B)
Class com.google.common.collect.AbstractMapBasedMultimap$RandomAccessWrappedList      : loaded 2 times (x 205B)
Class kotlin.jvm.functions.Function14                                                 : loaded 2 times (x 70B)
Class kotlin.ranges.RangesKt___RangesKt                                               : loaded 2 times (x 71B)
Class com.google.common.collect.AbstractIterator$State                                : loaded 2 times (x 79B)
Class com.google.common.cache.LocalCache$ValueReference                               : loaded 2 times (x 70B)
Class com.google.common.base.CharMatcher$Negated                                      : loaded 2 times (x 113B)
Class com.google.common.base.CharMatcher$Is                                           : loaded 2 times (x 111B)
Class com.google.common.collect.RegularImmutableBiMap                                 : loaded 2 times (x 149B)
Class kotlin.collections.ArrayDeque$Companion                                         : loaded 2 times (x 71B)
Class kotlin.jvm.functions.Function15                                                 : loaded 2 times (x 70B)
Class kotlin.text.CharsKt__CharKt                                                     : loaded 2 times (x 71B)
Class kotlin.collections.ArraysKt                                                     : loaded 2 times (x 71B)
Class com.google.common.base.PatternCompiler                                          : loaded 2 times (x 70B)
Class com.google.common.util.concurrent.AbstractFuture$Failure                        : loaded 2 times (x 72B)
Class com.google.common.base.Equivalence$Equals                                       : loaded 2 times (x 82B)
Class com.google.common.collect.Hashing                                               : loaded 2 times (x 71B)
Class com.google.common.base.Preconditions                                            : loaded 2 times (x 71B)
Class kotlin.jvm.functions.Function16                                                 : loaded 2 times (x 70B)
Class kotlin.coroutines.EmptyCoroutineContext                                         : loaded 2 times (x 77B)
Class kotlin.collections.SetsKt__SetsKt                                               : loaded 2 times (x 71B)
Class kotlin.LazyKt                                                                   : loaded 2 times (x 71B)
Class com.google.common.io.CharSink                                                   : loaded 2 times (x 79B)
Class com.google.common.base.Joiner$1                                                 : loaded 2 times (x 80B)
Class org.objectweb.asm.Label                                                         : loaded 2 times (x 73B)
Class org.objectweb.asm.CurrentFrame                                                  : loaded 2 times (x 73B)
Class org.objectweb.asm.ClassTooLargeException                                        : loaded 2 times (x 83B)
Class com.google.common.base.CharMatcher                                              : loaded 2 times (x 111B)
Class com.google.gson.stream.JsonReader                                               : loaded 2 times (x 97B)
Class com.google.common.collect.PeekingIterator                                       : loaded 2 times (x 70B)
Class kotlin.InitializedLazyImpl                                                      : loaded 2 times (x 76B)
Class kotlin.jvm.functions.Function17                                                 : loaded 2 times (x 70B)
Class kotlin.collections.ArraysKt__ArraysJVMKt                                        : loaded 2 times (x 71B)
Class com.google.common.collect.MapMakerInternalMap$InternalEntryHelper               : loaded 2 times (x 70B)
Class com.google.common.collect.Maps$IteratorBasedAbstractMap                         : loaded 2 times (x 125B)
Class com.google.common.collect.Table                                                 : loaded 2 times (x 70B)
Class com.google.common.base.Joiner$2                                                 : loaded 2 times (x 79B)
Class org.objectweb.asm.Frame                                                         : loaded 2 times (x 73B)
Class org.objectweb.asm.MethodVisitor                                                 : loaded 2 times (x 105B)
Class com.google.common.cache.LocalCache$EntryFactory$1                               : loaded 2 times (x 83B)
Class [Lcom.google.common.cache.RemovalListener;                                      : loaded 2 times (x 69B)
Class com.google.common.base.CharMatcher$1                                            : loaded 2 times (x 113B)
Class com.google.common.base.CharMatcher$NamedFastMatcher                             : loaded 2 times (x 112B)
Class kotlin.jvm.functions.Function18                                                 : loaded 2 times (x 70B)
Class kotlin.jvm.internal.CallableReference$NoReceiver                                : loaded 2 times (x 71B)
Class kotlin.text.StringsKt__StringBuilderKt                                          : loaded 2 times (x 71B)
Class com.google.common.cache.LocalCache$EntryFactory$2                               : loaded 2 times (x 83B)
Class org.gradle.api.internal.classpath.GlobalCacheRootsProvider                      : loaded 2 times (x 70B)
Class kotlin.jvm.functions.Function19                                                 : loaded 2 times (x 70B)
Class kotlin.reflect.KMutableProperty$Setter                                          : loaded 2 times (x 70B)
Class kotlin.Lazy                                                                     : loaded 2 times (x 70B)
Class kotlin.NoWhenBranchMatchedException                                             : loaded 2 times (x 82B)
Class org.objectweb.asm.ModuleWriter                                                  : loaded 2 times (x 82B)
Class com.google.common.cache.LocalCache$EntryFactory$3                               : loaded 2 times (x 83B)
Class com.google.common.base.Ticker$1                                                 : loaded 2 times (x 72B)
Class com.google.common.collect.Maps$BiMapConverter                                   : loaded 2 times (x 90B)
Class com.google.common.collect.ImmutableMapEntrySet$RegularEntrySet                  : loaded 2 times (x 152B)
Class com.google.common.collect.SetMultimap                                           : loaded 2 times (x 70B)
Class com.google.common.collect.ImmutableSet$Builder                                  : loaded 2 times (x 85B)
Class com.google.common.cache.LocalCache$EntryFactory$4                               : loaded 2 times (x 83B)
Class com.google.common.base.CharMatcher$InRange                                      : loaded 2 times (x 111B)
Class kotlin.sequences.ConstrainedOnceSequence                                        : loaded 2 times (x 75B)
Class com.google.common.cache.LocalCache$EntryFactory$5                               : loaded 2 times (x 83B)
Class kotlin.time.Duration                                                            : loaded 2 times (x 74B)
Class [Lkotlin.reflect.KProperty;                                                     : loaded 2 times (x 69B)
Class kotlin.jvm.internal.markers.KMappedMarker                                       : loaded 2 times (x 70B)
Class kotlin.sequences.FlatteningSequence                                             : loaded 2 times (x 75B)
Class com.google.common.collect.HashMultimap                                          : loaded 2 times (x 174B)
Class com.google.common.cache.LocalCache$EntryFactory$6                               : loaded 2 times (x 83B)
Class org.gradle.internal.installation.CurrentGradleInstallationLocator               : loaded 2 times (x 71B)
Class kotlin.coroutines.jvm.internal.SpillingKt                                       : loaded 2 times (x 71B)
Class [Lkotlin.io.FileWalkDirection;                                                  : loaded 2 times (x 69B)
Class org.objectweb.asm.ClassReader                                                   : loaded 2 times (x 94B)
Class com.google.common.collect.Maps$KeySet                                           : loaded 2 times (x 137B)
Class com.google.common.collect.ImmutableSet$EmptySetBuilderImpl                      : loaded 2 times (x 76B)
Class com.google.common.cache.LocalCache$EntryFactory$7                               : loaded 2 times (x 83B)
Class com.google.common.collect.ImmutableList                                         : loaded 2 times (x 206B)
Class org.gradle.internal.service.DefaultServiceLocator                               : loaded 2 times (x 83B)
Class kotlin.reflect.KMutableProperty0                                                : loaded 2 times (x 70B)
Class kotlin.reflect.KClassifier                                                      : loaded 2 times (x 70B)
Class kotlin.io.FileTreeWalk                                                          : loaded 2 times (x 75B)
Class kotlin.coroutines.jvm.internal.SuspendFunction                                  : loaded 2 times (x 70B)
Class com.google.common.collect.Maps$EntrySet                                         : loaded 2 times (x 136B)
Class com.google.common.cache.LocalCache$EntryFactory$8                               : loaded 2 times (x 83B)
Class com.google.common.collect.ImmutableSet$SetBuilderImpl                           : loaded 2 times (x 76B)
Class org.gradle.internal.installation.CurrentGradleInstallation                      : loaded 2 times (x 73B)
Class kotlin.jvm.internal.Ref$BooleanRef                                              : loaded 2 times (x 71B)
Class kotlin.jvm.internal.StringCompanionObject                                       : loaded 2 times (x 71B)
Class kotlin.reflect.KMutableProperty1                                                : loaded 2 times (x 70B)
Class kotlin.coroutines.intrinsics.IntrinsicsKt__IntrinsicsJvmKt                      : loaded 2 times (x 71B)
Class kotlin.coroutines.jvm.internal.CoroutineStackFrame                              : loaded 2 times (x 70B)
Class com.google.common.cache.CacheLoader$1                                           : loaded 2 times (x 75B)
Class com.google.common.collect.ImmutableList$SubList                                 : loaded 2 times (x 209B)
Class org.gradle.util.internal.GUtil                                                  : loaded 2 times (x 71B)
Class kotlin.reflect.KMutableProperty2                                                : loaded 2 times (x 70B)
Class kotlin.io.NoSuchFileException                                                   : loaded 2 times (x 82B)
Class kotlin.collections.CollectionsKt                                                : loaded 2 times (x 71B)
Class com.google.common.io.ByteSource                                                 : loaded 2 times (x 84B)
Class com.google.common.cache.AbstractCache$StatsCounter                              : loaded 2 times (x 70B)
Class kotlin.time.DurationUnitKt                                                      : loaded 2 times (x 71B)
Class kotlin.coroutines.jvm.internal.DebugProbesKt                                    : loaded 2 times (x 71B)
Class kotlin.coroutines.CoroutineContext                                              : loaded 2 times (x 70B)
Class com.google.common.collect.MapMakerInternalMap$1                                 : loaded 2 times (x 83B)
Class org.objectweb.asm.Context                                                       : loaded 2 times (x 72B)
Class com.google.common.collect.Iterators$MergingIterator                             : loaded 2 times (x 81B)
Class com.google.common.collect.RegularImmutableSet                                   : loaded 2 times (x 149B)
Class org.gradle.internal.installation.GradleInstallation                             : loaded 2 times (x 75B)
Class jdk.internal.jimage.decompressor.ResourceDecompressor$StringsProvider           : loaded 2 times (x 70B)
Class com.google.common.base.Splitter$Strategy                                        : loaded 2 times (x 70B)
Class com.google.common.collect.Iterables                                             : loaded 2 times (x 71B)
Class kotlin.io.FileWalkDirection                                                     : loaded 2 times (x 79B)
Class kotlin.jvm.KotlinReflectionNotSupportedError                                    : loaded 2 times (x 82B)
Class kotlin.ranges.IntProgression                                                    : loaded 2 times (x 81B)

---------------  S Y S T E M  ---------------

OS:
 Windows 10 , 64 bit Build 19041 (10.0.19041.5915)
OS uptime: 0 days 14:33 hours

CPU: total 4 (initial active 4) (2 cores per cpu, 2 threads per core) family 6 model 58 stepping 9 microcode 0x21, cx8, cmov, fxsr, ht, mmx, sse, sse2, sse3, ssse3, sse4.1, sse4.2, popcnt, tsc, tscinvbit, avx, aes, erms, clmul, vzeroupper, clflush, rdtscp, f16c
Processor Information for the first 4 processors :
  Max Mhz: 1701, Current Mhz: 1701, Mhz Limit: 1701

Memory: 4k page, system-wide physical 3998M (225M free)
TotalPageFile size 8094M (AvailPageFile size 5M)
current process WorkingSet (physical memory assigned to process): 283M, peak: 572M
current process commit charge ("private bytes"): 815M, peak: 815M

vm_info: OpenJDK 64-Bit Server VM (21.0.10+-14961533-b1163.108) for windows-amd64 JRE (21.0.10+-14961533-b1163.108), built on 2026-03-02T19:58:50Z by "builder" with MS VC++ 16.10 / 16.11 (VS2019)

END.
