#
# There is insufficient memory for the Java Runtime Environment to continue.
# Native memory allocation (malloc) failed to allocate 1113216 bytes. Error detail: Chunk::new
# Possible reasons:
#   The system is out of physical RAM or swap space
#   This process is running with CompressedOops enabled, and the Java Heap may be blocking the growth of the native heap
# Possible solutions:
#   Reduce memory load on the system
#   Increase physical memory or swap space
#   Check if swap backing store is full
#   Decrease Java heap size (-Xmx/-Xms)
#   Decrease number of Java threads
#   Decrease Java thread stack sizes (-Xss)
#   Set larger code cache with -XX:ReservedCodeCacheSize=
#   JVM is running with Zero Based Compressed Oops mode in which the Java heap is
#     placed in the first 32GB address space. The Java Heap base address is the
#     maximum limit for the native heap growth. Please use -XX:HeapBaseMinAddress
#     to set the Java Heap base and to place the Java Heap above 32GB virtual address.
# This output file may be truncated or incomplete.
#
#  Out of Memory Error (arena.cpp:168), pid=94628, tid=91560
#
# JRE version: OpenJDK Runtime Environment (21.0.10) (build 21.0.10+-14961533-b1163.108)
# Java VM: OpenJDK 64-Bit Server VM (21.0.10+-14961533-b1163.108, mixed mode, tiered, compressed oops, compressed class ptrs, g1 gc, windows-amd64)
# No core dump will be written. Minidumps are not enabled by default on client versions of Windows
#

---------------  S U M M A R Y ------------

Command Line: --add-opens=java.base/java.lang=ALL-UNNAMED --add-opens=java.base/java.lang.invoke=ALL-UNNAMED --add-opens=java.base/java.util=ALL-UNNAMED --add-opens=java.prefs/java.util.prefs=ALL-UNNAMED --add-exports=jdk.compiler/com.sun.tools.javac.api=ALL-UNNAMED --add-exports=jdk.compiler/com.sun.tools.javac.util=ALL-UNNAMED --add-opens=java.base/java.util=ALL-UNNAMED --add-opens=java.prefs/java.util.prefs=ALL-UNNAMED --add-opens=java.base/java.nio.charset=ALL-UNNAMED --add-opens=java.base/java.net=ALL-UNNAMED --add-opens=java.base/java.util.concurrent=ALL-UNNAMED --add-opens=java.base/java.util.concurrent.atomic=ALL-UNNAMED --add-opens=java.xml/javax.xml.namespace=ALL-UNNAMED --add-opens=java.base/java.time=ALL-UNNAMED -Xmx4g -Dfile.encoding=UTF-8 -Duser.country=US -Duser.language=en -Duser.variant -javaagent:C:\Users\AKUMA\.gradle\wrapper\dists\gradle-9.3.1-bin\23ovyewtku6u96viwx3xl3oks\gradle-9.3.1\lib\agents\gradle-instrumentation-agent-9.3.1.jar org.gradle.launcher.daemon.bootstrap.GradleDaemon 9.3.1

Host: Intel(R) Core(TM) i5-3317U CPU @ 1.70GHz, 4 cores, 3G,  Windows 10 , 64 bit Build 19041 (10.0.19041.5915)
Time: Mon Jul 27 19:16:11 2026 W. Central Africa Standard Time elapsed time: 144.217097 seconds (0d 0h 2m 24s)

---------------  T H R E A D  ---------------

Current thread (0x000002322e105500):  JavaThread "C2 CompilerThread0" daemon [_thread_in_native, id=91560, stack(0x000000ada1300000,0x000000ada1400000) (1024K)]


Current CompileTask:
C2:144222 12952   !   4       org.jetbrains.kotlin.metadata.ProtoBuf$Function::<init> (1811 bytes)

Stack: [0x000000ada1300000,0x000000ada1400000]
Native frames: (J=compiled Java code, j=interpreted, Vv=VM code, C=native code)
V  [jvm.dll+0x6d78a9]
V  [jvm.dll+0x8665b3]
V  [jvm.dll+0x868bde]
V  [jvm.dll+0x8692c3]
V  [jvm.dll+0x280ee6]
V  [jvm.dll+0xc07cd]
V  [jvm.dll+0xc0d03]
V  [jvm.dll+0x2f6170]
V  [jvm.dll+0x6003e9]
V  [jvm.dll+0x252ce2]
V  [jvm.dll+0x24b58a]
V  [jvm.dll+0x24909e]
V  [jvm.dll+0x1c76e4]
V  [jvm.dll+0x25891e]
V  [jvm.dll+0x256e66]
V  [jvm.dll+0x3f513e]
V  [jvm.dll+0x80fd28]
V  [jvm.dll+0x6d60fd]
C  [ucrtbase.dll+0x21bb2]
C  [KERNEL32.DLL+0x17374]
C  [ntdll.dll+0x4cc91]


---------------  P R O C E S S  ---------------

Threads class SMR info:
_java_thread_list=0x0000023235d7d090, length=46, elements={
0x00000232148ffb60, 0x000002322e0c9710, 0x000002322e0e7860, 0x000002322e0e8a60,
0x000002322e0f2060, 0x000002322e0f32d0, 0x000002322e0f5d40, 0x000002322e0f67a0,
0x000002322e105500, 0x000002322e1067b0, 0x000002322e45fc90, 0x0000023234658050,
0x0000023233fc9dc0, 0x0000023233f33020, 0x0000023233e83b20, 0x000002322e308630,
0x000002322e929e40, 0x0000023233e7cc80, 0x0000023233e7d310, 0x0000023233e7d9a0,
0x0000023233e7c5f0, 0x0000023233e7a520, 0x0000023233e7b8d0, 0x0000023233e7abb0,
0x0000023235e5e4b0, 0x0000023235e63370, 0x0000023235e5eb40, 0x0000023235e64090,
0x0000023235e5f860, 0x0000023235e62ce0, 0x0000023235e64720, 0x0000023235e61930,
0x0000023235e64db0, 0x0000023235e612a0, 0x0000023235e61fc0, 0x0000023235e5de20,
0x0000023235e5f1d0, 0x0000023235e60c10, 0x00000232353ff9b0, 0x0000023235401a80,
0x00000232354013f0, 0x0000023235400040, 0x00000232354006d0, 0x00000232353fec90,
0x00000232353ff320, 0x0000023236fe8f00
}

Java Threads: ( => current thread )
  0x00000232148ffb60 JavaThread "main"                              [_thread_blocked, id=90348, stack(0x000000ada0400000,0x000000ada0500000) (1024K)]
  0x000002322e0c9710 JavaThread "Common-Cleaner"             daemon [_thread_blocked, id=92544, stack(0x000000ada0c00000,0x000000ada0d00000) (1024K)]
  0x000002322e0e7860 JavaThread "Reference Handler"          daemon [_thread_blocked, id=94532, stack(0x000000ada0d00000,0x000000ada0e00000) (1024K)]
  0x000002322e0e8a60 JavaThread "Finalizer"                  daemon [_thread_blocked, id=92708, stack(0x000000ada0e00000,0x000000ada0f00000) (1024K)]
  0x000002322e0f2060 JavaThread "Signal Dispatcher"          daemon [_thread_blocked, id=87224, stack(0x000000ada0f00000,0x000000ada1000000) (1024K)]
  0x000002322e0f32d0 JavaThread "Attach Listener"            daemon [_thread_blocked, id=93160, stack(0x000000ada1000000,0x000000ada1100000) (1024K)]
  0x000002322e0f5d40 JavaThread "Service Thread"             daemon [_thread_blocked, id=91836, stack(0x000000ada1100000,0x000000ada1200000) (1024K)]
  0x000002322e0f67a0 JavaThread "Monitor Deflation Thread"   daemon [_thread_blocked, id=93344, stack(0x000000ada1200000,0x000000ada1300000) (1024K)]
=>0x000002322e105500 JavaThread "C2 CompilerThread0"         daemon [_thread_in_native, id=91560, stack(0x000000ada1300000,0x000000ada1400000) (1024K)]
  0x000002322e1067b0 JavaThread "C1 CompilerThread0"         daemon [_thread_blocked, id=92800, stack(0x000000ada1400000,0x000000ada1500000) (1024K)]
  0x000002322e45fc90 JavaThread "Notification Thread"        daemon [_thread_blocked, id=93472, stack(0x000000ada1500000,0x000000ada1600000) (1024K)]
  0x0000023234658050 JavaThread "Daemon health stats"               [_thread_blocked, id=93760, stack(0x000000ada1900000,0x000000ada1a00000) (1024K)]
  0x0000023233fc9dc0 JavaThread "Incoming local TCP Connector on port 54874"        [_thread_in_native, id=93192, stack(0x000000ada1a00000,0x000000ada1b00000) (1024K)]
  0x0000023233f33020 JavaThread "Daemon periodic checks"            [_thread_blocked, id=91704, stack(0x000000ada1b00000,0x000000ada1c00000) (1024K)]
  0x0000023233e83b20 JavaThread "Daemon"                            [_thread_blocked, id=90656, stack(0x000000ada1c00000,0x000000ada1d00000) (1024K)]
  0x000002322e308630 JavaThread "Handler for socket connection from /127.0.0.1:54874 to /127.0.0.1:54875"        [_thread_in_native, id=94928, stack(0x000000ada1d00000,0x000000ada1e00000) (1024K)]
  0x000002322e929e40 JavaThread "Cancel handler"                    [_thread_blocked, id=93168, stack(0x000000ada1e00000,0x000000ada1f00000) (1024K)]
  0x0000023233e7cc80 JavaThread "Daemon worker"                     [_thread_in_native, id=93128, stack(0x000000ada1f00000,0x000000ada2000000) (1024K)]
  0x0000023233e7d310 JavaThread "Asynchronous log dispatcher for DefaultDaemonConnection: socket connection from /127.0.0.1:54874 to /127.0.0.1:54875"        [_thread_blocked, id=92760, stack(0x000000ada2000000,0x000000ada2100000) (1024K)]
  0x0000023233e7d9a0 JavaThread "Stdin handler"                     [_thread_blocked, id=91020, stack(0x000000ada2100000,0x000000ada2200000) (1024K)]
  0x0000023233e7c5f0 JavaThread "Daemon client event forwarder"        [_thread_blocked, id=94564, stack(0x000000ada2200000,0x000000ada2300000) (1024K)]
  0x0000023233e7a520 JavaThread "Cache worker for journal cache (C:\Users\AKUMA\.gradle\caches\journal-1)"        [_thread_blocked, id=94480, stack(0x000000ada2300000,0x000000ada2400000) (1024K)]
  0x0000023233e7b8d0 JavaThread "File lock request listener"        [_thread_in_native, id=89124, stack(0x000000ada2400000,0x000000ada2500000) (1024K)]
  0x0000023233e7abb0 JavaThread "Cache worker for file hash cache (C:\Users\AKUMA\.gradle\caches\9.3.1\fileHashes)"        [_thread_blocked, id=79888, stack(0x000000ada2500000,0x000000ada2600000) (1024K)]
  0x0000023235e5e4b0 JavaThread "Cache worker for file hash cache (F:\local-music-player\.gradle\9.3.1\fileHashes)"        [_thread_blocked, id=89788, stack(0x000000ada2600000,0x000000ada2700000) (1024K)]
  0x0000023235e63370 JavaThread "Cache worker for Build Output Cleanup Cache (F:\local-music-player\.gradle\buildOutputCleanup)"        [_thread_blocked, id=94776, stack(0x000000ada2700000,0x000000ada2800000) (1024K)]
  0x0000023235e5eb40 JavaThread "File watcher server"        daemon [_thread_in_native, id=92540, stack(0x000000ada2800000,0x000000ada2900000) (1024K)]
  0x0000023235e64090 JavaThread "File watcher consumer"      daemon [_thread_blocked, id=90904, stack(0x000000ada2900000,0x000000ada2a00000) (1024K)]
  0x0000023235e5f860 JavaThread "jar transforms"                    [_thread_blocked, id=93720, stack(0x000000ada2a00000,0x000000ada2b00000) (1024K)]
  0x0000023235e62ce0 JavaThread "jar transforms Thread 2"           [_thread_blocked, id=94824, stack(0x000000ada2b00000,0x000000ada2c00000) (1024K)]
  0x0000023235e64720 JavaThread "jar transforms Thread 3"           [_thread_blocked, id=90544, stack(0x000000ada2c00000,0x000000ada2d00000) (1024K)]
  0x0000023235e61930 JavaThread "jar transforms Thread 4"           [_thread_blocked, id=79508, stack(0x000000ada2d00000,0x000000ada2e00000) (1024K)]
  0x0000023235e64db0 JavaThread "Cache worker for checksums cache (F:\local-music-player\.gradle\9.3.1\checksums)"        [_thread_blocked, id=88920, stack(0x000000ada2e00000,0x000000ada2f00000) (1024K)]
  0x0000023235e612a0 JavaThread "Cache worker for file content cache (C:\Users\AKUMA\.gradle\caches\9.3.1\fileContent)"        [_thread_blocked, id=90388, stack(0x000000ada2f00000,0x000000ada3000000) (1024K)]
  0x0000023235e61fc0 JavaThread "Cache worker for cache directory md-supplier (C:\Users\AKUMA\.gradle\caches\9.3.1\md-supplier)"        [_thread_blocked, id=93652, stack(0x000000ada3000000,0x000000ada3100000) (1024K)]
  0x0000023235e5de20 JavaThread "Cache worker for cache directory md-rule (C:\Users\AKUMA\.gradle\caches\9.3.1\md-rule)"        [_thread_blocked, id=91212, stack(0x000000ada3100000,0x000000ada3200000) (1024K)]
  0x0000023235e5f1d0 JavaThread "Unconstrained build operations"        [_thread_blocked, id=92736, stack(0x000000ada3200000,0x000000ada3300000) (1024K)]
  0x0000023235e60c10 JavaThread "Unconstrained build operations Thread 2"        [_thread_blocked, id=92148, stack(0x000000ada3300000,0x000000ada3400000) (1024K)]
  0x00000232353ff9b0 JavaThread "Unconstrained build operations Thread 3"        [_thread_blocked, id=92136, stack(0x000000ada3400000,0x000000ada3500000) (1024K)]
  0x0000023235401a80 JavaThread "Unconstrained build operations Thread 4"        [_thread_blocked, id=79168, stack(0x000000ada3500000,0x000000ada3600000) (1024K)]
  0x00000232354013f0 JavaThread "Unconstrained build operations Thread 5"        [_thread_blocked, id=95332, stack(0x000000ada3600000,0x000000ada3700000) (1024K)]
  0x0000023235400040 JavaThread "Unconstrained build operations Thread 6"        [_thread_blocked, id=95336, stack(0x000000ada3700000,0x000000ada3800000) (1024K)]
  0x00000232354006d0 JavaThread "Unconstrained build operations Thread 7"        [_thread_blocked, id=95340, stack(0x000000ada3800000,0x000000ada3900000) (1024K)]
  0x00000232353fec90 JavaThread "Unconstrained build operations Thread 8"        [_thread_blocked, id=95360, stack(0x000000ada3900000,0x000000ada3a00000) (1024K)]
  0x00000232353ff320 JavaThread "Unconstrained build operations Thread 9"        [_thread_blocked, id=95364, stack(0x000000ada3a00000,0x000000ada3b00000) (1024K)]
  0x0000023236fe8f00 JavaThread "Unconstrained build operations Thread 10"        [_thread_blocked, id=95368, stack(0x000000ada3b00000,0x000000ada3c00000) (1024K)]
Total: 46

Other Threads:
  0x000002322df520e0 VMThread "VM Thread"                           [id=93252, stack(0x000000ada0b00000,0x000000ada0c00000) (1024K)]
  0x000002322debd990 WatcherThread "VM Periodic Task Thread"        [id=82432, stack(0x000000ada0a00000,0x000000ada0b00000) (1024K)]
  0x0000023214968f00 WorkerThread "GC Thread#0"                     [id=90296, stack(0x000000ada0500000,0x000000ada0600000) (1024K)]
  0x000002322e96d090 WorkerThread "GC Thread#1"                     [id=91240, stack(0x000000ada1600000,0x000000ada1700000) (1024K)]
  0x000002322e850150 WorkerThread "GC Thread#2"                     [id=93904, stack(0x000000ada1700000,0x000000ada1800000) (1024K)]
  0x00000232333b5840 WorkerThread "GC Thread#3"                     [id=90680, stack(0x000000ada1800000,0x000000ada1900000) (1024K)]
  0x000002321497af80 ConcurrentGCThread "G1 Main Marker"            [id=92204, stack(0x000000ada0600000,0x000000ada0700000) (1024K)]
  0x000002321497c510 WorkerThread "G1 Conc#0"                       [id=90192, stack(0x000000ada0700000,0x000000ada0800000) (1024K)]
  0x000002322dd8eb10 ConcurrentGCThread "G1 Refine#0"               [id=88512, stack(0x000000ada0800000,0x000000ada0900000) (1024K)]
  0x000002322dd8f5a0 ConcurrentGCThread "G1 Service"                [id=93284, stack(0x000000ada0900000,0x000000ada0a00000) (1024K)]
Total: 10

Threads with active compile tasks:
C2 CompilerThread0  146127 12952   !   4       org.jetbrains.kotlin.metadata.ProtoBuf$Function::<init> (1811 bytes)
Total: 1

VM state: not at safepoint (normal execution)

VM Mutex/Monitor currently owned by a thread: None

Heap address: 0x0000000700000000, size: 4096 MB, Compressed Oops mode: Zero based, Oop shift amount: 3

CDS archive(s) not mapped
Compressed class space mapped at: 0x0000000800000000-0x0000000840000000, reserved size: 1073741824
Narrow klass base: 0x0000000800000000, Narrow klass shift: 0, Narrow klass range: 0x40000000

GC Precious Log:
 CardTable entry size: 512
 Card Set container configuration: InlinePtr #cards 4 size 8 Array Of Cards #cards 16 size 48 Howl #buckets 8 coarsen threshold 3686 Howl Bitmap #cards 512 size 80 coarsen threshold 460 Card regions per heap region 1 cards per card region 4096
 CPUs: 4 total, 4 available
 Memory: 3998M
 Large Page Support: Disabled
 NUMA Support: Disabled
 Compressed Oops: Enabled (Zero based)
 Heap Region Size: 2M
 Heap Min Capacity: 8M
 Heap Initial Capacity: 64M
 Heap Max Capacity: 4G
 Pre-touch: Disabled
 Parallel Workers: 4
 Concurrent Workers: 1
 Concurrent Refinement Workers: 4
 Periodic GC: Disabled

Heap:
 garbage-first heap   total 595968K, used 353417K [0x0000000700000000, 0x0000000800000000)
  region size 2048K, 103 young (210944K), 10 survivors (20480K)
 Metaspace       used 73709K, committed 75392K, reserved 1114112K
  class space    used 10007K, committed 10816K, reserved 1048576K

Heap Regions: E=young(eden), S=young(survivor), O=old, HS=humongous(starts), HC=humongous(continues), CS=collection set, F=free, TAMS=top-at-mark-start, PB=parsable bottom
|   0|0x0000000700000000, 0x0000000700200000, 0x0000000700200000|100%|HS|  |TAMS 0x0000000700000000| PB 0x0000000700000000| Complete 
|   1|0x0000000700200000, 0x0000000700400000, 0x0000000700400000|100%|HC|  |TAMS 0x0000000700200000| PB 0x0000000700200000| Complete 
|   2|0x0000000700400000, 0x0000000700600000, 0x0000000700600000|100%| O|  |TAMS 0x0000000700400000| PB 0x0000000700400000| Untracked 
|   3|0x0000000700600000, 0x0000000700800000, 0x0000000700800000|100%| O|  |TAMS 0x0000000700600000| PB 0x0000000700600000| Untracked 
|   4|0x0000000700800000, 0x0000000700a00000, 0x0000000700a00000|100%| O|  |TAMS 0x0000000700800000| PB 0x0000000700800000| Untracked 
|   5|0x0000000700a00000, 0x0000000700c00000, 0x0000000700c00000|100%| O|  |TAMS 0x0000000700a00000| PB 0x0000000700a00000| Untracked 
|   6|0x0000000700c00000, 0x0000000700e00000, 0x0000000700e00000|100%| O|  |TAMS 0x0000000700c00000| PB 0x0000000700c00000| Untracked 
|   7|0x0000000700e00000, 0x0000000701000000, 0x0000000701000000|100%| O|  |TAMS 0x0000000700e00000| PB 0x0000000700e00000| Untracked 
|   8|0x0000000701000000, 0x0000000701200000, 0x0000000701200000|100%| O|  |TAMS 0x0000000701000000| PB 0x0000000701000000| Untracked 
|   9|0x0000000701200000, 0x0000000701400000, 0x0000000701400000|100%| O|  |TAMS 0x0000000701200000| PB 0x0000000701200000| Untracked 
|  10|0x0000000701400000, 0x0000000701600000, 0x0000000701600000|100%| O|  |TAMS 0x0000000701400000| PB 0x0000000701400000| Untracked 
|  11|0x0000000701600000, 0x0000000701800000, 0x0000000701800000|100%| O|  |TAMS 0x0000000701600000| PB 0x0000000701600000| Untracked 
|  12|0x0000000701800000, 0x0000000701a00000, 0x0000000701a00000|100%|HS|  |TAMS 0x0000000701800000| PB 0x0000000701800000| Complete 
|  13|0x0000000701a00000, 0x0000000701c00000, 0x0000000701c00000|100%|HC|  |TAMS 0x0000000701a00000| PB 0x0000000701a00000| Complete 
|  14|0x0000000701c00000, 0x0000000701e00000, 0x0000000701e00000|100%|HC|  |TAMS 0x0000000701c00000| PB 0x0000000701c00000| Complete 
|  15|0x0000000701e00000, 0x0000000702000000, 0x0000000702000000|100%|HS|  |TAMS 0x0000000701e00000| PB 0x0000000701e00000| Complete 
|  16|0x0000000702000000, 0x0000000702200000, 0x0000000702200000|100%| O|  |TAMS 0x0000000702000000| PB 0x0000000702000000| Untracked 
|  17|0x0000000702200000, 0x0000000702400000, 0x0000000702400000|100%| O|  |TAMS 0x0000000702200000| PB 0x0000000702200000| Untracked 
|  18|0x0000000702400000, 0x0000000702600000, 0x0000000702600000|100%|HS|  |TAMS 0x0000000702400000| PB 0x0000000702400000| Complete 
|  19|0x0000000702600000, 0x0000000702800000, 0x0000000702800000|100%|HC|  |TAMS 0x0000000702600000| PB 0x0000000702600000| Complete 
|  20|0x0000000702800000, 0x0000000702a00000, 0x0000000702a00000|100%|HC|  |TAMS 0x0000000702800000| PB 0x0000000702800000| Complete 
|  21|0x0000000702a00000, 0x0000000702c00000, 0x0000000702c00000|100%| O|  |TAMS 0x0000000702a00000| PB 0x0000000702a00000| Untracked 
|  22|0x0000000702c00000, 0x0000000702e00000, 0x0000000702e00000|100%|HS|  |TAMS 0x0000000702c00000| PB 0x0000000702c00000| Complete 
|  23|0x0000000702e00000, 0x0000000703000000, 0x0000000703000000|100%| O|  |TAMS 0x0000000702e00000| PB 0x0000000702e00000| Untracked 
|  24|0x0000000703000000, 0x0000000703200000, 0x0000000703200000|100%| O|  |TAMS 0x0000000703000000| PB 0x0000000703000000| Untracked 
|  25|0x0000000703200000, 0x0000000703400000, 0x0000000703400000|100%| O|  |TAMS 0x0000000703200000| PB 0x0000000703200000| Untracked 
|  26|0x0000000703400000, 0x0000000703600000, 0x0000000703600000|100%| O|  |TAMS 0x0000000703400000| PB 0x0000000703400000| Untracked 
|  27|0x0000000703600000, 0x0000000703800000, 0x0000000703800000|100%| O|  |TAMS 0x0000000703600000| PB 0x0000000703600000| Untracked 
|  28|0x0000000703800000, 0x0000000703a00000, 0x0000000703a00000|100%| O|  |TAMS 0x0000000703800000| PB 0x0000000703800000| Untracked 
|  29|0x0000000703a00000, 0x0000000703c00000, 0x0000000703c00000|100%| O|  |TAMS 0x0000000703a00000| PB 0x0000000703a00000| Untracked 
|  30|0x0000000703c00000, 0x0000000703e00000, 0x0000000703e00000|100%| O|  |TAMS 0x0000000703c00000| PB 0x0000000703c00000| Untracked 
|  31|0x0000000703e00000, 0x0000000704000000, 0x0000000704000000|100%| O|  |TAMS 0x0000000703e00000| PB 0x0000000703e00000| Untracked 
|  32|0x0000000704000000, 0x0000000704200000, 0x0000000704200000|100%| O|  |TAMS 0x0000000704000000| PB 0x0000000704000000| Untracked 
|  33|0x0000000704200000, 0x0000000704400000, 0x0000000704400000|100%| O|  |TAMS 0x0000000704200000| PB 0x0000000704200000| Untracked 
|  34|0x0000000704400000, 0x0000000704600000, 0x0000000704600000|100%|HS|  |TAMS 0x0000000704400000| PB 0x0000000704400000| Complete 
|  35|0x0000000704600000, 0x0000000704800000, 0x0000000704800000|100%| O|  |TAMS 0x0000000704600000| PB 0x0000000704600000| Untracked 
|  36|0x0000000704800000, 0x0000000704a00000, 0x0000000704a00000|100%| O|  |TAMS 0x0000000704800000| PB 0x0000000704800000| Untracked 
|  37|0x0000000704a00000, 0x0000000704c00000, 0x0000000704c00000|100%| O|  |TAMS 0x0000000704a00000| PB 0x0000000704a00000| Untracked 
|  38|0x0000000704c00000, 0x0000000704e00000, 0x0000000704e00000|100%| O|  |TAMS 0x0000000704c00000| PB 0x0000000704c00000| Untracked 
|  39|0x0000000704e00000, 0x0000000705000000, 0x0000000705000000|100%| O|  |TAMS 0x0000000704e00000| PB 0x0000000704e00000| Untracked 
|  40|0x0000000705000000, 0x0000000705200000, 0x0000000705200000|100%| O|  |TAMS 0x0000000705000000| PB 0x0000000705000000| Untracked 
|  41|0x0000000705200000, 0x0000000705400000, 0x0000000705400000|100%| O|  |TAMS 0x0000000705200000| PB 0x0000000705200000| Untracked 
|  42|0x0000000705400000, 0x0000000705600000, 0x0000000705600000|100%| O|  |TAMS 0x0000000705400000| PB 0x0000000705400000| Untracked 
|  43|0x0000000705600000, 0x0000000705800000, 0x0000000705800000|100%| O|  |TAMS 0x0000000705600000| PB 0x0000000705600000| Untracked 
|  44|0x0000000705800000, 0x0000000705a00000, 0x0000000705a00000|100%| O|  |TAMS 0x0000000705800000| PB 0x0000000705800000| Untracked 
|  45|0x0000000705a00000, 0x0000000705c00000, 0x0000000705c00000|100%| O|  |TAMS 0x0000000705a00000| PB 0x0000000705a00000| Untracked 
|  46|0x0000000705c00000, 0x0000000705e00000, 0x0000000705e00000|100%| O|  |TAMS 0x0000000705c00000| PB 0x0000000705c00000| Untracked 
|  47|0x0000000705e00000, 0x0000000706000000, 0x0000000706000000|100%| O|  |TAMS 0x0000000705e00000| PB 0x0000000705e00000| Untracked 
|  48|0x0000000706000000, 0x0000000706200000, 0x0000000706200000|100%| O|  |TAMS 0x0000000706000000| PB 0x0000000706000000| Untracked 
|  49|0x0000000706200000, 0x0000000706400000, 0x0000000706400000|100%| O|  |TAMS 0x0000000706200000| PB 0x0000000706200000| Untracked 
|  50|0x0000000706400000, 0x0000000706600000, 0x0000000706600000|100%| O|  |TAMS 0x0000000706400000| PB 0x0000000706400000| Untracked 
|  51|0x0000000706600000, 0x0000000706800000, 0x0000000706800000|100%| O|  |TAMS 0x0000000706600000| PB 0x0000000706600000| Untracked 
|  52|0x0000000706800000, 0x0000000706a00000, 0x0000000706a00000|100%| O|  |TAMS 0x0000000706800000| PB 0x0000000706800000| Untracked 
|  53|0x0000000706a00000, 0x0000000706c00000, 0x0000000706c00000|100%| O|  |TAMS 0x0000000706a00000| PB 0x0000000706a00000| Untracked 
|  54|0x0000000706c00000, 0x0000000706e00000, 0x0000000706e00000|100%| O|  |TAMS 0x0000000706c00000| PB 0x0000000706c00000| Untracked 
|  55|0x0000000706e00000, 0x0000000707000000, 0x0000000707000000|100%| O|  |TAMS 0x0000000706e00000| PB 0x0000000706e00000| Untracked 
|  56|0x0000000707000000, 0x0000000707200000, 0x0000000707200000|100%| O|  |TAMS 0x0000000707000000| PB 0x0000000707000000| Untracked 
|  57|0x0000000707200000, 0x0000000707400000, 0x0000000707400000|100%| O|  |TAMS 0x0000000707200000| PB 0x0000000707200000| Untracked 
|  58|0x0000000707400000, 0x0000000707600000, 0x0000000707600000|100%| O|  |TAMS 0x0000000707400000| PB 0x0000000707400000| Untracked 
|  59|0x0000000707600000, 0x0000000707800000, 0x0000000707800000|100%| O|  |TAMS 0x0000000707600000| PB 0x0000000707600000| Untracked 
|  60|0x0000000707800000, 0x0000000707a00000, 0x0000000707a00000|100%| O|  |TAMS 0x0000000707800000| PB 0x0000000707800000| Untracked 
|  61|0x0000000707a00000, 0x0000000707c00000, 0x0000000707c00000|100%| O|  |TAMS 0x0000000707a00000| PB 0x0000000707a00000| Untracked 
|  62|0x0000000707c00000, 0x0000000707e00000, 0x0000000707e00000|100%| O|  |TAMS 0x0000000707c00000| PB 0x0000000707c00000| Untracked 
|  63|0x0000000707e00000, 0x0000000708000000, 0x0000000708000000|100%| O|  |TAMS 0x0000000707e00000| PB 0x0000000707e00000| Untracked 
|  64|0x0000000708000000, 0x0000000708200000, 0x0000000708200000|100%| O|  |TAMS 0x0000000708000000| PB 0x0000000708000000| Untracked 
|  65|0x0000000708200000, 0x0000000708400000, 0x0000000708400000|100%| O|  |TAMS 0x0000000708200000| PB 0x0000000708200000| Untracked 
|  66|0x0000000708400000, 0x0000000708600000, 0x0000000708600000|100%| O|  |TAMS 0x0000000708400000| PB 0x0000000708400000| Untracked 
|  67|0x0000000708600000, 0x0000000708800000, 0x0000000708800000|100%| O|  |TAMS 0x0000000708600000| PB 0x0000000708600000| Untracked 
|  68|0x0000000708800000, 0x0000000708a00000, 0x0000000708a00000|100%| O|  |TAMS 0x0000000708800000| PB 0x0000000708800000| Untracked 
|  69|0x0000000708a00000, 0x0000000708c00000, 0x0000000708c00000|100%| O|  |TAMS 0x0000000708a00000| PB 0x0000000708a00000| Untracked 
|  70|0x0000000708c00000, 0x0000000708d22400, 0x0000000708e00000| 56%| O|  |TAMS 0x0000000708c00000| PB 0x0000000708c00000| Untracked 
|  71|0x0000000708e00000, 0x0000000708e00000, 0x0000000709000000|  0%| F|  |TAMS 0x0000000708e00000| PB 0x0000000708e00000| Untracked 
|  72|0x0000000709000000, 0x0000000709000000, 0x0000000709200000|  0%| F|  |TAMS 0x0000000709000000| PB 0x0000000709000000| Untracked 
|  73|0x0000000709200000, 0x0000000709200000, 0x0000000709400000|  0%| F|  |TAMS 0x0000000709200000| PB 0x0000000709200000| Untracked 
|  74|0x0000000709400000, 0x0000000709400000, 0x0000000709600000|  0%| F|  |TAMS 0x0000000709400000| PB 0x0000000709400000| Untracked 
|  75|0x0000000709600000, 0x0000000709600000, 0x0000000709800000|  0%| F|  |TAMS 0x0000000709600000| PB 0x0000000709600000| Untracked 
|  76|0x0000000709800000, 0x0000000709800000, 0x0000000709a00000|  0%| F|  |TAMS 0x0000000709800000| PB 0x0000000709800000| Untracked 
|  77|0x0000000709a00000, 0x0000000709a00000, 0x0000000709c00000|  0%| F|  |TAMS 0x0000000709a00000| PB 0x0000000709a00000| Untracked 
|  78|0x0000000709c00000, 0x0000000709c00000, 0x0000000709e00000|  0%| F|  |TAMS 0x0000000709c00000| PB 0x0000000709c00000| Untracked 
|  79|0x0000000709e00000, 0x0000000709e00000, 0x000000070a000000|  0%| F|  |TAMS 0x0000000709e00000| PB 0x0000000709e00000| Untracked 
|  80|0x000000070a000000, 0x000000070a000000, 0x000000070a200000|  0%| F|  |TAMS 0x000000070a000000| PB 0x000000070a000000| Untracked 
|  81|0x000000070a200000, 0x000000070a200000, 0x000000070a400000|  0%| F|  |TAMS 0x000000070a200000| PB 0x000000070a200000| Untracked 
|  82|0x000000070a400000, 0x000000070a400000, 0x000000070a600000|  0%| F|  |TAMS 0x000000070a400000| PB 0x000000070a400000| Untracked 
|  83|0x000000070a600000, 0x000000070a600000, 0x000000070a800000|  0%| F|  |TAMS 0x000000070a600000| PB 0x000000070a600000| Untracked 
|  84|0x000000070a800000, 0x000000070a800000, 0x000000070aa00000|  0%| F|  |TAMS 0x000000070a800000| PB 0x000000070a800000| Untracked 
|  85|0x000000070aa00000, 0x000000070aa00000, 0x000000070ac00000|  0%| F|  |TAMS 0x000000070aa00000| PB 0x000000070aa00000| Untracked 
|  86|0x000000070ac00000, 0x000000070ac00000, 0x000000070ae00000|  0%| F|  |TAMS 0x000000070ac00000| PB 0x000000070ac00000| Untracked 
|  87|0x000000070ae00000, 0x000000070ae00000, 0x000000070b000000|  0%| F|  |TAMS 0x000000070ae00000| PB 0x000000070ae00000| Untracked 
|  88|0x000000070b000000, 0x000000070b000000, 0x000000070b200000|  0%| F|  |TAMS 0x000000070b000000| PB 0x000000070b000000| Untracked 
|  89|0x000000070b200000, 0x000000070b200000, 0x000000070b400000|  0%| F|  |TAMS 0x000000070b200000| PB 0x000000070b200000| Untracked 
|  90|0x000000070b400000, 0x000000070b400000, 0x000000070b600000|  0%| F|  |TAMS 0x000000070b400000| PB 0x000000070b400000| Untracked 
|  91|0x000000070b600000, 0x000000070b600000, 0x000000070b800000|  0%| F|  |TAMS 0x000000070b600000| PB 0x000000070b600000| Untracked 
|  92|0x000000070b800000, 0x000000070b800000, 0x000000070ba00000|  0%| F|  |TAMS 0x000000070b800000| PB 0x000000070b800000| Untracked 
|  93|0x000000070ba00000, 0x000000070ba00000, 0x000000070bc00000|  0%| F|  |TAMS 0x000000070ba00000| PB 0x000000070ba00000| Untracked 
|  94|0x000000070bc00000, 0x000000070bc00000, 0x000000070be00000|  0%| F|  |TAMS 0x000000070bc00000| PB 0x000000070bc00000| Untracked 
|  95|0x000000070be00000, 0x000000070be00000, 0x000000070c000000|  0%| F|  |TAMS 0x000000070be00000| PB 0x000000070be00000| Untracked 
|  96|0x000000070c000000, 0x000000070c000000, 0x000000070c200000|  0%| F|  |TAMS 0x000000070c000000| PB 0x000000070c000000| Untracked 
|  97|0x000000070c200000, 0x000000070c200000, 0x000000070c400000|  0%| F|  |TAMS 0x000000070c200000| PB 0x000000070c200000| Untracked 
|  98|0x000000070c400000, 0x000000070c400000, 0x000000070c600000|  0%| F|  |TAMS 0x000000070c400000| PB 0x000000070c400000| Untracked 
|  99|0x000000070c600000, 0x000000070c600000, 0x000000070c800000|  0%| F|  |TAMS 0x000000070c600000| PB 0x000000070c600000| Untracked 
| 100|0x000000070c800000, 0x000000070c800000, 0x000000070ca00000|  0%| F|  |TAMS 0x000000070c800000| PB 0x000000070c800000| Untracked 
| 101|0x000000070ca00000, 0x000000070ca00000, 0x000000070cc00000|  0%| F|  |TAMS 0x000000070ca00000| PB 0x000000070ca00000| Untracked 
| 102|0x000000070cc00000, 0x000000070cc00000, 0x000000070ce00000|  0%| F|  |TAMS 0x000000070cc00000| PB 0x000000070cc00000| Untracked 
| 103|0x000000070ce00000, 0x000000070ce00000, 0x000000070d000000|  0%| F|  |TAMS 0x000000070ce00000| PB 0x000000070ce00000| Untracked 
| 104|0x000000070d000000, 0x000000070d000000, 0x000000070d200000|  0%| F|  |TAMS 0x000000070d000000| PB 0x000000070d000000| Untracked 
| 105|0x000000070d200000, 0x000000070d200000, 0x000000070d400000|  0%| F|  |TAMS 0x000000070d200000| PB 0x000000070d200000| Untracked 
| 106|0x000000070d400000, 0x000000070d400000, 0x000000070d600000|  0%| F|  |TAMS 0x000000070d400000| PB 0x000000070d400000| Untracked 
| 107|0x000000070d600000, 0x000000070d600000, 0x000000070d800000|  0%| F|  |TAMS 0x000000070d600000| PB 0x000000070d600000| Untracked 
| 108|0x000000070d800000, 0x000000070d800000, 0x000000070da00000|  0%| F|  |TAMS 0x000000070d800000| PB 0x000000070d800000| Untracked 
| 109|0x000000070da00000, 0x000000070da00000, 0x000000070dc00000|  0%| F|  |TAMS 0x000000070da00000| PB 0x000000070da00000| Untracked 
| 110|0x000000070dc00000, 0x000000070dc00000, 0x000000070de00000|  0%| F|  |TAMS 0x000000070dc00000| PB 0x000000070dc00000| Untracked 
| 111|0x000000070de00000, 0x000000070de00000, 0x000000070e000000|  0%| F|  |TAMS 0x000000070de00000| PB 0x000000070de00000| Untracked 
| 112|0x000000070e000000, 0x000000070e000000, 0x000000070e200000|  0%| F|  |TAMS 0x000000070e000000| PB 0x000000070e000000| Untracked 
| 113|0x000000070e200000, 0x000000070e200000, 0x000000070e400000|  0%| F|  |TAMS 0x000000070e200000| PB 0x000000070e200000| Untracked 
| 114|0x000000070e400000, 0x000000070e600000, 0x000000070e600000|100%| S|CS|TAMS 0x000000070e400000| PB 0x000000070e400000| Complete 
| 115|0x000000070e600000, 0x000000070e800000, 0x000000070e800000|100%| S|CS|TAMS 0x000000070e600000| PB 0x000000070e600000| Complete 
| 116|0x000000070e800000, 0x000000070e800000, 0x000000070ea00000|  0%| F|  |TAMS 0x000000070e800000| PB 0x000000070e800000| Untracked 
| 117|0x000000070ea00000, 0x000000070ea00000, 0x000000070ec00000|  0%| F|  |TAMS 0x000000070ea00000| PB 0x000000070ea00000| Untracked 
| 118|0x000000070ec00000, 0x000000070ec00000, 0x000000070ee00000|  0%| F|  |TAMS 0x000000070ec00000| PB 0x000000070ec00000| Untracked 
| 119|0x000000070ee00000, 0x000000070ee00000, 0x000000070f000000|  0%| F|  |TAMS 0x000000070ee00000| PB 0x000000070ee00000| Untracked 
| 120|0x000000070f000000, 0x000000070f000000, 0x000000070f200000|  0%| F|  |TAMS 0x000000070f000000| PB 0x000000070f000000| Untracked 
| 121|0x000000070f200000, 0x000000070f400000, 0x000000070f400000|100%| S|CS|TAMS 0x000000070f200000| PB 0x000000070f200000| Complete 
| 122|0x000000070f400000, 0x000000070f400000, 0x000000070f600000|  0%| F|  |TAMS 0x000000070f400000| PB 0x000000070f400000| Untracked 
| 123|0x000000070f600000, 0x000000070f600000, 0x000000070f800000|  0%| F|  |TAMS 0x000000070f600000| PB 0x000000070f600000| Untracked 
| 124|0x000000070f800000, 0x000000070fa00000, 0x000000070fa00000|100%| S|CS|TAMS 0x000000070f800000| PB 0x000000070f800000| Complete 
| 125|0x000000070fa00000, 0x000000070fc00000, 0x000000070fc00000|100%| S|CS|TAMS 0x000000070fa00000| PB 0x000000070fa00000| Complete 
| 126|0x000000070fc00000, 0x000000070fc00000, 0x000000070fe00000|  0%| F|  |TAMS 0x000000070fc00000| PB 0x000000070fc00000| Untracked 
| 127|0x000000070fe00000, 0x000000070fe00000, 0x0000000710000000|  0%| F|  |TAMS 0x000000070fe00000| PB 0x000000070fe00000| Untracked 
| 128|0x0000000710000000, 0x0000000710200000, 0x0000000710200000|100%| S|CS|TAMS 0x0000000710000000| PB 0x0000000710000000| Complete 
| 129|0x0000000710200000, 0x0000000710400000, 0x0000000710400000|100%| S|CS|TAMS 0x0000000710200000| PB 0x0000000710200000| Complete 
| 130|0x0000000710400000, 0x0000000710600000, 0x0000000710600000|100%| S|CS|TAMS 0x0000000710400000| PB 0x0000000710400000| Complete 
| 131|0x0000000710600000, 0x0000000710800000, 0x0000000710800000|100%| S|CS|TAMS 0x0000000710600000| PB 0x0000000710600000| Complete 
| 132|0x0000000710800000, 0x0000000710a00000, 0x0000000710a00000|100%| S|CS|TAMS 0x0000000710800000| PB 0x0000000710800000| Complete 
| 133|0x0000000710a00000, 0x0000000710a00000, 0x0000000710c00000|  0%| F|  |TAMS 0x0000000710a00000| PB 0x0000000710a00000| Untracked 
| 134|0x0000000710c00000, 0x0000000710c00000, 0x0000000710e00000|  0%| F|  |TAMS 0x0000000710c00000| PB 0x0000000710c00000| Untracked 
| 135|0x0000000710e00000, 0x0000000710e00000, 0x0000000711000000|  0%| F|  |TAMS 0x0000000710e00000| PB 0x0000000710e00000| Untracked 
| 136|0x0000000711000000, 0x0000000711000000, 0x0000000711200000|  0%| F|  |TAMS 0x0000000711000000| PB 0x0000000711000000| Untracked 
| 137|0x0000000711200000, 0x0000000711200000, 0x0000000711400000|  0%| F|  |TAMS 0x0000000711200000| PB 0x0000000711200000| Untracked 
| 138|0x0000000711400000, 0x0000000711400000, 0x0000000711600000|  0%| F|  |TAMS 0x0000000711400000| PB 0x0000000711400000| Untracked 
| 139|0x0000000711600000, 0x0000000711600000, 0x0000000711800000|  0%| F|  |TAMS 0x0000000711600000| PB 0x0000000711600000| Untracked 
| 140|0x0000000711800000, 0x0000000711800000, 0x0000000711a00000|  0%| F|  |TAMS 0x0000000711800000| PB 0x0000000711800000| Untracked 
| 141|0x0000000711a00000, 0x0000000711a00000, 0x0000000711c00000|  0%| F|  |TAMS 0x0000000711a00000| PB 0x0000000711a00000| Untracked 
| 142|0x0000000711c00000, 0x0000000711c00000, 0x0000000711e00000|  0%| F|  |TAMS 0x0000000711c00000| PB 0x0000000711c00000| Untracked 
| 143|0x0000000711e00000, 0x0000000711e00000, 0x0000000712000000|  0%| F|  |TAMS 0x0000000711e00000| PB 0x0000000711e00000| Untracked 
| 144|0x0000000712000000, 0x0000000712000000, 0x0000000712200000|  0%| F|  |TAMS 0x0000000712000000| PB 0x0000000712000000| Untracked 
| 145|0x0000000712200000, 0x0000000712200000, 0x0000000712400000|  0%| F|  |TAMS 0x0000000712200000| PB 0x0000000712200000| Untracked 
| 146|0x0000000712400000, 0x0000000712400000, 0x0000000712600000|  0%| F|  |TAMS 0x0000000712400000| PB 0x0000000712400000| Untracked 
| 147|0x0000000712600000, 0x0000000712600000, 0x0000000712800000|  0%| F|  |TAMS 0x0000000712600000| PB 0x0000000712600000| Untracked 
| 148|0x0000000712800000, 0x0000000712800000, 0x0000000712a00000|  0%| F|  |TAMS 0x0000000712800000| PB 0x0000000712800000| Untracked 
| 149|0x0000000712a00000, 0x0000000712a00000, 0x0000000712c00000|  0%| F|  |TAMS 0x0000000712a00000| PB 0x0000000712a00000| Untracked 
| 150|0x0000000712c00000, 0x0000000712c00000, 0x0000000712e00000|  0%| F|  |TAMS 0x0000000712c00000| PB 0x0000000712c00000| Untracked 
| 151|0x0000000712e00000, 0x0000000712e00000, 0x0000000713000000|  0%| F|  |TAMS 0x0000000712e00000| PB 0x0000000712e00000| Untracked 
| 152|0x0000000713000000, 0x0000000713000000, 0x0000000713200000|  0%| F|  |TAMS 0x0000000713000000| PB 0x0000000713000000| Untracked 
| 153|0x0000000713200000, 0x0000000713200000, 0x0000000713400000|  0%| F|  |TAMS 0x0000000713200000| PB 0x0000000713200000| Untracked 
| 154|0x0000000713400000, 0x0000000713400000, 0x0000000713600000|  0%| F|  |TAMS 0x0000000713400000| PB 0x0000000713400000| Untracked 
| 155|0x0000000713600000, 0x0000000713600000, 0x0000000713800000|  0%| F|  |TAMS 0x0000000713600000| PB 0x0000000713600000| Untracked 
| 156|0x0000000713800000, 0x0000000713800000, 0x0000000713a00000|  0%| F|  |TAMS 0x0000000713800000| PB 0x0000000713800000| Untracked 
| 157|0x0000000713a00000, 0x0000000713a00000, 0x0000000713c00000|  0%| F|  |TAMS 0x0000000713a00000| PB 0x0000000713a00000| Untracked 
| 158|0x0000000713c00000, 0x0000000713c00000, 0x0000000713e00000|  0%| F|  |TAMS 0x0000000713c00000| PB 0x0000000713c00000| Untracked 
| 159|0x0000000713e00000, 0x0000000713e00000, 0x0000000714000000|  0%| F|  |TAMS 0x0000000713e00000| PB 0x0000000713e00000| Untracked 
| 160|0x0000000714000000, 0x0000000714000000, 0x0000000714200000|  0%| F|  |TAMS 0x0000000714000000| PB 0x0000000714000000| Untracked 
| 161|0x0000000714200000, 0x0000000714200000, 0x0000000714400000|  0%| F|  |TAMS 0x0000000714200000| PB 0x0000000714200000| Untracked 
| 162|0x0000000714400000, 0x0000000714400000, 0x0000000714600000|  0%| F|  |TAMS 0x0000000714400000| PB 0x0000000714400000| Untracked 
| 163|0x0000000714600000, 0x0000000714600000, 0x0000000714800000|  0%| F|  |TAMS 0x0000000714600000| PB 0x0000000714600000| Untracked 
| 164|0x0000000714800000, 0x0000000714800000, 0x0000000714a00000|  0%| F|  |TAMS 0x0000000714800000| PB 0x0000000714800000| Untracked 
| 165|0x0000000714a00000, 0x0000000714a00000, 0x0000000714c00000|  0%| F|  |TAMS 0x0000000714a00000| PB 0x0000000714a00000| Untracked 
| 166|0x0000000714c00000, 0x0000000714c00000, 0x0000000714e00000|  0%| F|  |TAMS 0x0000000714c00000| PB 0x0000000714c00000| Untracked 
| 167|0x0000000714e00000, 0x0000000714e00000, 0x0000000715000000|  0%| F|  |TAMS 0x0000000714e00000| PB 0x0000000714e00000| Untracked 
| 168|0x0000000715000000, 0x0000000715000000, 0x0000000715200000|  0%| F|  |TAMS 0x0000000715000000| PB 0x0000000715000000| Untracked 
| 169|0x0000000715200000, 0x0000000715200000, 0x0000000715400000|  0%| F|  |TAMS 0x0000000715200000| PB 0x0000000715200000| Untracked 
| 170|0x0000000715400000, 0x0000000715400000, 0x0000000715600000|  0%| F|  |TAMS 0x0000000715400000| PB 0x0000000715400000| Untracked 
| 171|0x0000000715600000, 0x0000000715600000, 0x0000000715800000|  0%| F|  |TAMS 0x0000000715600000| PB 0x0000000715600000| Untracked 
| 172|0x0000000715800000, 0x0000000715800000, 0x0000000715a00000|  0%| F|  |TAMS 0x0000000715800000| PB 0x0000000715800000| Untracked 
| 173|0x0000000715a00000, 0x0000000715a00000, 0x0000000715c00000|  0%| F|  |TAMS 0x0000000715a00000| PB 0x0000000715a00000| Untracked 
| 174|0x0000000715c00000, 0x0000000715c00000, 0x0000000715e00000|  0%| F|  |TAMS 0x0000000715c00000| PB 0x0000000715c00000| Untracked 
| 175|0x0000000715e00000, 0x0000000715e00000, 0x0000000716000000|  0%| F|  |TAMS 0x0000000715e00000| PB 0x0000000715e00000| Untracked 
| 176|0x0000000716000000, 0x0000000716000000, 0x0000000716200000|  0%| F|  |TAMS 0x0000000716000000| PB 0x0000000716000000| Untracked 
| 177|0x0000000716200000, 0x0000000716200000, 0x0000000716400000|  0%| F|  |TAMS 0x0000000716200000| PB 0x0000000716200000| Untracked 
| 178|0x0000000716400000, 0x0000000716400000, 0x0000000716600000|  0%| F|  |TAMS 0x0000000716400000| PB 0x0000000716400000| Untracked 
| 179|0x0000000716600000, 0x0000000716600000, 0x0000000716800000|  0%| F|  |TAMS 0x0000000716600000| PB 0x0000000716600000| Untracked 
| 180|0x0000000716800000, 0x0000000716800000, 0x0000000716a00000|  0%| F|  |TAMS 0x0000000716800000| PB 0x0000000716800000| Untracked 
| 181|0x0000000716a00000, 0x0000000716a00000, 0x0000000716c00000|  0%| F|  |TAMS 0x0000000716a00000| PB 0x0000000716a00000| Untracked 
| 182|0x0000000716c00000, 0x0000000716c00000, 0x0000000716e00000|  0%| F|  |TAMS 0x0000000716c00000| PB 0x0000000716c00000| Untracked 
| 183|0x0000000716e00000, 0x0000000716e00000, 0x0000000717000000|  0%| F|  |TAMS 0x0000000716e00000| PB 0x0000000716e00000| Untracked 
| 184|0x0000000717000000, 0x0000000717000000, 0x0000000717200000|  0%| F|  |TAMS 0x0000000717000000| PB 0x0000000717000000| Untracked 
| 185|0x0000000717200000, 0x0000000717200000, 0x0000000717400000|  0%| F|  |TAMS 0x0000000717200000| PB 0x0000000717200000| Untracked 
| 186|0x0000000717400000, 0x0000000717400000, 0x0000000717600000|  0%| F|  |TAMS 0x0000000717400000| PB 0x0000000717400000| Untracked 
| 187|0x0000000717600000, 0x0000000717600000, 0x0000000717800000|  0%| F|  |TAMS 0x0000000717600000| PB 0x0000000717600000| Untracked 
| 188|0x0000000717800000, 0x0000000717800000, 0x0000000717a00000|  0%| F|  |TAMS 0x0000000717800000| PB 0x0000000717800000| Untracked 
| 189|0x0000000717a00000, 0x0000000717a00000, 0x0000000717c00000|  0%| F|  |TAMS 0x0000000717a00000| PB 0x0000000717a00000| Untracked 
| 190|0x0000000717c00000, 0x0000000717c00000, 0x0000000717e00000|  0%| F|  |TAMS 0x0000000717c00000| PB 0x0000000717c00000| Untracked 
| 191|0x0000000717e00000, 0x0000000717e00000, 0x0000000718000000|  0%| F|  |TAMS 0x0000000717e00000| PB 0x0000000717e00000| Untracked 
| 192|0x0000000718000000, 0x0000000718000000, 0x0000000718200000|  0%| F|  |TAMS 0x0000000718000000| PB 0x0000000718000000| Untracked 
| 193|0x0000000718200000, 0x0000000718200000, 0x0000000718400000|  0%| F|  |TAMS 0x0000000718200000| PB 0x0000000718200000| Untracked 
| 194|0x0000000718400000, 0x0000000718400000, 0x0000000718600000|  0%| F|  |TAMS 0x0000000718400000| PB 0x0000000718400000| Untracked 
| 195|0x0000000718600000, 0x0000000718700000, 0x0000000718800000| 50%| E|  |TAMS 0x0000000718600000| PB 0x0000000718600000| Complete 
| 196|0x0000000718800000, 0x0000000718a00000, 0x0000000718a00000|100%| E|CS|TAMS 0x0000000718800000| PB 0x0000000718800000| Complete 
| 197|0x0000000718a00000, 0x0000000718c00000, 0x0000000718c00000|100%| E|CS|TAMS 0x0000000718a00000| PB 0x0000000718a00000| Complete 
| 198|0x0000000718c00000, 0x0000000718e00000, 0x0000000718e00000|100%| E|CS|TAMS 0x0000000718c00000| PB 0x0000000718c00000| Complete 
| 199|0x0000000718e00000, 0x0000000719000000, 0x0000000719000000|100%| E|CS|TAMS 0x0000000718e00000| PB 0x0000000718e00000| Complete 
| 200|0x0000000719000000, 0x0000000719200000, 0x0000000719200000|100%| E|CS|TAMS 0x0000000719000000| PB 0x0000000719000000| Complete 
| 201|0x0000000719200000, 0x0000000719400000, 0x0000000719400000|100%| E|CS|TAMS 0x0000000719200000| PB 0x0000000719200000| Complete 
| 202|0x0000000719400000, 0x0000000719600000, 0x0000000719600000|100%| E|CS|TAMS 0x0000000719400000| PB 0x0000000719400000| Complete 
| 203|0x0000000719600000, 0x0000000719800000, 0x0000000719800000|100%| E|CS|TAMS 0x0000000719600000| PB 0x0000000719600000| Complete 
| 204|0x0000000719800000, 0x0000000719a00000, 0x0000000719a00000|100%| E|CS|TAMS 0x0000000719800000| PB 0x0000000719800000| Complete 
| 205|0x0000000719a00000, 0x0000000719c00000, 0x0000000719c00000|100%| E|CS|TAMS 0x0000000719a00000| PB 0x0000000719a00000| Complete 
| 206|0x0000000719c00000, 0x0000000719e00000, 0x0000000719e00000|100%| E|CS|TAMS 0x0000000719c00000| PB 0x0000000719c00000| Complete 
| 207|0x0000000719e00000, 0x000000071a000000, 0x000000071a000000|100%| E|CS|TAMS 0x0000000719e00000| PB 0x0000000719e00000| Complete 
| 208|0x000000071a000000, 0x000000071a200000, 0x000000071a200000|100%| E|CS|TAMS 0x000000071a000000| PB 0x000000071a000000| Complete 
| 209|0x000000071a200000, 0x000000071a400000, 0x000000071a400000|100%| E|CS|TAMS 0x000000071a200000| PB 0x000000071a200000| Complete 
| 210|0x000000071a400000, 0x000000071a600000, 0x000000071a600000|100%| E|CS|TAMS 0x000000071a400000| PB 0x000000071a400000| Complete 
| 211|0x000000071a600000, 0x000000071a800000, 0x000000071a800000|100%| E|CS|TAMS 0x000000071a600000| PB 0x000000071a600000| Complete 
| 212|0x000000071a800000, 0x000000071aa00000, 0x000000071aa00000|100%| E|CS|TAMS 0x000000071a800000| PB 0x000000071a800000| Complete 
| 213|0x000000071aa00000, 0x000000071ac00000, 0x000000071ac00000|100%| E|CS|TAMS 0x000000071aa00000| PB 0x000000071aa00000| Complete 
| 214|0x000000071ac00000, 0x000000071ae00000, 0x000000071ae00000|100%| E|CS|TAMS 0x000000071ac00000| PB 0x000000071ac00000| Complete 
| 215|0x000000071ae00000, 0x000000071b000000, 0x000000071b000000|100%| E|CS|TAMS 0x000000071ae00000| PB 0x000000071ae00000| Complete 
| 216|0x000000071b000000, 0x000000071b200000, 0x000000071b200000|100%| E|CS|TAMS 0x000000071b000000| PB 0x000000071b000000| Complete 
| 217|0x000000071b200000, 0x000000071b400000, 0x000000071b400000|100%| E|CS|TAMS 0x000000071b200000| PB 0x000000071b200000| Complete 
| 218|0x000000071b400000, 0x000000071b600000, 0x000000071b600000|100%| E|CS|TAMS 0x000000071b400000| PB 0x000000071b400000| Complete 
| 219|0x000000071b600000, 0x000000071b800000, 0x000000071b800000|100%| E|CS|TAMS 0x000000071b600000| PB 0x000000071b600000| Complete 
| 220|0x000000071b800000, 0x000000071ba00000, 0x000000071ba00000|100%| E|CS|TAMS 0x000000071b800000| PB 0x000000071b800000| Complete 
| 221|0x000000071ba00000, 0x000000071bc00000, 0x000000071bc00000|100%| E|CS|TAMS 0x000000071ba00000| PB 0x000000071ba00000| Complete 
| 222|0x000000071bc00000, 0x000000071be00000, 0x000000071be00000|100%| E|CS|TAMS 0x000000071bc00000| PB 0x000000071bc00000| Complete 
| 223|0x000000071be00000, 0x000000071c000000, 0x000000071c000000|100%| E|CS|TAMS 0x000000071be00000| PB 0x000000071be00000| Complete 
| 224|0x000000071c000000, 0x000000071c200000, 0x000000071c200000|100%| E|CS|TAMS 0x000000071c000000| PB 0x000000071c000000| Complete 
| 225|0x000000071c200000, 0x000000071c400000, 0x000000071c400000|100%| E|CS|TAMS 0x000000071c200000| PB 0x000000071c200000| Complete 
| 226|0x000000071c400000, 0x000000071c600000, 0x000000071c600000|100%| E|CS|TAMS 0x000000071c400000| PB 0x000000071c400000| Complete 
| 227|0x000000071c600000, 0x000000071c800000, 0x000000071c800000|100%| E|CS|TAMS 0x000000071c600000| PB 0x000000071c600000| Complete 
| 228|0x000000071c800000, 0x000000071ca00000, 0x000000071ca00000|100%| E|CS|TAMS 0x000000071c800000| PB 0x000000071c800000| Complete 
| 229|0x000000071ca00000, 0x000000071cc00000, 0x000000071cc00000|100%| E|CS|TAMS 0x000000071ca00000| PB 0x000000071ca00000| Complete 
| 230|0x000000071cc00000, 0x000000071ce00000, 0x000000071ce00000|100%| E|CS|TAMS 0x000000071cc00000| PB 0x000000071cc00000| Complete 
| 231|0x000000071ce00000, 0x000000071d000000, 0x000000071d000000|100%| E|CS|TAMS 0x000000071ce00000| PB 0x000000071ce00000| Complete 
| 232|0x000000071d000000, 0x000000071d200000, 0x000000071d200000|100%| E|CS|TAMS 0x000000071d000000| PB 0x000000071d000000| Complete 
| 233|0x000000071d200000, 0x000000071d400000, 0x000000071d400000|100%| E|CS|TAMS 0x000000071d200000| PB 0x000000071d200000| Complete 
| 234|0x000000071d400000, 0x000000071d600000, 0x000000071d600000|100%| E|CS|TAMS 0x000000071d400000| PB 0x000000071d400000| Complete 
| 235|0x000000071d600000, 0x000000071d800000, 0x000000071d800000|100%| E|CS|TAMS 0x000000071d600000| PB 0x000000071d600000| Complete 
| 236|0x000000071d800000, 0x000000071da00000, 0x000000071da00000|100%| E|CS|TAMS 0x000000071d800000| PB 0x000000071d800000| Complete 
| 237|0x000000071da00000, 0x000000071dc00000, 0x000000071dc00000|100%| E|CS|TAMS 0x000000071da00000| PB 0x000000071da00000| Complete 
| 238|0x000000071dc00000, 0x000000071de00000, 0x000000071de00000|100%| E|CS|TAMS 0x000000071dc00000| PB 0x000000071dc00000| Complete 
| 239|0x000000071de00000, 0x000000071e000000, 0x000000071e000000|100%| E|CS|TAMS 0x000000071de00000| PB 0x000000071de00000| Complete 
| 240|0x000000071e000000, 0x000000071e200000, 0x000000071e200000|100%| E|CS|TAMS 0x000000071e000000| PB 0x000000071e000000| Complete 
| 241|0x000000071e200000, 0x000000071e400000, 0x000000071e400000|100%| E|CS|TAMS 0x000000071e200000| PB 0x000000071e200000| Complete 
| 242|0x000000071e400000, 0x000000071e600000, 0x000000071e600000|100%| E|CS|TAMS 0x000000071e400000| PB 0x000000071e400000| Complete 
| 243|0x000000071e600000, 0x000000071e800000, 0x000000071e800000|100%| E|CS|TAMS 0x000000071e600000| PB 0x000000071e600000| Complete 
| 244|0x000000071e800000, 0x000000071ea00000, 0x000000071ea00000|100%| E|CS|TAMS 0x000000071e800000| PB 0x000000071e800000| Complete 
| 245|0x000000071ea00000, 0x000000071ec00000, 0x000000071ec00000|100%| E|CS|TAMS 0x000000071ea00000| PB 0x000000071ea00000| Complete 
| 246|0x000000071ec00000, 0x000000071ee00000, 0x000000071ee00000|100%| E|CS|TAMS 0x000000071ec00000| PB 0x000000071ec00000| Complete 
| 247|0x000000071ee00000, 0x000000071f000000, 0x000000071f000000|100%| E|CS|TAMS 0x000000071ee00000| PB 0x000000071ee00000| Complete 
| 248|0x000000071f000000, 0x000000071f200000, 0x000000071f200000|100%| E|CS|TAMS 0x000000071f000000| PB 0x000000071f000000| Complete 
| 249|0x000000071f200000, 0x000000071f400000, 0x000000071f400000|100%| E|CS|TAMS 0x000000071f200000| PB 0x000000071f200000| Complete 
| 250|0x000000071f400000, 0x000000071f600000, 0x000000071f600000|100%| E|CS|TAMS 0x000000071f400000| PB 0x000000071f400000| Complete 
| 251|0x000000071f600000, 0x000000071f800000, 0x000000071f800000|100%| E|CS|TAMS 0x000000071f600000| PB 0x000000071f600000| Complete 
| 252|0x000000071f800000, 0x000000071fa00000, 0x000000071fa00000|100%| E|CS|TAMS 0x000000071f800000| PB 0x000000071f800000| Complete 
| 253|0x000000071fa00000, 0x000000071fc00000, 0x000000071fc00000|100%| E|CS|TAMS 0x000000071fa00000| PB 0x000000071fa00000| Complete 
| 254|0x000000071fc00000, 0x000000071fe00000, 0x000000071fe00000|100%| E|CS|TAMS 0x000000071fc00000| PB 0x000000071fc00000| Complete 
| 255|0x000000071fe00000, 0x0000000720000000, 0x0000000720000000|100%| E|CS|TAMS 0x000000071fe00000| PB 0x000000071fe00000| Complete 
| 256|0x0000000720000000, 0x0000000720200000, 0x0000000720200000|100%| E|CS|TAMS 0x0000000720000000| PB 0x0000000720000000| Complete 
| 257|0x0000000720200000, 0x0000000720400000, 0x0000000720400000|100%| E|CS|TAMS 0x0000000720200000| PB 0x0000000720200000| Complete 
| 258|0x0000000720400000, 0x0000000720600000, 0x0000000720600000|100%| E|CS|TAMS 0x0000000720400000| PB 0x0000000720400000| Complete 
| 259|0x0000000720600000, 0x0000000720800000, 0x0000000720800000|100%| E|CS|TAMS 0x0000000720600000| PB 0x0000000720600000| Complete 
| 260|0x0000000720800000, 0x0000000720a00000, 0x0000000720a00000|100%| E|CS|TAMS 0x0000000720800000| PB 0x0000000720800000| Complete 
| 261|0x0000000720a00000, 0x0000000720c00000, 0x0000000720c00000|100%| E|CS|TAMS 0x0000000720a00000| PB 0x0000000720a00000| Complete 
| 262|0x0000000720c00000, 0x0000000720e00000, 0x0000000720e00000|100%| E|CS|TAMS 0x0000000720c00000| PB 0x0000000720c00000| Complete 
| 263|0x0000000720e00000, 0x0000000721000000, 0x0000000721000000|100%| E|CS|TAMS 0x0000000720e00000| PB 0x0000000720e00000| Complete 
| 264|0x0000000721000000, 0x0000000721200000, 0x0000000721200000|100%| E|CS|TAMS 0x0000000721000000| PB 0x0000000721000000| Complete 
| 265|0x0000000721200000, 0x0000000721400000, 0x0000000721400000|100%| E|CS|TAMS 0x0000000721200000| PB 0x0000000721200000| Complete 
| 266|0x0000000721400000, 0x0000000721600000, 0x0000000721600000|100%| E|CS|TAMS 0x0000000721400000| PB 0x0000000721400000| Complete 
| 267|0x0000000721600000, 0x0000000721800000, 0x0000000721800000|100%| E|CS|TAMS 0x0000000721600000| PB 0x0000000721600000| Complete 
| 268|0x0000000721800000, 0x0000000721a00000, 0x0000000721a00000|100%| E|CS|TAMS 0x0000000721800000| PB 0x0000000721800000| Complete 
| 269|0x0000000721a00000, 0x0000000721c00000, 0x0000000721c00000|100%| E|CS|TAMS 0x0000000721a00000| PB 0x0000000721a00000| Complete 
| 270|0x0000000721c00000, 0x0000000721e00000, 0x0000000721e00000|100%| E|CS|TAMS 0x0000000721c00000| PB 0x0000000721c00000| Complete 
| 271|0x0000000721e00000, 0x0000000722000000, 0x0000000722000000|100%| E|CS|TAMS 0x0000000721e00000| PB 0x0000000721e00000| Complete 
| 272|0x0000000722000000, 0x0000000722200000, 0x0000000722200000|100%| E|CS|TAMS 0x0000000722000000| PB 0x0000000722000000| Complete 
| 273|0x0000000722200000, 0x0000000722400000, 0x0000000722400000|100%| E|CS|TAMS 0x0000000722200000| PB 0x0000000722200000| Complete 
| 274|0x0000000722400000, 0x0000000722600000, 0x0000000722600000|100%| E|CS|TAMS 0x0000000722400000| PB 0x0000000722400000| Complete 
| 275|0x0000000722600000, 0x0000000722800000, 0x0000000722800000|100%| E|CS|TAMS 0x0000000722600000| PB 0x0000000722600000| Complete 
| 276|0x0000000722800000, 0x0000000722a00000, 0x0000000722a00000|100%| E|CS|TAMS 0x0000000722800000| PB 0x0000000722800000| Complete 
| 277|0x0000000722a00000, 0x0000000722c00000, 0x0000000722c00000|100%| E|CS|TAMS 0x0000000722a00000| PB 0x0000000722a00000| Complete 
| 278|0x0000000722c00000, 0x0000000722e00000, 0x0000000722e00000|100%| E|CS|TAMS 0x0000000722c00000| PB 0x0000000722c00000| Complete 
| 279|0x0000000722e00000, 0x0000000723000000, 0x0000000723000000|100%| E|CS|TAMS 0x0000000722e00000| PB 0x0000000722e00000| Complete 
| 280|0x0000000723000000, 0x0000000723200000, 0x0000000723200000|100%| E|CS|TAMS 0x0000000723000000| PB 0x0000000723000000| Complete 
| 281|0x0000000723200000, 0x0000000723400000, 0x0000000723400000|100%| E|CS|TAMS 0x0000000723200000| PB 0x0000000723200000| Complete 
| 282|0x0000000723400000, 0x0000000723600000, 0x0000000723600000|100%| E|CS|TAMS 0x0000000723400000| PB 0x0000000723400000| Complete 
| 283|0x0000000723600000, 0x0000000723800000, 0x0000000723800000|100%| E|CS|TAMS 0x0000000723600000| PB 0x0000000723600000| Complete 
| 284|0x0000000723800000, 0x0000000723a00000, 0x0000000723a00000|100%| E|CS|TAMS 0x0000000723800000| PB 0x0000000723800000| Complete 
| 285|0x0000000723a00000, 0x0000000723c00000, 0x0000000723c00000|100%| E|CS|TAMS 0x0000000723a00000| PB 0x0000000723a00000| Complete 
| 286|0x0000000723c00000, 0x0000000723e00000, 0x0000000723e00000|100%| E|CS|TAMS 0x0000000723c00000| PB 0x0000000723c00000| Complete 
| 287|0x0000000723e00000, 0x0000000724000000, 0x0000000724000000|100%| E|CS|TAMS 0x0000000723e00000| PB 0x0000000723e00000| Complete 
| 288|0x0000000724000000, 0x0000000724200000, 0x0000000724200000|100%| E|CS|TAMS 0x0000000724000000| PB 0x0000000724000000| Complete 
| 289|0x0000000724200000, 0x0000000724400000, 0x0000000724400000|100%| E|CS|TAMS 0x0000000724200000| PB 0x0000000724200000| Complete 
| 290|0x0000000724400000, 0x0000000724600000, 0x0000000724600000|100%| E|CS|TAMS 0x0000000724400000| PB 0x0000000724400000| Complete 

Card table byte_map: [0x0000023227230000,0x0000023227a30000] _byte_map_base: 0x0000023223a30000

Marking Bits: (CMBitMap*) 0x0000023214969520
 Bits: [0x0000023227a30000, 0x000002322ba30000)

Polling page: 0x00000232122f0000

Metaspace:

Usage:
  Non-class:     62.21 MB used.
      Class:      9.77 MB used.
       Both:     71.98 MB used.

Virtual space:
  Non-class space:       64.00 MB reserved,      63.06 MB ( 99%) committed,  1 nodes.
      Class space:        1.00 GB reserved,      10.56 MB (  1%) committed,  1 nodes.
             Both:        1.06 GB reserved,      73.62 MB (  7%) committed. 

Chunk freelists:
   Non-Class:  224.00 KB
       Class:  5.45 MB
        Both:  5.67 MB

MaxMetaspaceSize: unlimited
CompressedClassSpaceSize: 1.00 GB
Initial GC threshold: 21.00 MB
Current GC threshold: 115.75 MB
CDS: off
 - commit_granule_bytes: 65536.
 - commit_granule_words: 8192.
 - virtual_space_node_default_size: 8388608.
 - enlarge_chunks_in_place: 1.
 - use_allocation_guard: 0.


Internal statistics:

num_allocs_failed_limit: 6.
num_arena_births: 3198.
num_arena_deaths: 10.
num_vsnodes_births: 2.
num_vsnodes_deaths: 0.
num_space_committed: 1178.
num_space_uncommitted: 0.
num_chunks_returned_to_freelist: 21.
num_chunks_taken_from_freelist: 6259.
num_chunk_merges: 3.
num_chunk_splits: 4053.
num_chunks_enlarged: 2544.
num_inconsistent_stats: 0.

CodeHeap 'non-profiled nmethods': size=120000Kb used=9907Kb max_used=9907Kb free=110092Kb
 bounds [0x000002321f500000, 0x000002321feb0000, 0x0000023226a30000]
CodeHeap 'profiled nmethods': size=120000Kb used=20731Kb max_used=20731Kb free=99268Kb
 bounds [0x0000023217a30000, 0x0000023218e70000, 0x000002321ef60000]
CodeHeap 'non-nmethods': size=5760Kb used=1901Kb max_used=1966Kb free=3858Kb
 bounds [0x000002321ef60000, 0x000002321f1d0000, 0x000002321f500000]
CodeCache: size=245760Kb, used=32539Kb, max_used=32604Kb, free=213218Kb
 total_blobs=10992, nmethods=10212, adapters=683, full_count=0
Compilation: enabled, stopped_count=0, restarted_count=0

Compilation events (20 events):
Event: 143.223 Thread 0x000002322e105500 nmethod 12792 0x000002321fea8590 code [0x000002321fea8720, 0x000002321fea87c0]
Event: 143.223 Thread 0x000002322e105500 12836       4       org.jetbrains.org.objectweb.asm.tree.MethodNode::visitCode (1 bytes)
Event: 143.223 Thread 0x000002322e105500 nmethod 12836 0x000002321fea8890 code [0x000002321fea8a20, 0x000002321fea8aa8]
Event: 143.223 Thread 0x000002322e105500 12837       4       org.jetbrains.org.objectweb.asm.tree.MethodNode::visitMaxs (11 bytes)
Event: 143.224 Thread 0x000002322e105500 nmethod 12837 0x000002321fea8b90 code [0x000002321fea8d20, 0x000002321fea8db0]
Event: 143.224 Thread 0x000002322e105500 12777       4       java.util.Arrays$ArrayList::iterator (12 bytes)
Event: 143.225 Thread 0x000002322e105500 nmethod 12777 0x000002321fea8e90 code [0x000002321fea9020, 0x000002321fea9118]
Event: 143.225 Thread 0x000002322e105500 12925       4       kotlin.jvm.internal.Intrinsics::checkNotNull (9 bytes)
Event: 143.226 Thread 0x000002322e105500 nmethod 12925 0x000002321fea9210 code [0x000002321fea93a0, 0x000002321fea9428]
Event: 143.226 Thread 0x000002322e105500 12815       4       org.jetbrains.kotlin.metadata.ProtoBuf$Type$Argument$Projection::valueOf (50 bytes)
Event: 143.227 Thread 0x000002322e105500 nmethod 12815 0x000002321fea9510 code [0x000002321fea96a0, 0x000002321fea9750]
Event: 143.227 Thread 0x000002322e105500 12819       4       java.util.Collections$UnmodifiableCollection::isEmpty (10 bytes)
Event: 143.227 Thread 0x000002322e105500 nmethod 12819 0x000002321fea9810 code [0x000002321fea99a0, 0x000002321fea9a58]
Event: 143.227 Thread 0x000002322e105500 12905       4       org.jetbrains.kotlin.metadata.ProtoBuf$Annotation$Argument$Value$Type::valueOf (122 bytes)
Event: 143.228 Thread 0x000002322e105500 nmethod 12905 0x000002321fea9b10 code [0x000002321fea9d40, 0x000002321fea9e70]
Event: 143.422 Thread 0x000002322e105500 12947       4       java.security.Provider$ServiceKey::hashCode (19 bytes)
Event: 143.439 Thread 0x000002322e105500 nmethod 12947 0x000002321fea9f10 code [0x000002321feaa0e0, 0x000002321feaa648]
Event: 143.456 Thread 0x000002322e105500 12948       4       org.jetbrains.kotlin.metadata.jvm.deserialization.JvmNameResolverBase::getString (473 bytes)
Event: 143.504 Thread 0x000002322e105500 nmethod 12948 0x000002321feaa990 code [0x000002321feaabe0, 0x000002321feab670]
Event: 143.504 Thread 0x000002322e105500 12952   !   4       org.jetbrains.kotlin.metadata.ProtoBuf$Function::<init> (1811 bytes)

GC Heap History (20 events):
Event: 102.641 GC heap before
{Heap before GC invocations=113 (full 0):
 garbage-first heap   total 495616K, used 393143K [0x0000000700000000, 0x0000000800000000)
  region size 2048K, 145 young (296960K), 9 survivors (18432K)
 Metaspace       used 69473K, committed 71168K, reserved 1114112K
  class space    used 9629K, committed 10432K, reserved 1048576K
}
Event: 102.664 GC heap after
{Heap after GC invocations=114 (full 0):
 garbage-first heap   total 495616K, used 117378K [0x0000000700000000, 0x0000000800000000)
  region size 2048K, 10 young (20480K), 10 survivors (20480K)
 Metaspace       used 69473K, committed 71168K, reserved 1114112K
  class space    used 9629K, committed 10432K, reserved 1048576K
}
Event: 104.032 GC heap before
{Heap before GC invocations=114 (full 0):
 garbage-first heap   total 495616K, used 393858K [0x0000000700000000, 0x0000000800000000)
  region size 2048K, 145 young (296960K), 10 survivors (20480K)
 Metaspace       used 69479K, committed 71168K, reserved 1114112K
  class space    used 9629K, committed 10432K, reserved 1048576K
}
Event: 104.060 GC heap after
{Heap after GC invocations=115 (full 0):
 garbage-first heap   total 495616K, used 117584K [0x0000000700000000, 0x0000000800000000)
  region size 2048K, 10 young (20480K), 10 survivors (20480K)
 Metaspace       used 69479K, committed 71168K, reserved 1114112K
  class space    used 9629K, committed 10432K, reserved 1048576K
}
Event: 108.415 GC heap before
{Heap before GC invocations=115 (full 0):
 garbage-first heap   total 495616K, used 402256K [0x0000000700000000, 0x0000000800000000)
  region size 2048K, 145 young (296960K), 10 survivors (20480K)
 Metaspace       used 71014K, committed 72768K, reserved 1114112K
  class space    used 9764K, committed 10624K, reserved 1048576K
}
Event: 108.538 GC heap after
{Heap after GC invocations=116 (full 0):
 garbage-first heap   total 495616K, used 142809K [0x0000000700000000, 0x0000000800000000)
  region size 2048K, 18 young (36864K), 18 survivors (36864K)
 Metaspace       used 71014K, committed 72768K, reserved 1114112K
  class space    used 9764K, committed 10624K, reserved 1048576K
}
Event: 112.630 GC heap before
{Heap before GC invocations=116 (full 0):
 garbage-first heap   total 495616K, used 402905K [0x0000000700000000, 0x0000000800000000)
  region size 2048K, 145 young (296960K), 18 survivors (36864K)
 Metaspace       used 73091K, committed 74816K, reserved 1114112K
  class space    used 9975K, committed 10816K, reserved 1048576K
}
Event: 112.875 GC heap after
{Heap after GC invocations=117 (full 0):
 garbage-first heap   total 495616K, used 149120K [0x0000000700000000, 0x0000000800000000)
  region size 2048K, 3 young (6144K), 3 survivors (6144K)
 Metaspace       used 73091K, committed 74816K, reserved 1114112K
  class space    used 9975K, committed 10816K, reserved 1048576K
}
Event: 115.971 GC heap before
{Heap before GC invocations=117 (full 0):
 garbage-first heap   total 495616K, used 439936K [0x0000000700000000, 0x0000000800000000)
  region size 2048K, 145 young (296960K), 3 survivors (6144K)
 Metaspace       used 73478K, committed 75136K, reserved 1114112K
  class space    used 9998K, committed 10816K, reserved 1048576K
}
Event: 115.988 GC heap after
{Heap after GC invocations=118 (full 0):
 garbage-first heap   total 595968K, used 149615K [0x0000000700000000, 0x0000000800000000)
  region size 2048K, 4 young (8192K), 4 survivors (8192K)
 Metaspace       used 73478K, committed 75136K, reserved 1114112K
  class space    used 9998K, committed 10816K, reserved 1048576K
}
Event: 122.286 GC heap before
{Heap before GC invocations=118 (full 0):
 garbage-first heap   total 595968K, used 497775K [0x0000000700000000, 0x0000000800000000)
  region size 2048K, 174 young (356352K), 4 survivors (8192K)
 Metaspace       used 73483K, committed 75200K, reserved 1114112K
  class space    used 9998K, committed 10816K, reserved 1048576K
}
Event: 122.325 GC heap after
{Heap after GC invocations=119 (full 0):
 garbage-first heap   total 595968K, used 152840K [0x0000000700000000, 0x0000000800000000)
  region size 2048K, 5 young (10240K), 5 survivors (10240K)
 Metaspace       used 73483K, committed 75200K, reserved 1114112K
  class space    used 9998K, committed 10816K, reserved 1048576K
}
Event: 124.334 GC heap before
{Heap before GC invocations=119 (full 0):
 garbage-first heap   total 595968K, used 498952K [0x0000000700000000, 0x0000000800000000)
  region size 2048K, 174 young (356352K), 5 survivors (10240K)
 Metaspace       used 73550K, committed 75264K, reserved 1114112K
  class space    used 10000K, committed 10816K, reserved 1048576K
}
Event: 124.414 GC heap after
{Heap after GC invocations=120 (full 0):
 garbage-first heap   total 595968K, used 157011K [0x0000000700000000, 0x0000000800000000)
  region size 2048K, 7 young (14336K), 7 survivors (14336K)
 Metaspace       used 73550K, committed 75264K, reserved 1114112K
  class space    used 10000K, committed 10816K, reserved 1048576K
}
Event: 127.185 GC heap before
{Heap before GC invocations=120 (full 0):
 garbage-first heap   total 595968K, used 499027K [0x0000000700000000, 0x0000000800000000)
  region size 2048K, 174 young (356352K), 7 survivors (14336K)
 Metaspace       used 73550K, committed 75264K, reserved 1114112K
  class space    used 10000K, committed 10816K, reserved 1048576K
}
Event: 127.244 GC heap after
{Heap after GC invocations=121 (full 0):
 garbage-first heap   total 595968K, used 161408K [0x0000000700000000, 0x0000000800000000)
  region size 2048K, 9 young (18432K), 9 survivors (18432K)
 Metaspace       used 73550K, committed 75264K, reserved 1114112K
  class space    used 10000K, committed 10816K, reserved 1048576K
}
Event: 129.233 GC heap before
{Heap before GC invocations=121 (full 0):
 garbage-first heap   total 595968K, used 499328K [0x0000000700000000, 0x0000000800000000)
  region size 2048K, 174 young (356352K), 9 survivors (18432K)
 Metaspace       used 73561K, committed 75264K, reserved 1114112K
  class space    used 10000K, committed 10816K, reserved 1048576K
}
Event: 129.292 GC heap after
{Heap after GC invocations=122 (full 0):
 garbage-first heap   total 595968K, used 165051K [0x0000000700000000, 0x0000000800000000)
  region size 2048K, 11 young (22528K), 11 survivors (22528K)
 Metaspace       used 73561K, committed 75264K, reserved 1114112K
  class space    used 10000K, committed 10816K, reserved 1048576K
}
Event: 139.828 GC heap before
{Heap before GC invocations=122 (full 0):
 garbage-first heap   total 595968K, used 509115K [0x0000000700000000, 0x0000000800000000)
  region size 2048K, 174 young (356352K), 11 survivors (22528K)
 Metaspace       used 73602K, committed 75264K, reserved 1114112K
  class space    used 10007K, committed 10816K, reserved 1048576K
}
Event: 139.976 GC heap after
{Heap after GC invocations=123 (full 0):
 garbage-first heap   total 595968K, used 166495K [0x0000000700000000, 0x0000000800000000)
  region size 2048K, 16 young (32768K), 16 survivors (32768K)
 Metaspace       used 73602K, committed 75264K, reserved 1114112K
  class space    used 10007K, committed 10816K, reserved 1048576K
}

Dll operation events (3 events):
Event: 0.044 Loaded shared library F:\Applications\ANDROID STUDIO\jbr\bin\java.dll
Event: 0.076 Loaded shared library F:\Applications\ANDROID STUDIO\jbr\bin\zip.dll
Event: 2.911 Loaded shared library F:\Applications\ANDROID STUDIO\jbr\bin\verify.dll

Deoptimization events (20 events):
Event: 141.408 Thread 0x0000023233e7cc80 Uncommon trap: trap_request=0xffffff45 fr.pc=0x000002321fe2ed00 relative=0x0000000000000220
Event: 141.408 Thread 0x0000023233e7cc80 Uncommon trap: reason=unstable_if action=reinterpret pc=0x000002321fe2ed00 method=org.jetbrains.org.objectweb.asm.TypeReference.putTarget(ILorg/jetbrains/org/objectweb/asm/ByteVector;)V @ 4 c2
Event: 141.408 Thread 0x0000023233e7cc80 DEOPT PACKING pc=0x000002321fe2ed00 sp=0x000000ada1ff69b0
Event: 141.408 Thread 0x0000023233e7cc80 DEOPT UNPACKING pc=0x000002321efb4422 sp=0x000000ada1ff6950 mode 2
Event: 141.507 Thread 0x0000023233e7cc80 Uncommon trap: trap_request=0xffffffde fr.pc=0x000002321fe6b828 relative=0x00000000000044e8
Event: 141.507 Thread 0x0000023233e7cc80 Uncommon trap: reason=class_check action=maybe_recompile pc=0x000002321fe6b828 method=org.jetbrains.org.objectweb.asm.ClassReader.readMethod(Lorg/jetbrains/org/objectweb/asm/ClassVisitor;Lorg/jetbrains/org/objectweb/asm/Context;I)I @ 967 c2
Event: 141.507 Thread 0x0000023233e7cc80 DEOPT PACKING pc=0x000002321fe6b828 sp=0x000000ada1ff6960
Event: 141.508 Thread 0x0000023233e7cc80 DEOPT UNPACKING pc=0x000002321efb4422 sp=0x000000ada1ff6960 mode 2
Event: 141.508 Thread 0x0000023233e7cc80 Uncommon trap: trap_request=0xffffffde fr.pc=0x000002321fe6b828 relative=0x00000000000044e8
Event: 141.508 Thread 0x0000023233e7cc80 Uncommon trap: reason=class_check action=maybe_recompile pc=0x000002321fe6b828 method=org.jetbrains.org.objectweb.asm.ClassReader.readMethod(Lorg/jetbrains/org/objectweb/asm/ClassVisitor;Lorg/jetbrains/org/objectweb/asm/Context;I)I @ 967 c2
Event: 141.508 Thread 0x0000023233e7cc80 DEOPT PACKING pc=0x000002321fe6b828 sp=0x000000ada1ff6960
Event: 141.508 Thread 0x0000023233e7cc80 DEOPT UNPACKING pc=0x000002321efb4422 sp=0x000000ada1ff6960 mode 2
Event: 141.508 Thread 0x0000023233e7cc80 Uncommon trap: trap_request=0xffffffde fr.pc=0x000002321fe6b828 relative=0x00000000000044e8
Event: 141.508 Thread 0x0000023233e7cc80 Uncommon trap: reason=class_check action=maybe_recompile pc=0x000002321fe6b828 method=org.jetbrains.org.objectweb.asm.ClassReader.readMethod(Lorg/jetbrains/org/objectweb/asm/ClassVisitor;Lorg/jetbrains/org/objectweb/asm/Context;I)I @ 967 c2
Event: 141.508 Thread 0x0000023233e7cc80 DEOPT PACKING pc=0x000002321fe6b828 sp=0x000000ada1ff6960
Event: 141.508 Thread 0x0000023233e7cc80 DEOPT UNPACKING pc=0x000002321efb4422 sp=0x000000ada1ff6960 mode 2
Event: 141.508 Thread 0x0000023233e7cc80 Uncommon trap: trap_request=0xffffffde fr.pc=0x000002321fe6b828 relative=0x00000000000044e8
Event: 141.508 Thread 0x0000023233e7cc80 Uncommon trap: reason=class_check action=maybe_recompile pc=0x000002321fe6b828 method=org.jetbrains.org.objectweb.asm.ClassReader.readMethod(Lorg/jetbrains/org/objectweb/asm/ClassVisitor;Lorg/jetbrains/org/objectweb/asm/Context;I)I @ 967 c2
Event: 141.508 Thread 0x0000023233e7cc80 DEOPT PACKING pc=0x000002321fe6b828 sp=0x000000ada1ff6960
Event: 141.508 Thread 0x0000023233e7cc80 DEOPT UNPACKING pc=0x000002321efb4422 sp=0x000000ada1ff6960 mode 2

Classes loaded (20 events):
Event: 66.942 Loading class java/lang/ClassCustomizer
Event: 66.942 Loading class java/lang/ClassCustomizer done
Event: 67.036 Loading class java/lang/invoke/BoundMethodHandle$Species_LLLI
Event: 67.036 Loading class java/lang/invoke/BoundMethodHandle$Species_LLLI done
Event: 67.039 Loading class java/lang/invoke/BoundMethodHandle$Species_LLLIL
Event: 67.039 Loading class java/lang/invoke/BoundMethodHandle$Species_LLLIL done
Event: 67.041 Loading class java/lang/invoke/BoundMethodHandle$Species_LLLILL
Event: 67.041 Loading class java/lang/invoke/BoundMethodHandle$Species_LLLILL done
Event: 67.420 Loading class java/util/Collections$SynchronizedRandomAccessList
Event: 67.422 Loading class java/util/Collections$SynchronizedList
Event: 67.424 Loading class java/util/Collections$SynchronizedList done
Event: 67.424 Loading class java/util/Collections$SynchronizedRandomAccessList done
Event: 79.174 Loading class java/util/regex/Pattern$Caret
Event: 79.199 Loading class java/util/regex/Pattern$Caret done
Event: 106.025 Loading class java/rmi/RemoteException
Event: 106.041 Loading class java/rmi/RemoteException done
Event: 110.370 Loading class java/io/UTFDataFormatException
Event: 110.389 Loading class java/io/UTFDataFormatException done
Event: 110.400 Loading class java/lang/reflect/InaccessibleObjectException
Event: 110.402 Loading class java/lang/reflect/InaccessibleObjectException done

Classes unloaded (20 events):
Event: 35.318 Thread 0x000002322df520e0 Unloading class 0x00000008008cc948 '_BuildScript_$_run_closure1$_closure2'
Event: 35.318 Thread 0x000002322df520e0 Unloading class 0x00000008008cc528 '_BuildScript_$_run_closure1'
Event: 35.318 Thread 0x000002322df520e0 Unloading class 0x00000008008cc000 '_BuildScript_'
Event: 35.318 Thread 0x000002322df520e0 Unloading class 0x000000080083c000 '_BuildScript_$_run_closure1'
Event: 35.318 Thread 0x000002322df520e0 Unloading class 0x0000000800834000 '_BuildScript_'
Event: 63.021 Thread 0x000002322df520e0 Unloading class 0x00000008009d8948 '_BuildScript_$_run_closure2'
Event: 63.023 Thread 0x000002322df520e0 Unloading class 0x00000008009d8528 '_BuildScript_$_run_closure1'
Event: 63.023 Thread 0x000002322df520e0 Unloading class 0x00000008009d8000 '_BuildScript_'
Event: 65.543 Thread 0x000002322df520e0 Unloading class 0x00000008009e0948 '_BuildScript_$_run_closure1$_closure2'
Event: 65.543 Thread 0x000002322df520e0 Unloading class 0x00000008009e0528 '_BuildScript_$_run_closure1'
Event: 65.543 Thread 0x000002322df520e0 Unloading class 0x00000008009e0000 '_BuildScript_'
Event: 85.972 Thread 0x000002322df520e0 Unloading class 0x00000008009e3420 '_BuildScript_$_run_closure1$_closure3'
Event: 85.972 Thread 0x000002322df520e0 Unloading class 0x00000008009e3000 '_BuildScript_$_run_closure1$_closure2'
Event: 85.972 Thread 0x000002322df520e0 Unloading class 0x00000008009d8948 '_BuildScript_$_run_closure1'
Event: 85.972 Thread 0x000002322df520e0 Unloading class 0x00000008009d8420 '_BuildScript_'
Event: 85.972 Thread 0x000002322df520e0 Unloading class 0x00000008009d8000 'JetGradlePlugin$_apply_closure1$_closure2$_closure3'
Event: 85.972 Thread 0x000002322df520e0 Unloading class 0x00000008009e09f0 'JetGradlePlugin$_apply_closure1$_closure2'
Event: 85.972 Thread 0x000002322df520e0 Unloading class 0x00000008009e05d0 'JetGradlePlugin$_apply_closure1'
Event: 85.972 Thread 0x000002322df520e0 Unloading class 0x00000008009e0300 'JetGradlePlugin'
Event: 85.972 Thread 0x000002322df520e0 Unloading class 0x00000008009e0000 'RegistryProcessor'

Classes redefined (0 events):
No events

Internal exceptions (20 events):
Event: 78.178 Thread 0x0000023233f33020 Exception <a 'sun/nio/fs/WindowsException'{0x000000070d21de50}> (0x000000070d21de50) 
thrown [s\src\hotspot\share\prims\jni.cpp, line 537]
Event: 87.538 Thread 0x0000023233f33020 Exception <a 'sun/nio/fs/WindowsException'{0x0000000710012988}> (0x0000000710012988) 
thrown [s\src\hotspot\share\prims\jni.cpp, line 537]
Event: 97.502 Thread 0x0000023233f33020 Exception <a 'sun/nio/fs/WindowsException'{0x0000000712e1d3d8}> (0x0000000712e1d3d8) 
thrown [s\src\hotspot\share\prims\jni.cpp, line 537]
Event: 104.525 Thread 0x0000023233e7cc80 Exception <a 'sun/nio/fs/WindowsException'{0x0000000718337450}> (0x0000000718337450) 
thrown [s\src\hotspot\share\prims\jni.cpp, line 537]
Event: 104.663 Thread 0x0000023233e7cc80 Exception <a 'sun/nio/fs/WindowsException'{0x00000007183375d0}> (0x00000007183375d0) 
thrown [s\src\hotspot\share\prims\jni.cpp, line 537]
Event: 105.957 Thread 0x0000023233e7cc80 Exception <a 'java/lang/NoSuchMethodError'{0x0000000717e79100}: 'java.lang.Object java.lang.invoke.DirectMethodHandle$Holder.newInvokeSpecial(java.lang.Object, java.lang.Object, int, java.lang.Object, java.lang.Object, java.lang.Object, java.lang.Object)'> (0x0000000717e79100) 
thrown [s\src\hotspot\share\interpreter\linkResolver.cpp, line 784]
Event: 105.961 Thread 0x0000023233e7cc80 Exception <a 'java/lang/NoSuchMethodError'{0x0000000717e81b50}: 'java.lang.Object java.lang.invoke.Invokers$Holder.linkToTargetMethod(java.lang.Object, int, java.lang.Object, java.lang.Object, java.lang.Object, java.lang.Object, java.lang.Object)'> (0x0000000717e81b50) 
thrown [s\src\hotspot\share\interpreter\linkResolver.cpp, line 784]
Event: 105.966 Thread 0x0000023233e7abb0 Exception <a 'sun/nio/fs/WindowsException'{0x0000000717f7bcf8}> (0x0000000717f7bcf8) 
thrown [s\src\hotspot\share\prims\jni.cpp, line 537]
Event: 106.080 Thread 0x0000023233e7cc80 Exception <a 'java/lang/NoSuchMethodError'{0x0000000717faa208}: 'int java.lang.invoke.DirectMethodHandle$Holder.invokeStaticInit(java.lang.Object, java.lang.Object, int)'> (0x0000000717faa208) 
thrown [s\src\hotspot\share\interpreter\linkResolver.cpp, line 784]
Event: 107.201 Thread 0x0000023233e7cc80 Exception <a 'java/lang/NoSuchMethodError'{0x0000000714d26670}: 'int java.lang.invoke.DirectMethodHandle$Holder.invokeStatic(java.lang.Object, java.lang.Object, int, int)'> (0x0000000714d26670) 
thrown [s\src\hotspot\share\interpreter\linkResolver.cpp, line 784]
Event: 107.508 Thread 0x0000023233f33020 Exception <a 'sun/nio/fs/WindowsException'{0x00000007143141e8}> (0x00000007143141e8) 
thrown [s\src\hotspot\share\prims\jni.cpp, line 537]
Event: 117.538 Thread 0x0000023233f33020 Exception <a 'sun/nio/fs/WindowsException'{0x000000071c01d8b8}> (0x000000071c01d8b8) 
thrown [s\src\hotspot\share\prims\jni.cpp, line 537]
Event: 122.572 Thread 0x0000023233e7cc80 Implicit null exception at 0x000002321fd55350 to 0x000002321fd56468
Event: 122.572 Thread 0x0000023233e7cc80 Implicit null exception at 0x000002321fcf5a9d to 0x000002321fcf5dd4
Event: 123.853 Thread 0x0000023233e7cc80 Implicit null exception at 0x000002321fc75b76 to 0x000002321fc75c48
Event: 124.125 Thread 0x0000023233e7cc80 Implicit null exception at 0x000002321fd3c5aa to 0x000002321fd3c9f0
Event: 124.125 Thread 0x0000023233e7cc80 Implicit null exception at 0x000002321fccc63a to 0x000002321fccc9dc
Event: 127.663 Thread 0x0000023233f33020 Exception <a 'sun/nio/fs/WindowsException'{0x0000000724218380}> (0x0000000724218380) 
thrown [s\src\hotspot\share\prims\jni.cpp, line 537]
Event: 136.577 Thread 0x0000023233e7cc80 Exception <a 'java/lang/NoSuchMethodError'{0x000000071a8b7c58}: 'void java.lang.invoke.DirectMethodHandle$Holder.invokeStaticInit(java.lang.Object)'> (0x000000071a8b7c58) 
thrown [s\src\hotspot\share\interpreter\linkResolver.cpp, line 784]
Event: 137.584 Thread 0x0000023233f33020 Exception <a 'sun/nio/fs/WindowsException'{0x000000071931dfc0}> (0x000000071931dfc0) 
thrown [s\src\hotspot\share\prims\jni.cpp, line 537]

ZGC Phase Switch (0 events):
No events

VM Operations (20 events):
Event: 128.248 Executing safepoint VM operation: Cleanup
Event: 128.248 Executing safepoint VM operation: Cleanup done
Event: 129.232 Executing safepoint VM operation: G1CollectForAllocation (G1 Evacuation Pause)
Event: 129.292 Executing safepoint VM operation: G1CollectForAllocation (G1 Evacuation Pause) done
Event: 130.293 Executing safepoint VM operation: Cleanup
Event: 130.293 Executing safepoint VM operation: Cleanup done
Event: 135.337 Executing safepoint VM operation: Cleanup
Event: 135.351 Executing safepoint VM operation: Cleanup done
Event: 136.353 Executing safepoint VM operation: Cleanup
Event: 136.369 Executing safepoint VM operation: Cleanup done
Event: 137.376 Executing safepoint VM operation: Cleanup
Event: 137.392 Executing safepoint VM operation: Cleanup done
Event: 139.828 Executing safepoint VM operation: G1CollectForAllocation (G1 Evacuation Pause)
Event: 139.977 Executing safepoint VM operation: G1CollectForAllocation (G1 Evacuation Pause) done
Event: 140.985 Executing safepoint VM operation: Cleanup
Event: 140.985 Executing safepoint VM operation: Cleanup done
Event: 141.991 Executing safepoint VM operation: Cleanup
Event: 141.991 Executing safepoint VM operation: Cleanup done
Event: 143.004 Executing safepoint VM operation: Cleanup
Event: 143.019 Executing safepoint VM operation: Cleanup done

Memory protections (0 events):
No events

Nmethod flushes (20 events):
Event: 89.843 Thread 0x000002322df520e0 flushing  nmethod 0x0000023217ab0b90
Event: 89.843 Thread 0x000002322df520e0 flushing  nmethod 0x0000023218339310
Event: 89.843 Thread 0x000002322df520e0 flushing  nmethod 0x0000023217c97290
Event: 89.843 Thread 0x000002322df520e0 flushing  nmethod 0x000002321809f010
Event: 89.843 Thread 0x000002322df520e0 flushing  nmethod 0x0000023217ab5590
Event: 89.843 Thread 0x000002322df520e0 flushing  nmethod 0x0000023217c42810
Event: 89.843 Thread 0x000002322df520e0 flushing  nmethod 0x0000023218236e90
Event: 89.843 Thread 0x000002322df520e0 flushing  nmethod 0x000002321866ef90
Event: 90.904 Thread 0x000002322df520e0 flushing osr nmethod 0x0000023217da5d10
Event: 90.904 Thread 0x000002322df520e0 flushing  nmethod 0x00000232182c0d10
Event: 90.904 Thread 0x000002322df520e0 flushing  nmethod 0x0000023218667b10
Event: 90.904 Thread 0x000002322df520e0 flushing  nmethod 0x0000023218668b90
Event: 90.904 Thread 0x000002322df520e0 flushing  nmethod 0x000002321888c710
Event: 90.904 Thread 0x000002322df520e0 flushing  nmethod 0x0000023217b02290
Event: 90.904 Thread 0x000002322df520e0 flushing  nmethod 0x0000023217b70c10
Event: 90.904 Thread 0x000002322df520e0 flushing  nmethod 0x0000023217cd5990
Event: 90.904 Thread 0x000002322df520e0 flushing  nmethod 0x0000023217cf8990
Event: 90.904 Thread 0x000002322df520e0 flushing  nmethod 0x00000232185f3c90
Event: 90.904 Thread 0x000002322df520e0 flushing  nmethod 0x00000232182e7890
Event: 90.904 Thread 0x000002322df520e0 flushing  nmethod 0x0000023218519210

Events (20 events):
Event: 12.373 Thread 0x0000023233e7cc80 Thread added: 0x0000023235e5eb40
Event: 12.388 Thread 0x0000023233e7cc80 Thread added: 0x0000023235e64090
Event: 18.062 Thread 0x0000023233e7cc80 Thread added: 0x0000023235e5f860
Event: 18.062 Thread 0x0000023233e7cc80 Thread added: 0x0000023235e62ce0
Event: 18.063 Thread 0x0000023233e7cc80 Thread added: 0x0000023235e64720
Event: 18.064 Thread 0x0000023233e7cc80 Thread added: 0x0000023235e61930
Event: 19.882 Thread 0x0000023233e7cc80 Thread added: 0x0000023235e64db0
Event: 19.998 Thread 0x0000023233e7cc80 Thread added: 0x0000023235e612a0
Event: 21.285 Thread 0x0000023233e7cc80 Thread added: 0x0000023235e61fc0
Event: 21.599 Thread 0x0000023233e7cc80 Thread added: 0x0000023235e5de20
Event: 32.004 Thread 0x0000023233e7cc80 Thread added: 0x0000023235e5f1d0
Event: 32.007 Thread 0x0000023233e7cc80 Thread added: 0x0000023235e60c10
Event: 34.449 Thread 0x0000023233e7cc80 Thread added: 0x00000232353ff9b0
Event: 34.450 Thread 0x0000023233e7cc80 Thread added: 0x0000023235401a80
Event: 56.323 Thread 0x0000023233e7cc80 Thread added: 0x00000232354013f0
Event: 56.324 Thread 0x0000023233e7cc80 Thread added: 0x0000023235400040
Event: 56.326 Thread 0x0000023233e7cc80 Thread added: 0x00000232354006d0
Event: 57.464 Thread 0x0000023233e7cc80 Thread added: 0x00000232353fec90
Event: 57.465 Thread 0x0000023233e7cc80 Thread added: 0x00000232353ff320
Event: 57.466 Thread 0x0000023233e7cc80 Thread added: 0x0000023236fe8f00


Dynamic libraries:
0x00007ff600910000 - 0x00007ff60091a000 	F:\Applications\ANDROID STUDIO\jbr\bin\java.exe
0x00007ffc74790000 - 0x00007ffc74988000 	C:\WINDOWS\SYSTEM32\ntdll.dll
0x00007ffc72f90000 - 0x00007ffc73052000 	C:\WINDOWS\System32\KERNEL32.DLL
0x00007ffc72010000 - 0x00007ffc72306000 	C:\WINDOWS\System32\KERNELBASE.dll
0x00007ffc723f0000 - 0x00007ffc724f0000 	C:\WINDOWS\System32\ucrtbase.dll
0x00007ffc53f70000 - 0x00007ffc53f8b000 	F:\Applications\ANDROID STUDIO\jbr\bin\VCRUNTIME140.dll
0x00007ffc5d5e0000 - 0x00007ffc5d5f8000 	F:\Applications\ANDROID STUDIO\jbr\bin\jli.dll
0x00007ffc72d80000 - 0x00007ffc72f21000 	C:\WINDOWS\System32\USER32.dll
0x00007ffc65230000 - 0x00007ffc654cb000 	C:\WINDOWS\WinSxS\amd64_microsoft.windows.common-controls_6595b64144ccf1df_6.0.19041.6456_none_60b8a6cb71f64256\COMCTL32.dll
0x00007ffc71e20000 - 0x00007ffc71e42000 	C:\WINDOWS\System32\win32u.dll
0x00007ffc74560000 - 0x00007ffc745fe000 	C:\WINDOWS\System32\msvcrt.dll
0x00007ffc732a0000 - 0x00007ffc732cb000 	C:\WINDOWS\System32\GDI32.dll
0x00007ffc71ef0000 - 0x00007ffc72009000 	C:\WINDOWS\System32\gdi32full.dll
0x00007ffc71e50000 - 0x00007ffc71eed000 	C:\WINDOWS\System32\msvcp_win.dll
0x00007ffc74470000 - 0x00007ffc7449f000 	C:\WINDOWS\System32\IMM32.DLL
0x00007ffc60320000 - 0x00007ffc60412000 	C:\Program Files\Windhawk\Engine\1.7.3\64\windhawk.dll
0x00007ffc744a0000 - 0x00007ffc74551000 	C:\WINDOWS\System32\ADVAPI32.dll
0x00007ffc73e40000 - 0x00007ffc73edf000 	C:\WINDOWS\System32\sechost.dll
0x00007ffc73120000 - 0x00007ffc73240000 	C:\WINDOWS\System32\RPCRT4.dll
0x00007ffc72650000 - 0x00007ffc72677000 	C:\WINDOWS\System32\bcrypt.dll
0x00007ffc5ff40000 - 0x00007ffc5ff6b000 	C:\ProgramData\Windhawk\Engine\Mods\64\explorer-details-better-file-sizes_1.5.1_564725.dll
0x00007ffc73b60000 - 0x00007ffc73c8b000 	C:\WINDOWS\System32\ole32.dll
0x00007ffc72940000 - 0x00007ffc72c94000 	C:\WINDOWS\System32\combase.dll
0x00007ffc74600000 - 0x00007ffc746cd000 	C:\WINDOWS\System32\OLEAUT32.dll
0x00007ffc73380000 - 0x00007ffc73af0000 	C:\WINDOWS\System32\SHELL32.dll
0x00007ffc5fd90000 - 0x00007ffc5ff39000 	C:\ProgramData\Windhawk\Engine\Mods\64\libc++.whl
0x00007ffc6e7f0000 - 0x00007ffc6e8e4000 	C:\WINDOWS\SYSTEM32\PROPSYS.dll
0x00007ffc5fd50000 - 0x00007ffc5fd8a000 	C:\ProgramData\Windhawk\Engine\Mods\64\libunwind.whl
0x00007ffc63af0000 - 0x00007ffc63afc000 	F:\Applications\ANDROID STUDIO\jbr\bin\vcruntime140_1.dll
0x00007ffc13e90000 - 0x00007ffc13f1d000 	F:\Applications\ANDROID STUDIO\jbr\bin\msvcp140.dll
0x00007ffc122f0000 - 0x00007ffc12f86000 	F:\Applications\ANDROID STUDIO\jbr\bin\server\jvm.dll
0x00007ffc73af0000 - 0x00007ffc73b5b000 	C:\WINDOWS\System32\WS2_32.dll
0x00007ffc71830000 - 0x00007ffc7187b000 	C:\WINDOWS\SYSTEM32\POWRPROF.dll
0x00007ffc68140000 - 0x00007ffc68167000 	C:\WINDOWS\SYSTEM32\WINMM.dll
0x00007ffc6a450000 - 0x00007ffc6a45a000 	C:\WINDOWS\SYSTEM32\VERSION.dll
0x00007ffc717e0000 - 0x00007ffc717f2000 	C:\WINDOWS\SYSTEM32\UMPDC.dll
0x00007ffc6fc90000 - 0x00007ffc6fca2000 	C:\WINDOWS\SYSTEM32\kernel.appcore.dll
0x00007ffc63ab0000 - 0x00007ffc63aba000 	F:\Applications\ANDROID STUDIO\jbr\bin\jimage.dll
0x00007ffc5c7b0000 - 0x00007ffc5c9b1000 	C:\WINDOWS\SYSTEM32\DBGHELP.DLL
0x00007ffc5c770000 - 0x00007ffc5c7a4000 	C:\WINDOWS\SYSTEM32\dbgcore.DLL
0x00007ffc72360000 - 0x00007ffc723e2000 	C:\WINDOWS\System32\bcryptPrimitives.dll
0x00007ffc5d880000 - 0x00007ffc5d88e000 	F:\Applications\ANDROID STUDIO\jbr\bin\instrument.dll
0x00007ffc53f50000 - 0x00007ffc53f70000 	F:\Applications\ANDROID STUDIO\jbr\bin\java.dll
0x00007ffc49890000 - 0x00007ffc498a8000 	F:\Applications\ANDROID STUDIO\jbr\bin\zip.dll
0x00007ffc6fe90000 - 0x00007ffc70635000 	C:\WINDOWS\SYSTEM32\windows.storage.dll
0x00007ffc71800000 - 0x00007ffc7182b000 	C:\WINDOWS\System32\Wldp.dll
0x00007ffc732d0000 - 0x00007ffc7337d000 	C:\WINDOWS\System32\SHCORE.dll
0x00007ffc72f30000 - 0x00007ffc72f8b000 	C:\WINDOWS\System32\shlwapi.dll
0x00007ffc71d50000 - 0x00007ffc71d74000 	C:\WINDOWS\SYSTEM32\profapi.dll
0x00007ffc60850000 - 0x00007ffc60860000 	F:\Applications\ANDROID STUDIO\jbr\bin\net.dll
0x00007ffc6bb70000 - 0x00007ffc6bc7a000 	C:\WINDOWS\SYSTEM32\WINHTTP.dll
0x00007ffc71540000 - 0x00007ffc715aa000 	C:\WINDOWS\system32\mswsock.dll
0x00007ffc49870000 - 0x00007ffc49886000 	F:\Applications\ANDROID STUDIO\jbr\bin\nio.dll
0x00007ffc52750000 - 0x00007ffc52760000 	F:\Applications\ANDROID STUDIO\jbr\bin\verify.dll
0x00007ffc5d830000 - 0x00007ffc5d857000 	C:\Users\AKUMA\.gradle\native\660c5614fbf4a5f2a75b1949f50a0caf5cd603558e7d8a26e50b933a0cfb79d1\windows-amd64\native-platform.dll
0x00007ffc13e10000 - 0x00007ffc13e87000 	C:\Users\AKUMA\.gradle\native\0.2.8\x86_64-windows-gnu\gradle-fileevents.dll
0x00007ffc54070000 - 0x00007ffc54079000 	F:\Applications\ANDROID STUDIO\jbr\bin\management.dll
0x00007ffc53f40000 - 0x00007ffc53f4b000 	F:\Applications\ANDROID STUDIO\jbr\bin\management_ext.dll
0x00007ffc72d70000 - 0x00007ffc72d78000 	C:\WINDOWS\System32\PSAPI.DLL
0x00007ffc711b0000 - 0x00007ffc711eb000 	C:\WINDOWS\SYSTEM32\IPHLPAPI.DLL
0x00007ffc72d60000 - 0x00007ffc72d68000 	C:\WINDOWS\System32\NSI.dll
0x00007ffc55930000 - 0x00007ffc55939000 	F:\Applications\ANDROID STUDIO\jbr\bin\extnet.dll
0x00007ffc71740000 - 0x00007ffc71758000 	C:\WINDOWS\SYSTEM32\CRYPTSP.dll
0x00007ffc70df0000 - 0x00007ffc70e28000 	C:\WINDOWS\system32\rsaenh.dll
0x00007ffc71cd0000 - 0x00007ffc71cfe000 	C:\WINDOWS\SYSTEM32\USERENV.dll
0x00007ffc71730000 - 0x00007ffc7173c000 	C:\WINDOWS\SYSTEM32\CRYPTBASE.dll
0x00007ffc5a070000 - 0x00007ffc5a077000 	C:\WINDOWS\system32\wshunix.dll

JVMTI agents:
C:\Users\AKUMA\.gradle\wrapper\dists\gradle-9.3.1-bin\23ovyewtku6u96viwx3xl3oks\gradle-9.3.1\lib\agents\gradle-instrumentation-agent-9.3.1.jar path:F:\Applications\ANDROID STUDIO\jbr\bin\instrument.dll, loaded, initialized, instrumentlib options:none

dbghelp: loaded successfully - version: 4.0.5 - missing functions: none
symbol engine: initialized successfully - sym options: 0x614 - pdb path: .;F:\Applications\ANDROID STUDIO\jbr\bin;C:\WINDOWS\SYSTEM32;C:\WINDOWS\WinSxS\amd64_microsoft.windows.common-controls_6595b64144ccf1df_6.0.19041.6456_none_60b8a6cb71f64256;C:\Program Files\Windhawk\Engine\1.7.3\64;C:\ProgramData\Windhawk\Engine\Mods\64;F:\Applications\ANDROID STUDIO\jbr\bin\server;C:\Users\AKUMA\.gradle\native\660c5614fbf4a5f2a75b1949f50a0caf5cd603558e7d8a26e50b933a0cfb79d1\windows-amd64;C:\Users\AKUMA\.gradle\native\0.2.8\x86_64-windows-gnu

VM Arguments:
jvm_args: --add-opens=java.base/java.lang=ALL-UNNAMED --add-opens=java.base/java.lang.invoke=ALL-UNNAMED --add-opens=java.base/java.util=ALL-UNNAMED --add-opens=java.prefs/java.util.prefs=ALL-UNNAMED --add-exports=jdk.compiler/com.sun.tools.javac.api=ALL-UNNAMED --add-exports=jdk.compiler/com.sun.tools.javac.util=ALL-UNNAMED --add-opens=java.base/java.util=ALL-UNNAMED --add-opens=java.prefs/java.util.prefs=ALL-UNNAMED --add-opens=java.base/java.nio.charset=ALL-UNNAMED --add-opens=java.base/java.net=ALL-UNNAMED --add-opens=java.base/java.util.concurrent=ALL-UNNAMED --add-opens=java.base/java.util.concurrent.atomic=ALL-UNNAMED --add-opens=java.xml/javax.xml.namespace=ALL-UNNAMED --add-opens=java.base/java.time=ALL-UNNAMED -Xmx4g -Dfile.encoding=UTF-8 -Duser.country=US -Duser.language=en -Duser.variant -javaagent:C:\Users\AKUMA\.gradle\wrapper\dists\gradle-9.3.1-bin\23ovyewtku6u96viwx3xl3oks\gradle-9.3.1\lib\agents\gradle-instrumentation-agent-9.3.1.jar 
java_command: org.gradle.launcher.daemon.bootstrap.GradleDaemon 9.3.1
java_class_path (initial): C:\Users\AKUMA\.gradle\wrapper\dists\gradle-9.3.1-bin\23ovyewtku6u96viwx3xl3oks\gradle-9.3.1\lib\gradle-daemon-main-9.3.1.jar
Launcher Type: SUN_STANDARD

[Global flags]
     intx CICompilerCount                          = 3                                         {product} {ergonomic}
     uint ConcGCThreads                            = 1                                         {product} {ergonomic}
     uint G1ConcRefinementThreads                  = 4                                         {product} {ergonomic}
   size_t G1HeapRegionSize                         = 2097152                                   {product} {ergonomic}
    uintx GCDrainStackTargetSize                   = 64                                        {product} {ergonomic}
   size_t InitialHeapSize                          = 67108864                                  {product} {ergonomic}
   size_t MarkStackSize                            = 4194304                                   {product} {ergonomic}
   size_t MaxHeapSize                              = 4294967296                                {product} {command line}
   size_t MaxNewSize                               = 2575302656                                {product} {ergonomic}
   size_t MinHeapDeltaBytes                        = 2097152                                   {product} {ergonomic}
   size_t MinHeapSize                              = 8388608                                   {product} {ergonomic}
    uintx NonNMethodCodeHeapSize                   = 5832780                                {pd product} {ergonomic}
    uintx NonProfiledCodeHeapSize                  = 122912730                              {pd product} {ergonomic}
    uintx ProfiledCodeHeapSize                     = 122912730                              {pd product} {ergonomic}
    uintx ReservedCodeCacheSize                    = 251658240                              {pd product} {ergonomic}
     bool SegmentedCodeCache                       = true                                      {product} {ergonomic}
   size_t SoftMaxHeapSize                          = 4294967296                             {manageable} {ergonomic}
     bool UseCompressedOops                        = true                           {product lp64_product} {ergonomic}
     bool UseG1GC                                  = true                                      {product} {ergonomic}
     bool UseLargePagesIndividualAllocation        = false                                  {pd product} {ergonomic}

Logging:
Log output configuration:
 #0: stdout all=warning uptime,level,tags foldmultilines=false
 #1: stderr all=off uptime,level,tags foldmultilines=false

Release file:
JAVA_VERSION="21.0.10" 
MODULES="java.base java.compiler java.datatransfer java.xml java.prefs java.desktop java.instrument java.logging java.management java.security.sasl java.naming java.rmi java.management.rmi java.net.http java.scripting java.security.jgss java.transaction.xa java.sql java.sql.rowset java.xml.crypto java.se java.smartcardio jdk.accessibility jdk.internal.jvmstat jdk.attach jdk.charsets jdk.internal.opt jdk.zipfs jdk.compiler jdk.crypto.ec jdk.crypto.cryptoki jdk.dynalink jdk.hotspot.agent jdk.httpserver jdk.internal.ed jdk.internal.le jdk.internal.vm.ci jdk.jartool jdk.javadoc jdk.jcmd jdk.jdeps jdk.jdwp.agent jdk.jdi jdk.jfr jdk.jlink jdk.jsobject jdk.localedata jdk.management jdk.management.agent jdk.management.jfr jdk.naming.dns jdk.naming.rmi jdk.net jdk.sctp jdk.security.auth jdk.security.jgss jdk.unsupported jdk.unsupported.desktop jdk.xml.dom" 
IMPLEMENTOR="JetBrains s.r.o." 
JAVA_RUNTIME_VERSION="21.0.10+-14961533-b1163.108" 
LIBC="default" 
OS_ARCH="x86_64" 
OS_NAME="Windows" 
SOURCE=".:git:1351622c2ff2" 

Environment Variables:
PATH=C:\Program Files (x86)\Common Files\Intel\Shared Libraries\redist\intel64\compiler;C:\WINDOWS\system32;C:\WINDOWS;C:\WINDOWS\System32\Wbem;C:\WINDOWS\System32\WindowsPowerShell\v1.0\;C:\WINDOWS\System32\OpenSSH\;C:\Program Files\dotnet\;C:\Program Files (x86)\NVIDIA Corporation\PhysX\Common;C:\Program Files\Git\cmd;C:\Program Files\nodejs\;C:\Users\AKUMA\.cargo\bin;C:\Users\AKUMA\AppData\Local\Programs\Python\Python311\Scripts\;C:\Users\AKUMA\AppData\Local\Programs\Python\Python311\;C:\Users\AKUMA\AppData\Local\Microsoft\WindowsApps;D:\New folder\Microsoft VS Code\bin;C:\Users\AKUMA\AppData\Roaming\npm;C:\Users\AKUMA\AppData\Local\GitHubDesktop\bin
USERNAME=AKUMA
OS=Windows_NT
PROCESSOR_IDENTIFIER=Intel64 Family 6 Model 58 Stepping 9, GenuineIntel
TMP=C:\Users\AKUMA\AppData\Local\Temp
TEMP=C:\Users\AKUMA\AppData\Local\Temp




Periodic native trim disabled

JNI global refs:
JNI global refs: 28, weak refs: 28

JNI global refs memory usage: 835, weak refs: 833

Process memory usage:
Resident Set Size: 497888K (12% of 4094264K total physical memory with 211732K free physical memory)

OOME stack traces (most recent first):
Classloader memory used:
Loader org.gradle.internal.classloader.VisitableURLClassLoader                         : 41715K
Loader bootstrap                                                                       : 22889K
Loader org.gradle.initialization.MixInLegacyTypesClassLoader                           : 6844K
Loader org.gradle.internal.classloader.VisitableURLClassLoader                         : 750K
Loader org.gradle.internal.classloader.VisitableURLClassLoader$InstrumentingVisitableURLClassLoader: 587K
Loader jdk.internal.loader.ClassLoaders$PlatformClassLoader                            : 409K
Loader jdk.internal.loader.ClassLoaders$AppClassLoader                                 : 229K
Loader jdk.internal.reflect.DelegatingClassLoader                                      : 192K
Loader org.gradle.groovy.scripts.internal.DefaultScriptCompilationHandler$ScriptClassLoader: 92368B

Classes loaded by more than one classloader:
Class org.gradle.internal.IoActions                                                   : loaded 3 times (x 71B)
Class org.gradle.api.Action                                                           : loaded 3 times (x 70B)
Class org.gradle.api.GradleException                                                  : loaded 3 times (x 82B)
Class org.gradle.api.internal.classpath.ManifestUtil                                  : loaded 2 times (x 71B)
Class com.google.common.collect.UnmodifiableListIterator                              : loaded 2 times (x 95B)
Class ijInit1_f2ot52frs2uc2cb4h7tldgke8$_run_closure1                                 : loaded 2 times (x 140B)
Class org.gradle.internal.operations.MultipleBuildOperationFailures                   : loaded 2 times (x 95B)
Class org.gradle.internal.classloader.DefaultClassLoaderFactory                       : loaded 2 times (x 82B)
Class kotlin.collections.AbstractList$Companion                                       : loaded 2 times (x 71B)
Class org.gradle.internal.classloader.ClassLoaderVisitor                              : loaded 2 times (x 76B)
Class org.gradle.api.internal.classpath.EffectiveClassPath                            : loaded 2 times (x 90B)
Class sync_studio_tooling5_j25f1ome3iiwwt91z5fbm4gf                                   : loaded 2 times (x 171B)
Class org.gradle.api.internal.DefaultClassPathProvider                                : loaded 2 times (x 76B)
Class [Lorg.gradle.api.internal.ClassPathProvider;                                    : loaded 2 times (x 69B)
Class org.gradle.api.internal.ClassPathProvider                                       : loaded 2 times (x 70B)
Class org.gradle.internal.service.UnknownServiceException                             : loaded 2 times (x 83B)
Class org.gradle.internal.classpath.TransformedClassPath                              : loaded 2 times (x 96B)
Class org.gradle.internal.classloader.InstrumentingClassLoader                        : loaded 2 times (x 70B)
Class com.google.common.collect.Iterators$ArrayItr                                    : loaded 2 times (x 97B)
Class kotlin.enums.EnumEntriesList                                                    : loaded 2 times (x 223B)
Class com.google.common.collect.UnmodifiableIterator                                  : loaded 2 times (x 80B)
Class org.gradle.internal.service.ServiceLocator                                      : loaded 2 times (x 70B)
Class com.google.common.collect.Iterators$SingletonIterator                           : loaded 2 times (x 81B)
Class com.google.common.collect.Iterators                                             : loaded 2 times (x 71B)
Class com.google.common.collect.Lists$StringAsImmutableList                           : loaded 2 times (x 207B)
Class org.gradle.internal.time.DefaultTimer                                           : loaded 2 times (x 80B)
Class org.gradle.internal.classloader.ClasspathUtil$1                                 : loaded 2 times (x 76B)
Class org.gradle.api.internal.classpath.DefaultModuleRegistry$DefaultModule           : loaded 2 times (x 86B)
Class com.google.common.collect.AbstractIterator                                      : loaded 2 times (x 82B)
Class com.google.common.collect.AbstractIndexedListIterator                           : loaded 2 times (x 96B)
Class org.gradle.internal.time.DefaultCountdownTimer                                  : loaded 2 times (x 88B)
Class org.gradle.api.internal.classpath.Module                                        : loaded 2 times (x 70B)
Class org.gradle.api.internal.classpath.UnknownModuleException                        : loaded 2 times (x 82B)
Class org.gradle.api.internal.DefaultClassPathRegistry                                : loaded 2 times (x 76B)
Class org.gradle.api.internal.ClassPathRegistry                                       : loaded 2 times (x 70B)
Class org.gradle.internal.classpath.DefaultClassPath$ImmutableUniqueList              : loaded 2 times (x 199B)
Class org.gradle.internal.classloader.ClassLoaderHierarchy                            : loaded 2 times (x 70B)
Class com.google.common.collect.Iterators$1                                           : loaded 2 times (x 81B)
Class kotlin.UninitializedPropertyAccessException                                     : loaded 2 times (x 82B)
Class com.google.common.collect.Iterators$4                                           : loaded 2 times (x 82B)
Class org.gradle.api.internal.classpath.ModuleRegistry                                : loaded 2 times (x 70B)
Class org.gradle.internal.installation.GradleInstallation$1                           : loaded 2 times (x 75B)
Class com.google.common.collect.Iterators$5                                           : loaded 2 times (x 82B)
Class com.google.common.collect.ImmutableCollection                                   : loaded 2 times (x 125B)
Class org.gradle.api.internal.classpath.DefaultModuleRegistry                         : loaded 2 times (x 86B)
Class com.google.common.collect.Lists                                                 : loaded 2 times (x 71B)
Class com.google.common.collect.Iterators$9                                           : loaded 2 times (x 81B)
Class org.gradle.internal.time.MonotonicClock                                         : loaded 2 times (x 77B)
Class org.gradle.internal.service.ServiceLookupException                              : loaded 2 times (x 82B)
Class org.gradle.internal.classloader.ClassLoaderFactory                              : loaded 2 times (x 70B)
Class org.gradle.internal.service.CachingServiceLocator                               : loaded 2 times (x 82B)
Class org.gradle.internal.time.TimeSource                                             : loaded 2 times (x 70B)
Class kotlin.enums.EnumEntries                                                        : loaded 2 times (x 70B)
Class org.gradle.internal.exceptions.ResolutionProvider                               : loaded 2 times (x 70B)
Class org.gradle.internal.classloader.ClasspathUtil                                   : loaded 2 times (x 71B)
Class org.gradle.internal.time.TimeSource$1                                           : loaded 2 times (x 77B)
Class kotlin.jvm.internal.DefaultConstructorMarker                                    : loaded 2 times (x 71B)
Class org.gradle.api.specs.Spec                                                       : loaded 2 times (x 70B)
Class org.gradle.internal.time.Clock                                                  : loaded 2 times (x 70B)
Class kotlin.collections.AbstractList                                                 : loaded 2 times (x 197B)
Class kotlin.collections.AbstractCollection                                           : loaded 2 times (x 117B)
Class ijInit1_f2ot52frs2uc2cb4h7tldgke8                                               : loaded 2 times (x 171B)
Class org.gradle.internal.classloader.VisitableURLClassLoader$InstrumentingVisitableURLClassLoader: loaded 2 times (x 123B)
Class org.gradle.internal.classloader.VisitableURLClassLoader$Spec                    : loaded 2 times (x 74B)
Class org.gradle.internal.classpath.DefaultClassPath                                  : loaded 2 times (x 90B)
Class org.gradle.util.internal.DefaultGradleVersion                                   : loaded 2 times (x 82B)
Class org.gradle.internal.classloader.ClassLoaderSpec                                 : loaded 2 times (x 71B)
Class sync_studio_tooling5_j25f1ome3iiwwt91z5fbm4gf$_run_closure1                     : loaded 2 times (x 139B)
Class org.gradle.internal.classloader.VisitableURLClassLoader                         : loaded 2 times (x 117B)
Class org.gradle.internal.classloader.FilteringClassLoader                            : loaded 2 times (x 105B)
Class org.gradle.internal.Cast                                                        : loaded 2 times (x 71B)
Class org.gradle.internal.classpath.DefaultClassPath$ImmutableUniqueList$Builder      : loaded 2 times (x 75B)
Class org.gradle.internal.classpath.ClassPath                                         : loaded 2 times (x 70B)
Class org.gradle.internal.exceptions.NonGradleCauseExceptionsHolder                   : loaded 2 times (x 70B)
Class kotlin.NotImplementedError                                                      : loaded 2 times (x 82B)
Class kotlin.enums.EnumEntriesKt                                                      : loaded 2 times (x 71B)
Class org.gradle.internal.classloader.SystemClassLoaderSpec                           : loaded 2 times (x 71B)
Class org.gradle.internal.exceptions.MultiCauseException                              : loaded 2 times (x 70B)
Class org.gradle.internal.time.CountdownTimer                                         : loaded 2 times (x 70B)
Class kotlin.jvm.internal.Intrinsics                                                  : loaded 2 times (x 71B)
Class org.gradle.tooling.model.ProjectModel                                           : loaded 2 times (x 70B)
Class kotlin.KotlinNullPointerException                                               : loaded 2 times (x 83B)
Class org.gradle.internal.exceptions.DefaultMultiCauseException                       : loaded 2 times (x 95B)
Class com.google.common.base.Preconditions                                            : loaded 2 times (x 71B)
Class com.google.common.collect.PeekingIterator                                       : loaded 2 times (x 70B)
Class org.gradle.internal.time.Time                                                   : loaded 2 times (x 71B)
Class org.gradle.api.internal.classpath.GlobalCacheRootsProvider                      : loaded 2 times (x 70B)
Class kotlin.NoWhenBranchMatchedException                                             : loaded 2 times (x 82B)
Class org.gradle.internal.time.Timer                                                  : loaded 2 times (x 70B)
Class kotlin.jvm.internal.markers.KMappedMarker                                       : loaded 2 times (x 70B)
Class org.gradle.internal.installation.CurrentGradleInstallationLocator               : loaded 2 times (x 71B)
Class com.google.common.collect.ImmutableList                                         : loaded 2 times (x 206B)
Class org.gradle.internal.service.DefaultServiceLocator                               : loaded 2 times (x 83B)
Class org.gradle.util.GradleVersion                                                   : loaded 2 times (x 81B)
Class org.gradle.internal.installation.CurrentGradleInstallation                      : loaded 2 times (x 73B)
Class org.gradle.util.internal.GUtil                                                  : loaded 2 times (x 71B)
Class com.google.common.collect.Iterators$MergingIterator                             : loaded 2 times (x 81B)
Class org.gradle.internal.installation.GradleInstallation                             : loaded 2 times (x 75B)

---------------  S Y S T E M  ---------------

OS:
 Windows 10 , 64 bit Build 19041 (10.0.19041.5915)
OS uptime: 0 days 18:34 hours

CPU: total 4 (initial active 4) (2 cores per cpu, 2 threads per core) family 6 model 58 stepping 9 microcode 0x21, cx8, cmov, fxsr, ht, mmx, sse, sse2, sse3, ssse3, sse4.1, sse4.2, popcnt, tsc, tscinvbit, avx, aes, erms, clmul, vzeroupper, clflush, rdtscp, f16c
Processor Information for the first 4 processors :
  Max Mhz: 1701, Current Mhz: 1701, Mhz Limit: 1701

Memory: 4k page, system-wide physical 3998M (176M free)
TotalPageFile size 8094M (AvailPageFile size 0M)
current process WorkingSet (physical memory assigned to process): 499M, peak: 610M
current process commit charge ("private bytes"): 842M, peak: 851M

vm_info: OpenJDK 64-Bit Server VM (21.0.10+-14961533-b1163.108) for windows-amd64 JRE (21.0.10+-14961533-b1163.108), built on 2026-03-02T19:58:50Z by "builder" with MS VC++ 16.10 / 16.11 (VS2019)

END.
